model_name,category,url,specifications,features_summary,image_url
ATX-Q670B,Industrial Motherboards,https://www.gigaipc.com/en/products-detail/ATX-Q670B/,"{'Form Factor': ['ATX', '305W x 244D (mm)'], 'CPU': ['Support for 14th/13th/12th Generation', 'Intel® Core™ i9/i7/i5/i3, Pentium® & Celeron® processors in the LGA1700 package', 'TDP under 125W'], 'Socket': ['1 x LGA 1700'], 'Chipset': ['Intel® Q670 Chipset'], 'Memory': ['4 x DDR5 DIMM sockets, Max. Capacity 128 GB', 'Support Dual channel DDR5 4800 MHz memory modules'], 'Ethernet': ['2 x 2.5GbE LAN Ports (Intel® I226V & I226LM)'], 'Video': ['Integrated Graphics Processor – depends on CPU:', '2 x HDMI 2.0 port, supporting a maximum resolution of 4096x2160 @60Hz', '1 x DP port, supporting a maximum resolution of 4096x2160 @60Hz', '1 x D-sub port, supporting a maximum resolution of 1920x1080 @60Hz', '(4 independent display outputs)'], 'Audio': ['Realtek® ALC897'], 'Storage': ['4 x SATA 6Gb/s Ports'], 'RAID': ['RAID 0/1/5/10'], 'Expansion Slots': ['1 x PCIe x16 (Gen 4x16)(PCIEX16_1)', '* The PCIEX16_1 slot shares bandwidth with the PCIEX16_2 slot.', '* The PCIEX16_1 slot operates at up to x8 mode when a device is installed in the PCIEX16_2 slot.', '1 x PCIe x16 (Gen 4x8)(PCIEX16_2)', '2 x PCIe x4 (Gen 3x4)', '3 x PCIe x1 (Gen 3x1)', '1 x 2280/2242 M.2 M-Key (PCIe Gen4x4, SATA 6Gb/s)(M2M_1)', '1 x 2280/2242 M.2 M-Key (PCIe Gen4x4)(M2M_2)', '1 x 2230 M.2 E-Key'], 'Internal I/O': ['1 x 24-pin ATX main power connector', '1 x 8-pin ATX 12V power connector', '1 x CPU fan header', '2 x System fan headers', '1 x Front panel header', '1 x Front panel audio header', '4 x USB 2.0 headers', '2 x USB 3.2 Gen 1 headers', '1 x COM header (RS-232/422/485 & RI/5V/12V)', '4 x COM headers (RS-232)', '1 x GPIO (8 bits) & SMBus header', '1 x Clear CMOS jumper', '1 x Buzzer', '1 x AT/ATX mode select jumper'], 'Rear l/O': ['3 x Audio Jacks (Line in, Line out, Mic in)', '1 x COM Port (RS-232/422/485 & RI/5V/12V)', '2 x HDMI', '1 x Display Port', '1 x VGA', '2 x RJ45 LAN Ports', '4 x USB 3.2 Gen 1'], 'TPM': ['Onboard TPM 2.0 security chip', 'INFINEON SLB9670VQ2.0'], 'OS Compatibility': ['Windows 10/11 (x64)'], 'Operating Properties': ['Operating temperature: 0°C to 60°C', 'Operating humidity: 0-90% (non-condensing)', 'Non-operating temperature: -40°C to 85°C', 'Non-operating humidity: 0%-95% (non-condensing)'], 'Packing Content': ['Carton size: 679 x 430 x 399 (mm)', 'Packing Capacity: 10pcs', 'Single Box size: 360 x 330 x 80 (mm)', 'Including:', 'IO Shield x 1 (P/N: 12AIO-MQ670A-00R)', 'SATA Cable x 2 (P/N: 12CF1-2SAT1B-01R)'], 'Order Information': ['9MQ670BXMR-SI (Box packing)'], 'Optional Kit': ['CPU Cooler : 12SF1-SK1700-01R (For CPU TDP 125W, Push-pin type)', 'CPU Cooler : 25ST0-037820-Y0R (For CPU TDP 65W)', 'CPU Cooler Backplate : 12KRH-0A1700-00R (Used with P/N: 25ST0-037820-Y0R)', 'VR Heatsink : 12SP2-090027-00R (Suggest to be used if CPU real power is over 100W)']}","{'ATX form factor', 'Intel® Q670 Chipset', '2 x 2.5GbE LAN Ports', '4 x SATA 6Gb/s Ports', 'Up to 7 x PCIe expansion slots', '10 x USB Ports', 'Support 14th/13th/12th Generation Intel® Core™ Processors', '4 x COM Ports (RS-232)', '2 x COM Ports (RS-232/422/485 & RI/5V/12V)', 'ATX with Intel® Q670 Chipset, support 14th/13th/12th Generation Intel® Core™ Processors, Dual channel DDR5 memory, 6 x COM, 10 x USB, 4 x SATA 6Gb/s, up to 7 x PCIe expansion slots', 'Dual Channel DDR5, 4 x DIMMs'}",https://www.gigaipc.com/upload/catalog_list_pic/ATX-Q670A-MQ670BX-A10-Top-340x353px__24H20R7Awi.png
ATX-Q670A,Industrial Motherboards,https://www.gigaipc.com/en/products-detail/ATX-Q670A/,"{'Form Factor': ['ATX', '305W x 244D (mm)'], 'CPU': ['Support for 14th/13th/12th Generation', 'Intel® Core™ i9/i7/i5/i3, Pentium® & Celeron® processors in the LGA1700 package', 'TDP under 125W'], 'Socket': ['1 x LGA 1700'], 'Chipset': ['Intel® Q670 Chipset'], 'Memory': ['4 x DDR4 DIMM sockets, Max. Capacity 128 GB', 'Support Dual channel DDR4 3200 MHz memory modules'], 'Ethernet': ['2 x 2.5GbE LAN Ports (Intel® I226V & I226LM)'], 'Video': ['Integrated Graphics Processor – depends on CPU:', '2 x HDMI 2.0 port, supporting a maximum resolution of 4096x2160 @60Hz', '1 x DP port, supporting a maximum resolution of 4096x2160 @60Hz', '1 x D-sub port, supporting a maximum resolution of 1920x1080 @60Hz', '(4 independent display outputs)'], 'Audio': ['Realtek® ALC897'], 'Storage': ['4 x SATA 6Gb/s Ports'], 'RAID': ['RAID 0/1/5/10'], 'Expansion Slots': ['1 x PCIe x16 (Gen 4x16)(PCIEX16_1)', '* The PCIEX16_1 slot shares bandwidth with the PCIEX16_2 slot.', '* The PCIEX16_1 slot operates at up to x8 mode when a device is installed in the PCIEX16_2 slot.', '1 x PCIe x16 (Gen 4x8)(PCIEX16_2)', '3 x PCIe x4 (Gen 3x4)', '2 x PCI', '1 x 2280/2242 M.2 M-Key (PCIe Gen4x4, SATA 6Gb/s)(M2M_1)', '1 x 2280/2242 M.2 M-Key (PCIe Gen4x4)(M2M_2)', '1 x 2230 M.2 E-Key'], 'Internal I/O': ['1 x 24-pin ATX main power connector', '1 x 8-pin ATX 12V power connector', '1 x CPU fan header', '2 x System fan headers', '1 x Front panel header', '1 x Front panel audio header', '4 x USB 2.0 headers', '2 x USB 3.2 Gen 1 headers', '1 x COM header (RS-232/422/485 & RI/5V/12V)', '4 x COM headers (RS-232)', '1 x GPIO (8 bits) & SMBus header', '1 x Clear CMOS jumper', '1 x Buzzer', '1 x AT/ATX mode select jumper'], 'Rear l/O': ['3 x Audio Jacks (Line in, Line out, Mic in)', '1 x COM Port (RS-232/422/485 & RI/5V/12V)', '2 x HDMI', '1 x Display Port', '1 x VGA', '2 x RJ45 LAN Ports', '4 x USB 3.2 Gen 1'], 'TPM': ['Onboard TPM 2.0 security chip', 'INFINEON SLB9670VQ2.0'], 'OS Compatibility': ['Windows 10/11 (x64)'], 'Operating Properties': ['Operating temperature: 0°C to 60°C', 'Operating humidity: 0-90% (non-condensing)', 'Non-operating temperature: -40°C to 85°C', 'Non-operating humidity: 0%-95% (non-condensing)'], 'Packing Content': ['Carton size: 679 x 430 x 399 (mm)', 'Packing Capacity: 10pcs', 'Single Box size: 360 x 330 x 80 (mm)', 'Including:', 'IO Shield x 1 (P/N: 12AIO-MQ670A-00R)', 'SATA Cable x 2 (P/N: 12CF1-2SAT1B-01R)'], 'Order Information': ['9MQ670AXMR-SI (Box packing)'], 'Optional Kit': ['CPU Cooler : 12SF1-SK1700-01R (For CPU TDP 125W, Push-pin type)', 'CPU Cooler : 25ST0-037820-Y0R (For CPU TDP 65W)', 'CPU Cooler Backplate : 12KRH-0A1700-00R (Used with P/N: 25ST0-037820-Y0R)', 'VR Heatsink : 12SP2-090027-00R (Suggest to be used if CPU real power is over 100W)']}","{'ATX form factor', 'Intel® Q670 Chipset', '2 x 2.5GbE LAN Ports', '4 x SATA 6Gb/s Ports', 'ATX with Intel® Q670 Chipset, support 14th/13th/12th Generation Intel® Core™ Processors, Dual channel DDR4 memory, 6 x COM, 10 x USB, 4 x SATA 6Gb/s, up to 5 x PCIe expansion slots, and 2 x PCI expansion slots', '10 x USB Ports', 'Support 14th/13th/12th Generation Intel® Core™ Processors', 'Dual Channel DDR4, 4 x DIMMs', '4 x COM Ports (RS-232)', '2 x COM Ports (RS-232/422/485 & RI/5V/12V)', 'Up to 5 x PCIe expansion slots, and 2 x PCI expansion slots'}",https://www.gigaipc.com/upload/catalog_list_pic/ATX-Q670A_MQ670AX-A10-Top-340x353px__24G02dif0G.png
uATX-B650A,Industrial Motherboards,https://www.gigaipc.com/en/products-detail/uATX-B650A/,"{'Form Factor': ['Micro ATX', '244W x 244D(mm)'], 'CPU': ['Support AMD® Ryzen™ Embedded 7000/9000 Series & AMD® EPYC™ Embedded 4005 Series Processors', 'TDP under 105W'], 'Socket': ['1 x Socket AM5'], 'Chipset': ['AMD® B650'], 'Memory': ['4 x DDR5 DIMM sockets, Max Capacity 128 GB (32 GB single DIMM capacity) of system memory', 'Dual channel memory architecture', 'Support Non-ECC UDIMM memory modules', '(The CPU and memory configuration may affect the supported memory types, data rate (speed), and number of DRAM modules)'], 'Ethernet': ['1 x 2.5G LAN Port (Realtek® RTL8125B)', '1 x GbE DASH LAN Port (Realtek® RTL8111EPP)'], 'Video': ['Integrated Graphics Process - depends on CPU:', '2 x HDMI 2.1 port (TMDS), supporting a maximum resolution of 4096x2160 @60Hz', '1 x DP 1.2 port, supporting a maximum resolution of 4096x2160 @60Hz', '(3 independent display outputs)'], 'Audio': ['Realtek® ALC897', 'High Definition audio 7.1-channel'], 'Storage': ['4 x SATA 6Gb/s Ports'], 'RAID': ['RAID 0/1/10'], 'Expansion Slots': ['1 x PCIe x16 (Gen5 x16)', '1 x PCIe x16 (Gen4 x4)', '1 x PCIe x1 (Gen4 x1)', '2 x 2280 M.2 M-Key (PCIe Gen5 x4)', '1 x 2230 M.2 E-Key (PCIe x1, USB 2.0)'], 'Internal I/O': ['1 x 24-pin ATX main power connector', '1 x 8-pin ATX 12V power connector', '1 x CPU fan header', '4 x System fan headers', '1 x Front panel header', '1 x Front panel audio header', '4 x USB 3.2 Gen 1 headers (5 Gbps)', '4 x COM headers (RS-232)', '1 x Clear CMOS jumper', '1 x Buzzer'], 'Rear l/O': ['3 x Audio Jacks (Line in, Line out, Mic in)', '2 x HDMI', '1 x Display Port', '2 x RJ45 LAN Ports', '3 x USB 3.2 Gen 2x2 Type A (10 Gbps)', '1 x USB 3.2 Type C (10 Gbps)'], 'TPM': ['Onboard TPM 2.0 security chip', 'INFINEON SLB9670VQ2.0'], 'OS Compatibility': ['Windows 10 IoT Enterprise LTSC 2021, x64', 'Windows 11 IoT Enterprise, version 24H2 x64', 'Windows 11 IoT Enterprise LTSC 2024, x64', 'Windows 11 Enterprise LTSC 2024', 'Windows 11 IoT Enterprise, version 25H2, x64', 'Ubuntu 24.04.4 LTS'], 'Operating Properties': ['Operating temperature: 0°C to 60°C', 'Operating humidity: 60°C @ 20-95% (non-condensing)', 'Non-operating temperature: -40°C to 85°C', 'Non-operating humidity: 85°C @ 95% (non-condensing)'], 'Packing Content': ['Carton size: 360 x 354 x 390 (mm)', 'Packing Capacity: 5pcs', 'Single Box size: 350 x 330 x 65 (mm)', 'Including:', 'IO Shield x 1 (P/N: 12AIO-MC13NB-00R)', 'SATA Cable x 2 (P/N: 12CF1-2SAT1B-01R)'], 'Order Information': ['9MB650MMMR-SI (Box Packing)'], 'Optional Kit': ['CPU Cooler : 25ST4-300002-Y0R (For CPU TDP 105W)']}","{'Micro ATX form factor', '4 x COM Ports (RS-232)', 'Micro-ATX support AMD® Ryzen™ Embedded 7000/9000 Series & AMD® EPYC™ Embedded 4005 Series Processors, Dual channel DDR5 memory, PCIe slot , 4 x COM , 8 x USB, 4 x SATA 6Gb/s', 'Support AMD® Ryzen™ Embedded 7000/9000 Series & AMD® EPYC™ Embedded 4005 Series Processors', 'HDMI, Display Port for multiple display', '1 x 2.5GbE LAN Port', 'Support 3 x PCIe slots', '1 x GbE LAN Port, support Realtek® DASH Remote Management', 'AMD® B650', 'Dual Channel DDR5, 4 x DIMMs'}",https://www.gigaipc.com/upload/catalog_list_pic/uATX-B650A-BM650MM-A10-Top-340x353px__26I07I1j11.webp
uATX-Q870A,Industrial Motherboards,https://www.gigaipc.com/en/products-detail/uATX-Q870A/,"{'Form Factor': ['Micro ATX', '244W x 244D(mm)'], 'CPU': ['Support Intel® Core™ Ultra processors (Series 2)', 'TDP under 125W'], 'Socket': ['1 x LGA 1851'], 'Chipset': ['Intel® Q870 Chipset'], 'Memory': ['4 x DDR5 DIMM sockets, Max. Capacity 192 GB', 'Support for UDIMM: Dual Channel DDR5 5600 MHz (Non-ECC, Un-buffered)', 'Support for CUDIMM: Dual Channel DDR5 6400 MHz (Clocked Un-buffered)'], 'Ethernet': ['1 x 2.5GbE LAN Port (Intel® I226LM)', '3 x 2.5GbE LAN Ports (Intel® I226V)'], 'Video': ['Integrated Graphics Processor - depends on CPU:', '1 x HDMI 2.1 port, supporting a maximum resolution of 7680x4320 @60Hz', '1 x DP port, supporting a maximum resolution of 4096x2160 @60Hz', '1 x VGA port, supporting a maximum resolution of 1920x1080 @60Hz', '1 x LVDS port, supporting a maximum resolution of 1920x1200 @60Hz', '(4 independent display outputs)'], 'Audio': ['Realtek® ALC897'], 'Storage': ['4 x SATA 6Gb/s Ports'], 'RAID': ['RAID 0/1/5/10'], 'Expansion Slots': ['1 x PCIe x16 (Gen 5x16)(PCIEX16_1)', '* The PCIEX16_1 slot shares bandwidth with the PCIEX16_2 slot.', '* The PCIEX16_1 slot operates at up to x8 mode when a device is installed in the PCIEX16_2 slot.', '1 x PCIe x16 (Gen 5x8)(PCIEX16_2)', '1 x PCIe x1 (Gen 4x1)', '1 x PCIe x4 (Gen 4x4)', '1 x 2280/2242 M.2 M-Key (PCIe Gen 4x4, NVME)', '1 x 2230 M.2 E-Key'], 'Internal I/O': ['1 x 24-pin ATX main power connector', '1 x 8-pin ATX 12V power connector', '1 x CPU fan header', '2 x System fan headers', '1 x Front panel header', '1 x Front panel audio header', '1 x Speaker header', '1 x VGA header', '1 x Backlight Control header', '4 x USB 2.0 headers', '2 x COM headers (RS-232/422/485 & RI/5V/12V)', '2 x COM headers (RS-232)', '1 x GPIO (8 bits) & SMBus header', '1 x Clear CMOS jumper', '1 x AT/ATX mode select jumper'], 'Rear l/O': ['1 x HDMI', '1 x Display Port', '4 x RJ45 LAN Ports', '8 x USB 3.2 Gen 2x1', '4 x USB 2.0'], 'TPM': ['Onboard TPM 2.0 security chip', 'INFINEON SLB9670VQ2.0'], 'OS Compatibility': ['Windows 10 Enterprise 64bits_22H2', 'Windows 11 Enterprise 64bits_24H2', 'Windows 11 Enterprise 64bits_23H2', 'Windows 11 IoT Enterprise LTSC 2024 24H2 (64bits)'], 'Operating Properties': ['Operating temperature: 0°C to 60°C', 'Operating humidity: 60°C @ 20-95% (non-condensing)', 'Non-operating temperature: -40°C to 85°C', 'Non-operating humidity: 85°C @ 95% (non-condensing)'], 'Packing Content': ['Carton size: 360 x 354 x 390 (mm)', 'Packing Capacity: 5pcs', 'Single Box size: 350 x 330 x 65 (mm)', 'Single Box weight: Approx. 0.65kg', 'Including:', 'IO Shield x 1 (P/N: 12AIO-MQ47EA-00R)', 'SATA Cable x 2 (P/N: 12CF1-2SAT1B-01R)'], 'Order Information': ['9MQ870AMMR-SI (Box packing)'], 'Optional Kit': ['CPU Cooler : 25ST0-0Z9224-Y0R (For CPU TDP 125W)', 'VR Heatsink : 12SP2-090027-00R (Suggest to be used if CPU real power is over 100W)']}","{'Support Intel® Core™ Ultra processors (Series 2)', '2 x COM Port (RS-232/422/485 & RI/5V/12V)', 'Micro ATX form factor', 'Micro-ATX with Intel® Q870 Chipset, support Intel® Core™ Ultra processors (Series 2), Dual channel DDR5 memory, PCIe, 4 x COM, 16 x USB, 4 x SATA 6Gb/s, TPM on board', '16 x USB Ports', 'TPM on board', '4 x SATA 6Gb/s Ports', 'Intel® Q870 Chipset', '2 x COM Ports (RS-232)', '4 x 2.5GbE LAN Port', 'Up to 4 x PCIe expansion slots', 'Dual Channel DDR5, 4 x DIMMs'}",https://www.gigaipc.com/upload/catalog_list_pic/uATX-Q870A_MQ870AM-A10-Top-340x353px__26B12YBSJ0.webp
uATX-Q670B,Industrial Motherboards,https://www.gigaipc.com/en/products-detail/uATX-Q670B/,"{'Form Factor': ['Micro ATX', '244W x 244D(mm)'], 'CPU': ['Support for 14th/13th/12th Generation', 'Intel® Core™ i9/i7/i5/i3, Pentium® & Celeron® processors in the LGA1700 package', 'TDP under 125W'], 'Socket': ['1 x LGA 1700'], 'Chipset': ['Intel® Q670 Chipset'], 'Memory': ['4 x DDR5 DIMM sockets, Max. Capacity 128 GB', 'Support Dual channel DDR5 4800 MHz memory modules'], 'Ethernet': ['1 x GbE LAN Port (Intel® I219LM)', '1 x 2.5GbE LAN Port (Intel® I226V)'], 'Video': ['Integrated Graphics Processor - depends on CPU:', '2 x HDMI 2.0 port, supporting a maximum resolution of 4096x2160 @60Hz', '1 x DP port, supporting a maximum resolution of 4096x2160 @60Hz', '1 x VGA port, supporting a maximum resolution of 1920x1080 @60Hz', '1 x LVDS port, supporting a maximum resolution of 1920x1200 @60Hz', '(4 independent display outputs)'], 'Audio': ['Realtek® ALC897'], 'Storage': ['6 x SATA 6Gb/s Ports'], 'RAID': ['RAID 0/1/5/10'], 'Expansion Slots': ['1 x PCIe x16 (Gen 4x16)(PCIEX16_A)', '* The PCIEX16_A slot shares bandwidth with the PCIEX16_B slot.', '* The PCIEX16_A slot operates at up to x8 mode when a device is installed in the PCIEX16_B slot.', '1 x PCIe x16 (Gen 4x8)(PCIEX16_B)', '1 x PCIe x1 (Gen 3x1)', '1 x PCIe x4 (Gen 3x4)', '1 x 2280/2242 M.2 M-Key (PCIe Gen 4x4, SATA 6Gb/s)', '1 x 2230 M.2 E-Key'], 'Internal I/O': ['1 x 24-pin ATX main power connector', '1 x 8-pin ATX 12V power connector', '1 x CPU fan header', '1 x System fan header', '1 x Front panel header', '1 x Front panel audio header', '1 x Case open header', '6 x USB 2.0 headers', '2 x USB 3.2 Gen 1 headers', '3 x COM headers (RS-232)', '1 x GPIO (8 bits) & SMBus header', '1 x Backlight Control header', '1 x Clear CMOS jumper', '1 x Buzzer', '1 x AT/ATX mode select jumper'], 'Rear l/O': ['3 x Audio Jacks (Line in, Line out, Mic in)', '2 x HDMI', '1 x Display Port', '1 x VGA', '1 x COM Port (RS-232/422/485 & RI/5V/12V)', '2 x RJ45 LAN Ports', '2 x USB 3.2 Gen 2x1', '2 x USB 3.2 Gen 1'], 'TPM': ['Onboard TPM 2.0 security chip', 'INFINEON SLB9670VQ2.0'], 'OS Compatibility': ['Windows 10/11 (x64)'], 'Operating Properties': ['Operating temperature: 0°C to 60°C', 'Operating humidity: 0-90% (non-condensing)', 'Non-operating temperature: -40°C to 85°C', 'Non-operating humidity: 0%-95% (non-condensing)'], 'Packing Content': ['Carton size: 360 x 354 x 390 (mm)', 'Packing Capacity: 5pcs', 'Single Box size: 350 x 330 x 65 (mm)', 'Single Box weight: Approx. 0.65kg', 'Including:', 'IO Shield x 1 (P/N: 12AIO-MQ67EA-00R)', 'SATA Cable x 2 (P/N: 12CF1-2SAT1B-01R)'], 'Order Information': ['9MQ670BMMR-SI (Box packing)'], 'Optional Kit': ['CPU Cooler : 12SF1-SK1700-01R (For CPU TDP 125W, Push-pin type)', 'CPU Cooler : 25ST0-037820-Y0R (For CPU TDP 65W)', 'CPU Cooler Backplate : 12KRH-0A1700-00R (Used with P/N: 25ST0-037820-Y0R)', 'VR Heatsink : 12SP2-090027-00R (Suggest to be used if CPU real power is over 100W)']}","{'Micro-ATX with Intel® Q670 Chipset, support 14th/13th/12th Generation Intel® Core™ Processors, Dual channel DDR5 memory, PCIe, 4 x COM, 12 x USB, 6 x SATA 6Gb/s', 'Intel® Q670 Chipset', 'Micro ATX form factor', '1 x GbE LAN Port', '6 x SATA 6Gb/s Ports', '3 x COM Ports (RS-232)', '12 x USB Ports', 'Support 14th/13th/12th Generation Intel® Core™ Processors', '1 x 2.5GbE LAN Port', '1 x COM Port (RS-232/422/485 & RI/5V/12V)', 'Up to 4 x PCIe expansion slots', 'Dual Channel DDR5, 4 x DIMMs'}",https://www.gigaipc.com/upload/catalog_list_pic/uATX-Q670B_MQ670BM-A10-Top-340x353px__24K18oD6PJ.png
uATX-H610B,Industrial Motherboards,https://www.gigaipc.com/en/products-detail/uATX-H610B/,"{'Form Factor': ['Micro ATX', '244W x 244D(mm)'], 'CPU': ['Support for 14th/13th/12th Generation', 'Intel® Core™ i9/i7/i5/i3, Pentium® & Celeron® processors in the LGA1700 package', 'TDP under 125W'], 'Socket': ['1 x LGA 1700'], 'Chipset': ['Intel® H610 Chipset'], 'Memory': ['2 x DDR5 DIMM sockets, Max. Capacity 64 GB', 'Support Dual channel DDR5 4800 MHz memory modules'], 'Ethernet': ['1 x GbE LAN Port (Intel® I219V)', '1 x 2.5GbE LAN Port (Intel® I226V)'], 'Video': ['Integrated Graphics Processor - depends on CPU:', '2 x HDMI 2.0 port, supporting a maximum resolution of 4096x2160 @60Hz', '1 x DP port, supporting a maximum resolution of 4096x2160 @60Hz', '1 x VGA port, supporting a maximum resolution of 1920x1080 @60Hz', '1 x LVDS port, supporting a maximum resolution of 1920x1200 @60Hz', '(3 independent display outputs)'], 'Audio': ['Realtek® Audio codec'], 'Storage': ['4 x SATA 6Gb/s Ports'], 'Expansion Slots': ['1 x PCIe x16 (Gen 4x16)', '1 x PCIe x1 (Gen 3x1)', '1 x PCIe x4 (Gen 3x4)', '1 x 2280/2242 M.2 M-Key (SATA 6Gb/s)', '1 x 2230 M.2 E-Key'], 'Internal I/O': ['1 x 24-pin ATX main power connector', '1 x 8-pin ATX 12V power connector', '1 x CPU fan header', '1 x System fan header', '1 x Front panel header', '1 x Front panel audio header', '1 x Case open header', '4 x USB 2.0 headers', '3 x COM headers (RS-232)', '1 x GPIO (8 bits) & SMBus header', '1 x Backlight Control header', '1 x Clear CMOS jumper', '1 x Buzzer', '1 x AT/ATX mode select jumper'], 'Rear l/O': ['3 x Audio Jacks (Line in, Line out, Mic in)', '2 x HDMI', '1 x DisplayPort', '1 x VGA', '1 x COM Port (RS-232/422/485 & RI/5V/12V)', '2 x RJ45 LAN Ports', '2 x USB 3.2 Gen 2x1', '2 x USB 3.2 Gen 1'], 'TPM': ['Onboard TPM 2.0 security chip', 'INFINEON SLB9670VQ2.0'], 'OS Compatibility': ['Windows 10/11 (x64)'], 'Operating Properties': ['Operating temperature: 0°C to 60°C', 'Operating humidity: 0-90% (non-condensing)', 'Non-operating temperature: -40°C to 85°C', 'Non-operating humidity: 0%-95% (non-condensing)'], 'Packing Content': ['Carton size: 360 x 354 x 390 (mm)', 'Packing Capacity: 5pcs', 'Single Box size: 350 x 330 x 65 (mm)', 'Single Box weight: Approx. 0.65kg', 'Including:', 'IO Shield x 1 (P/N: 12AIO-MQ67EA-00R)', 'SATA Cable x 2 (P/N: 12CF1-2SAT1B-01R)'], 'Order Information': ['9MH610BMMR-SI (Box packing)'], 'Optional Kit': ['CPU Cooler : 12SF1-SK1700-01R (For CPU TDP 125W, Push-pin type)', 'CPU Cooler : 25ST0-037820-Y0R (For CPU TDP 65W)', 'CPU Cooler Backplate : 12KRH-0A1700-00R (Used with P/N: 25ST0-037820-Y0R)', 'VR Heatsink : 12SP2-090027-00R (Suggest to be used if CPU real power is over 100W)']}","{'Micro ATX form factor', 'Intel® H610 Chipset', '1 x GbE LAN Port', 'Micro-ATX with Intel® H610 Chipset, support 14th/13th/12th Generation Intel® Core™ Processors, Dual channel DDR5 memory, PCIe, 4 x COM, 8 x USB, 4 x SATA 6Gb/s', 'Dual Channel DDR5, 2 x DIMMs', '4 x SATA 6Gb/s Ports', '3 x COM Ports (RS-232)', 'Support 14th/13th/12th Generation Intel® Core™ Processors', 'Up to 3 x PCIe expansion slots', '8 x USB Ports', '1 x 2.5GbE LAN Port', '1 x COM Port (RS-232/422/485 & RI/5V/12V)'}",https://www.gigaipc.com/upload/catalog_list_pic/uATX-H610B_MH610BM-A10-Top-340x353px__24K182UggS.png
uATX-Q670A,Industrial Motherboards,https://www.gigaipc.com/en/products-detail/uATX-Q670A/,"{'Form Factor': ['Micro ATX', '244W x 244D(mm)'], 'CPU': ['Support for 14th/13th/12th Generation', 'Intel® Core™ i9/i7/i5/i3, Pentium® & Celeron® processors in the LGA1700 package', 'TDP under 125W'], 'Socket': ['1 x LGA 1700'], 'Chipset': ['Intel® Q670 Chipset'], 'Memory': ['4 x DDR4 DIMM sockets, Max. Capacity 128 GB', 'Support Dual channel DDR4 3200 MHz memory modules'], 'Ethernet': ['1 x GbE LAN Port (Intel® I219LM)', '1 x 2.5GbE LAN Port (Intel® I226V)'], 'Video': ['Integrated Graphics Processor - depends on CPU:', '2 x HDMI 2.0 port, supporting a maximum resolution of 4096x2160 @60Hz', '1 x DP port, supporting a maximum resolution of 4096x2160 @60Hz', '1 x VGA port, supporting a maximum resolution of 1920x1080 @60Hz', '1 x LVDS port, supporting a maximum resolution of 1920x1200 @60Hz', '(4 independent display outputs)'], 'Audio': ['Realtek® ALC897'], 'Storage': ['6 x SATA 6Gb/s Ports'], 'RAID': ['RAID 0/1/5/10'], 'Expansion Slots': ['1 x PCIe x16 (Gen 4x16)(PCIEX16_A)', '* The PCIEX16_A slot shares bandwidth with the PCIEX16_B slot.', '* The PCIEX16_A slot operates at up to x8 mode when a device is installed in the PCIEX16_B slot.', '1 x PCIe x16 (Gen 4x8)(PCIEX16_B)', '1 x PCIe x1 (Gen 3x1)', '1 x PCIe x4 (Gen 3x4)', '1 x 2280/2242 M.2 M-Key (PCIe Gen 4x4, SATA 6Gb/s)', '1 x 2230 M.2 E-Key'], 'Internal I/O': ['1 x 24-pin ATX main power connector', '1 x 8-pin ATX 12V power connector', '1 x CPU fan header', '1 x System fan header', '1 x Front panel header', '1 x Front panel audio header', '1 x Case open header', '6 x USB 2.0 headers', '2 x USB 3.2 Gen 1 headers', '3 x COM headers (RS-232)', '1 x GPIO (8 bits) & SMBus header', '1 x Backlight Control header', '1 x Clear CMOS jumper', '1 x Buzzer', '1 x AT/ATX mode select jumper'], 'Rear l/O': ['3 x Audio Jacks (Line in, Line out, Mic in)', '2 x HDMI', '1 x Display Port', '1 x VGA', '1 x COM Port (RS-232/422/485 & RI/5V/12V)', '2 x RJ45 LAN Ports', '2 x USB 3.2 Gen 2x1', '2 x USB 3.2 Gen 1'], 'TPM': ['1 x TPM header (SPI)'], 'OS Compatibility': ['Windows 10/11 (x64)'], 'Operating Properties': ['Operating temperature: 0°C to 60°C', 'Operating humidity: 0-90% (non-condensing)', 'Non-operating temperature: -40°C to 85°C', 'Non-operating humidity: 0%-95% (non-condensing)'], 'Packing Content': ['Carton size: 360 x 354 x 390 (mm)', 'Packing Capacity: 5pcs', 'Single Box size: 350 x 330 x 65 (mm)', 'Single Box weight: Approx. 0.65kg', 'Including:', 'IO Shield x 1 (P/N: 12AIO-MQ67EA-00R)', 'SATA Cable x 2 (P/N: 12CF1-2SAT1B-01R)'], 'Order Information': ['9MQ670AMMR-SI (Box packing)'], 'Optional Kit': ['CPU Cooler : 12SF1-SK1700-01R (For CPU TDP 125W, Push-pin type)', 'CPU Cooler : 25ST0-037820-Y0R (For CPU TDP 65W)', 'CPU Cooler Backplate : 12KRH-0A1700-00R (Used with P/N: 25ST0-037820-Y0R)', 'TPM 2.0 module : 9CTM010NR-00', 'VR Heatsink : 12SP2-090027-00R (Suggest to be used if CPU real power is over 100W)']}","{'Intel® Q670 Chipset', 'Micro ATX form factor', 'Micro-ATX with Intel® Q670 Chipset, support 14th/13th/12th Generation Intel® Core™ Processors, Dual channel DDR4 memory, PCIe, 4 x COM, 12 x USB, 6 x SATA 6Gb/s', '1 x GbE LAN Port', '6 x SATA 6Gb/s Ports', '3 x COM Ports (RS-232)', '12 x USB Ports', 'Support 14th/13th/12th Generation Intel® Core™ Processors', 'Dual Channel DDR4, 4 x DIMMs', '1 x 2.5GbE LAN Port', '1 x COM Port (RS-232/422/485 & RI/5V/12V)', 'Up to 4 x PCIe expansion slots'}",https://www.gigaipc.com/upload/catalog_list_pic/uATX-Q670A_MQ670AM_A10_Top-510x530px__24B06RErHg.png
uATX-H610A,Industrial Motherboards,https://www.gigaipc.com/en/products-detail/uATX-H610A/,"{'Form Factor': ['Micro ATX', '244W x 244D(mm)'], 'CPU': ['Support for 14th/13th/12th Generation', 'Intel® Core™ i9/i7/i5/i3, Pentium® & Celeron® processors in the LGA1700 package', 'TDP under 125W'], 'Socket': ['1 x LGA 1700'], 'Chipset': ['Intel® H610 Chipset'], 'Memory': ['2 x DDR4 DIMM sockets, Max. Capacity 64 GB', 'Support Dual channel DDR4 3200 MHz memory modules'], 'Ethernet': ['1 x GbE LAN Port (Intel® I219V)', '1 x 2.5GbE LAN Port (Intel® I226V)'], 'Video': ['Integrated Graphics Processor - depends on CPU:', '2 x HDMI 2.0 port, supporting a maximum resolution of 4096x2160 @60Hz', '1 x DP port, supporting a maximum resolution of 4096x2160 @60Hz', '1 x VGA port, supporting a maximum resolution of 1920x1080 @60Hz', '1 x LVDS port, supporting a maximum resolution of 1920x1200 @60Hz', '(3 independent display outputs)'], 'Audio': ['Realtek® Audio codec'], 'Storage': ['4 x SATA 6Gb/s Ports'], 'Expansion Slots': ['1 x PCIe x16 (Gen 4x16)', '1 x PCIe x1 (Gen 3x1)', '1 x PCIe x4 (Gen 3x4)', '1 x 2280/2242 M.2 M-Key (SATA 6Gb/s)', '1 x 2230 M.2 E-Key'], 'Internal I/O': ['1 x 24-pin ATX main power connector', '1 x 8-pin ATX 12V power connector', '1 x CPU fan header', '1 x System fan header', '1 x Front panel header', '1 x Front panel audio header', '1 x Case open header', '4 x USB 2.0 headers', '3 x COM headers (RS-232)', '1 x GPIO (8 bits) & SMBus header', '1 x Backlight Control header', '1 x Clear CMOS jumper', '1 x Buzzer', '1 x AT/ATX mode select jumper'], 'Rear l/O': ['3 x Audio Jacks (Line in, Line out, Mic in)', '2 x HDMI', '1 x DisplayPort', '1 x VGA', '1 x COM Port (RS-232/422/485 & RI/5V/12V)', '2 x RJ45 LAN Ports', '2 x USB 3.2 Gen 2x1', '2 x USB 3.2 Gen 1'], 'TPM': ['1 x TPM header (SPI)'], 'OS Compatibility': ['Windows 10/11 (x64)'], 'Operating Properties': ['Operating temperature: 0°C to 60°C', 'Operating humidity: 0-90% (non-condensing)', 'Non-operating temperature: -40°C to 85°C', 'Non-operating humidity: 0%-95% (non-condensing)'], 'Packing Content': ['Carton size: 360 x 354 x 390 (mm)', 'Packing Capacity: 5pcs', 'Single Box size: 350 x 330 x 65 (mm)', 'Single Box weight: Approx. 0.65kg', 'Including:', 'IO Shield x 1 (P/N: 12AIO-MQ67EA-00R)', 'SATA Cable x 2 (P/N: 12CF1-2SAT1B-01R)'], 'Order Information': ['9MH610AMMR-SI (Box packing)'], 'Optional Kit': ['CPU Cooler : 12SF1-SK1700-01R (For CPU TDP 125W, Push-pin type)', 'CPU Cooler : 25ST0-037820-Y0R (For CPU TDP 65W)', 'CPU Cooler Backplate : 12KRH-0A1700-00R (Used with P/N: 25ST0-037820-Y0R)', 'TPM 2.0 module : 9CTM010NR-00', 'VR Heatsink : 12SP2-090027-00R (Suggest to be used if CPU real power is over 100W)']}","{'Micro ATX form factor', 'Intel® H610 Chipset', '1 x GbE LAN Port', '4 x SATA 6Gb/s Ports', '3 x COM Ports (RS-232)', 'Support 14th/13th/12th Generation Intel® Core™ Processors', 'Micro-ATX with Intel® H610 Chipset, support 14th/13th/12th Generation Intel® Core™ Processors, Dual channel DDR4 memory, PCIe, 4 x COM, 8 x USB, 4 x SATA 6Gb/s', 'Up to 3 x PCIe expansion slots', '1 x 2.5GbE LAN Port', '8 x USB Ports', 'Dual Channel DDR4, 2 x DIMMs', '1 x COM Port (RS-232/422/485 & RI/5V/12V)'}",https://www.gigaipc.com/upload/catalog_list_pic/uATX-H610A-A10-Top-01-510x530px__24B06HBALr.png
uATX-W48EA,Industrial Motherboards,https://www.gigaipc.com/en/products-detail/uATX-W48EA/,"{'Form Factor': ['Micro ATX', '244W x 244D(mm)'], 'CPU': ['Support for 11th/10th Generation', 'Intel® Xeon® W-1200 series/ Core™ i3/ Pentium® & Celeron® processors in the LGA1200 package', 'TDP under 95W'], 'Socket': ['1 x LGA 1200'], 'Chipset': ['Intel® W480/W480E Express Chipset'], 'Memory': ['4 x DDR4 DIMM sockets, Max. Capacity 128GB', 'Support Dual channel DDR4 2933/2666 MHz memory modules'], 'Ethernet': ['4 x GbE LAN Ports (1 x Intel® I219LM and 3 x Intel® I211AT)'], 'Video': ['Integrated Graphics Processor - depends on CPU:', '1 x HDMI 1.4 port, supporting a maximum resolution of 4096x2160 @30Hz', '1 x Display port, supporting a maximum resolution of 4096x2160 @60Hz', '1 x D-sub port, supporting a maximum resolution of 1920x1200 @60Hz', '1 x LVDS port, supporting a maximum resolution of 1920x1080 @60Hz', '(3 independent display outputs)'], 'Audio': ['Realtek® Audio Codec'], 'Storage': ['6 x SATA 6Gb/s Ports (RAID 0/1/5/10)'], 'Expansion Slots': ['1 x PCIe x16 (Gen 3x16)(PCIEX16_A)', '* The PCIEX16_A slot shares bandwidth with the PCIEX16_B slot.', '* The PCIEX16_A slot operates at up to x8 mode when a device is installed in the PCIEX16_B slot.', '1 x PCIe x16 (Gen 3x8)(PCIEX16_B)', '1 x PCIe x4 (Gen3 x4)', '1 x PCIe x1 (Gen3 x1)', '1 x 2230 M.2 E-Key (PCIe x1 + USB2.0)', '1 x 2280/2242 M.2 M-Key (PCIe x4, SATA 6Gb/s)'], 'Internal I/O': ['1 x 24-pin ATX main power connector', '1 x 8-pin ATX 12V power connector', '1 x CPU fan header', '1 x System fan header', '1 x Front panel header', '1 x Front panel audio header', '1 x VGA header', '1 x Backlight Control header', '1 x AT/ATX mode select jumper', '4 x USB 2.0 headers', '1 x COM header (RS-232/422/485 & RI/5V/12V)', '1 x COM header (RS-232 & RI/5V/12V)', '2 x COM headers (RS-232)', '1 x GPIO (8 bits) & SMBus header', '1 x Buzzer', '1 x Clear CMOS jumper'], 'Rear l/O': ['1 x HDMI', '1 x Display Port', '4 x RJ45 LAN Ports', '8 x USB 3.2 Gen 1', '4 x USB 2.0'], 'TPM': ['1 x TPM header'], 'OS Compatibility': ['Windows 10 (x64)'], 'Operating Properties': ['Operating temperature: 0°C to 60°C', 'Operating humidity: 0-90% (non-condensing)', 'Non-operating temperature: -40°C to 85°C', 'Non-operating humidity: 0%-95% (non-condensing)'], 'Packing Content': ['Carton size: 360 x 354 x 390 (mm)', 'Packing Capacity: 5pcs', 'Single Box size: 350 x 330 x 65 (mm)', 'Single Box weight: Approx. 0.65kg', 'Including:', 'IO Shield x 1 (P/N: 12AIO-MQ47EA-00R)', 'SATA Cable x 2 (P/N: 12CF1-2SAT1B-01R)'], 'Order Information': ['9MW48EAMMR-SI (Box packing)'], 'Optional Kit': ['TPM 2.0 module: 9CTM000NR-00']}","{'HDMI 1.4, Display port, D-sub, LVDS for multiple displays', 'Intel® W480/W480E Express Chipset', 'Support 11th/10th Generation Intel® Xeon® W-1200 series/ Core™ i3/ Pentium® & Celeron® Processors', 'Micro ATX form factor', '6 x SATA 6Gb/s Ports', 'Ultra-Fast M.2 with PCIe Gen3 x4 interface', '16 x USB Ports', '4 x GbE LAN Ports', '2 x COM headers (RS-232)', 'Micro-ATX with Intel® W480/W480E Chipset, support 11th/10th Generation Intel® Xeon® W-1200 series/ Core™ i3/ Pentium® & Celeron® Processors, Dual channel DDR4 memory, PCIe, 4 x COM, 16 x USB, 6 x SATA 6Gb/s', 'Up to 4 x PCIe Gen3 expansion slots', 'Dual Channel DDR4, 4 x DIMMs', 'Realtek® Audio Codec', '1 x COM header (RS-232 & RI/5V/12V)', '1 x COM header (RS-232/422/485 & RI/5V/12V)'}",https://www.gigaipc.com/upload/catalog_list_pic/uATX-W48EA-Top-01_510x530px__24B064QZUM.png
uATX-Q47EA,Industrial Motherboards,https://www.gigaipc.com/en/products-detail/uATX-Q47EA/,"{'Form Factor': ['Micro ATX', '244W x 244D(mm)'], 'CPU': ['Support for 11th/10th Generation', 'Intel® Core™ i9/i7/i5/i3, Pentium® & Celeron® processors in the LGA1200 package', 'TDP under 95W'], 'Socket': ['1 x LGA 1200'], 'Chipset': ['Intel® Q470E Express Chipset'], 'Memory': ['4 x DDR4 DIMM sockets, Max. Capacity 128 GB', 'Support Dual channel DDR4 2933/2666 MHz memory modules'], 'Ethernet': ['4 x GbE LAN Ports (1 x Intel® I219LM and 3 x Intel® I211AT)'], 'Video': ['Integrated Graphics Processor - depends on CPU:', '1 x HDMI 1.4 port, supporting a maximum resolution of 4096x2160 @30Hz', '1 x Display port, supporting a maximum resolution of 4096x2160 @60Hz', '1 x VGA port, supporting a maximum resolution of 1920x1200 @60Hz', '1 x LVDS port, supporting a maximum resolution of 1920x1080 @60Hz', '(3 independent display outputs)'], 'Audio': ['Realtek® Audio Codec'], 'Storage': ['4 x SATA 6Gb/s Ports (RAID 0/1/5/10)'], 'Expansion Slots': ['1 x PCIe x16 (Gen 3x16)(PCIEX16_A)', '* The PCIEX16_A slot shares bandwidth with the PCIEX16_B slot.', '* The PCIEX16_A slot operates at up to x8 mode when a device is installed in the PCIEX16_B slot.', '1 x PCIe x16 (Gen 3x8)(PCIEX16_B)', '1 x PCIe x4 (Gen3 x4)', '1 x PCIe x1 (Gen3 x1)', '1 x 2230 M.2 E-Key (PCIe x1 + USB 2.0)', '1 x 2280/2242 M.2 M-Key (PCIe x4, SATA 6Gb/s)'], 'Internal I/O': ['1 x 24-pin ATX main power connector', '1 x 8-pin ATX 12V power connector', '1 x CPU fan header', '1 x System fan header', '1 x Front panel header', '1 x Front panel audio header', '1 x VGA header', '1 x Backlight Control header', '1 x AT/ATX mode select jumper', '4 x USB 2.0 headers', '1 x COM header (RS-232/422/485 & RI/5V/12V)', '1 x COM header (RS-232 & RI/5V/12V)', '2 x COM headers (RS-232)', '1 x GPIO (8 bits) & SMBus header', '1 x Buzzer', '1 x Clear CMOS jumper'], 'Rear l/O': ['1 x HDMI', '1 x Display Port', '4 x RJ45 LAN Ports', '8 x USB 3.2 Gen 1', '4 x USB 2.0'], 'TPM': ['1 x TPM header'], 'OS Compatibility': ['Windows 10 (x64)'], 'Operating Properties': ['Operating temperature: 0°C to 60°C', 'Operating humidity: 0-90% (non-condensing)', 'Non-operating temperature: -40°C to 85°C', 'Non-operating humidity: 0%-95% (non-condensing)'], 'Packing Content': ['Carton size: 360 x 354 x 390 (mm)', 'Packing Capacity: 5pcs', 'Single Box size: 350 x 330 x 65 (mm)', 'Single Box weight: Approx. 0.65kg', 'Including:', 'IO Shield x 1 (P/N: 12AIO-MQ47EA-00R)', 'SATA Cable x 2 (P/N: 12CF1-2SAT1B-01R)'], 'Order Information': ['9MQ47EAMMR-SI (Box packing)'], 'Optional Kit': ['TPM 2.0 module: 9CTM000NR-00']}","{'HDMI 1.4, Display port, VGA, LVDS for multiple displays', 'Intel® Q470E Express Chipset', 'Micro ATX form factor', 'Ultra-Fast M.2 with PCIe Gen3 x4 interface', '2 x COM headers (RS-232)', '16 x USB Ports', '4 x GbE LAN Ports', '4 x SATA 6Gb/s Ports', 'Up to 4 x PCIe Gen3 expansion slots', 'Dual Channel Non-ECC Unbuffered DDR4, 4 x DIMMs', 'Support 11th/10th Generation Intel® Core™ Processors', 'Realtek® Audio Codec', 'Micro-ATX with Intel® Q470E Chipset, support 11th/10th Generation Intel® Core™ Processors, Dual channel DDR4 memory, PCIe, 4 x COM, 16 x USB, 4 x SATA 6Gb/s', '1 x COM header (RS-232 & RI/5V/12V)', '1 x COM header (RS-232/422/485 & RI/5V/12V)'}",https://www.gigaipc.com/upload/catalog_list_pic/uATX-Q47EA-Top-01_510x530px__24B06sURsA.png
uATX-H410A,Industrial Motherboards,https://www.gigaipc.com/en/products-detail/uATX-H410A/,"{'Form Factor': ['Micro ATX', '244W x 244D(mm)'], 'CPU': ['Support for 10th Generation', 'Intel® Core™ i9/i7/i5/i3, Pentium® & Celeron® processors in the LGA1200 package', 'TDP under 65W'], 'Socket': ['1 x LGA 1200'], 'Chipset': ['Intel® H410 Express Chipset'], 'Memory': ['2 x DDR4 DIMM sockets, Max. Capacity 64 GB', 'Support Dual channel DDR4 2933/2666 MHz memory modules'], 'Ethernet': ['2 x GbE LAN Ports (Intel® I219V and Realtek® RTL8111HS)'], 'Video': ['Integrated Graphics Processor - depends on CPU:', '1 x HDMI 1.4 port, supporting a maximum resolution of 4096x2160 @30Hz', '1 x DVI-D port, supporting a maximum resolution of 1920x1200 @60Hz', '1 x VGA port, supporting a maximum resolution of 1920x1200 @60Hz', '(2 independent display outputs)'], 'Audio': ['Realtek® Audio Codec'], 'Storage': ['4 x SATA 6Gb/s Ports'], 'Expansion Slots': ['1 x PCIe x16 (Gen3 x16)', '1 x PCIe x4 (Gen3 x2)', '2 x PCIe x1 (Gen3 x1)'], 'Internal I/O': ['1 x 24-pin ATX main power connector', '1 x 8-pin ATX 12V power connector', '1 x CPU fan header', '2 x System fan headers', '1 x Front panel header', '1 x Front panel audio header', '4 x USB 2.0 headers', '3 x COM headers (RS-232)', '1 x Clear CMOS jumper', '1 x Buzzer', '1 x Case open header'], 'Rear l/O': ['3 x Audio Jacks (Line in, Line out, Mic in)', '1 x COM Port (RS-232)', '1 x HDMI', '1 x DVI-D', '1 x VGA', '2 x RJ45 LAN Ports', '4 x USB 3.2 Gen 1'], 'TPM': ['Onboard TPM 2.0 security chip', 'INFINEON SLB9670VQ2.0'], 'OS Compatibility': ['Windows 10 (x64)', 'Linux'], 'Operating Properties': ['Operating temperature: 0°C to 60°C', 'Operating humidity: 0-90% (non-condensing)', 'Non-operating temperature: -20°C to 70°C', 'Non-operating humidity: 0%-95% (non-condensing)'], 'Packing Content': ['Carton size: 609 x 581 x 362 (mm)', 'Packing Capacity: 20pcs', 'Single Board weight : Approx. 0.6kg', 'Including:', 'IO Shield x 1 (P/N: 12AIO-MH4100-00R)', 'SATA Cable x 2 (P/N: 12CF1-2SAT1B-01R)'], 'Order Information': ['9MH410AMNR-SI (Bulk packing)']}","{'Micro ATX form factor', 'Support 10th Generation Intel® Core™ Processors', '4 x USB 3.2 Gen 1', '4 x SATA 6Gb/s Ports', 'Onboard TPM 2.0 security chip', 'Up to 4 x PCIe Gen3 expansion slots', '2 x GbE LAN Ports', 'HDMI 1.4, DVI-D, VGA ports for multiple displays', 'Micro-ATX with Intel® H410 Chipset, support 10th Generation Intel® Core™ Processors, Dual channel DDR4 memory, PCIe, 4 x COM, 8 x USB, 4 x SATA 6Gb/s', 'Intel® H410 Express Chipset', '4 x COM Ports (RS-232)', 'Dual Channel DDR4, 2 x DIMMs'}",https://www.gigaipc.com/upload/catalog_list_pic/uATX-H410A-Top-01-510x530px__24B06IklLP.png
uATX-Q370A,Industrial Motherboards,https://www.gigaipc.com/en/products-detail/uATX-Q370A/,"{'Form Factor': ['Micro ATX', '244W x 244D(mm)'], 'CPU': ['Support for 9th/8th Generation', 'Intel® Core™ i7/i5/i3, Pentium® & Celeron® processors in the LGA1151 package', 'TDP under 95W', 'L3 cache varies with CPU'], 'Socket': ['1 x LGA 1151'], 'Chipset': ['Intel® Q370 Express Chipset'], 'Memory': ['4 x DDR4 DIMM sockets, Max. Capacity 64 GB', 'Support Dual channel DDR4 2666/2400 MHz memory modules'], 'Ethernet': ['2 x GbE LAN Ports (Intel® I219V and Realtek® RTL8111HS)'], 'Video': ['Integrated Graphics Processor - depends on CPU:', '1 x HDMI 1.4 port, supporting a maximum resolution of 4096x2160 @30Hz', '1 x DVI-D port, supporting a maximum resolution of 1920x1200 @60Hz', '1 x VGA port, supporting a maximum resolution of 1920x1200 @60Hz', '* The DVI-D port does not support VGA connection by adapter', '(3 independent display outputs)'], 'Audio': ['Realtek® Audio Codec'], 'Storage': ['6 x SATA 6Gb/s Ports (RAID 0/1/5/10)'], 'Expansion Slots': ['1 x PCIe x16 (Gen3 x16)', '1 x PCIe x4 (Gen3 x4)', '2 x PCIe x1 (Gen3 x1)', '1 x 2280/2260 M.2 M-Key (PCIe x4)'], 'Internal I/O': ['1 x 24-pin ATX main power connector', '1 x 8-pin ATX 12V power connector', '1 x CPU fan header', '2 x System fan headers', '1 x Front panel header', '1 x Front panel audio header', '4 x USB 2.0 headers', '2 x USB 3.2 Gen 1 headers', '3 x COM headers (RS-232)', '1 x Clear CMOS jumper', '1 x Buzzer', '1 x AT/ATX mode select jumper'], 'Rear l/O': ['3 x Audio Jacks (Line in, Line out, Mic in)', '1 x COM Port (RS-232)', '1 x HDMI', '1 x DVI-D', '1 x VGA', '2 x RJ45 LAN Ports', '3 x USB 3.2 Gen 1', '1 x USB 3.2 Gen 2x1'], 'TPM': ['Onboard TPM 2.0 security chip', 'INFINEON SLB9665VQ2.0'], 'OS Compatibility': ['Windows 10 (x64)', 'Linux'], 'Operating Properties': ['Operating temperature: 0°C to 60°C', 'Operating humidity: 0-90% (non-condensing)', 'Non-operating temperature: -20°C to 70°C', 'Non-operating humidity: 0%-95% (non-condensing)'], 'Packing Content': ['Carton size: 609 x 581 x 362 (mm)', 'Packing Capacity: 20pcs', 'Single Board weight: Approx. 0.6kg', 'Including:', 'IO Shield x 1 (P/N: 12AIO-MDH112-00R)', 'SATA Cable x 2 (P/N: 12CF1-2SAT1B-01R)'], 'Order Information': ['9MQ370AMNR-SI (Bulk Packing)'], 'Optional Kit': ['CPU Cooler : 25ST0-047520-C1R', 'CPU Cooler Backplate : 12KRH-0A1156-00R']}","{'Intel® Q370 Express Chipset', 'Micro ATX form factor', 'Ultra-Fast M.2 with PCIe Gen3 x4 interface', '6 x SATA 6Gb/s Ports', '4 x COM Ports (RS-232)', 'Onboard TPM 2.0 security chip', 'Up to 4 x PCIe Gen3 expansion slots', 'Dual Channel Non-ECC Unbuffered DDR4, 4 x DIMMs', '2 x GbE LAN Ports', 'HDMI 1.4, DVI-D, VGA ports for multiple displays', 'Support 9th/8th Generation Intel® Core™ Processors', 'Micro-ATX with Intel® Q370 Chipset, support 9th/8th Generation Intel® Core™ Processors, Dual channel DDR4 memory, PCIe, 4 x COM, 10 x USB, 6 x SATA 6Gb/s', '1 x USB 3.2 Gen 2x1'}",https://www.gigaipc.com/upload/catalog_list_pic/uATX-Q370A_MQ370AM-A10-Top-510x530px__24B06uKl1S.png
uATX-H370A,Industrial Motherboards,https://www.gigaipc.com/en/products-detail/uATX-H370A/,"{'Form Factor': ['Micro ATX', '244W x 244D(mm)'], 'CPU': ['Support for 9th/8th Generation', 'Intel® Core™ i7/i5/i3, Pentium® & Celeron® processors in the LGA1151 package', 'TDP under 65W', 'L3 cache varies with CPU'], 'Socket': ['1 x LGA 1151'], 'Chipset': ['Intel® H370 Express Chipset'], 'Memory': ['4 x DDR4 DIMM sockets, Max. Capacity 64 GB', 'Support Dual channel DDR4 2666/2400 MHz memory modules'], 'Ethernet': ['2 x GbE LAN Ports (Intel® I219V and Realtek® RTL8111HS)'], 'Video': ['Integrated Graphics Processor - depends on CPU:', '1 x HDMI 1.4 port, supporting a maximum resolution of 4096x2160 @30Hz', '1 x DVI-D port, supporting a maximum resolution of 1920x1200 @60Hz', '1 x VGA port, supporting a maximum resolution of 1920x1200 @60Hz', '* The DVI-D port does not support VGA connection by adapter', '(3 independent display outputs)'], 'Audio': ['Realtek® Audio Codec'], 'Storage': ['6 x SATA 6Gb/s Ports (RAID 0/1/5/10)'], 'Expansion Slots': ['1 x PCIe x16 (Gen3 x16)', '1 x PCIe x4 (Gen3 x4)', '2 x PCIe x1 (Gen3 x1)', '1 x 2280/2260 M.2 M-Key (PCIe x4)'], 'Internal I/O': ['1 x 24-pin ATX main power connector', '1 x 8-pin ATX 12V power connector', '1 x CPU fan header', '2 x System fan headers', '1 x Front panel header', '1 x Front panel audio header', '4 x USB 2.0 headers', '2 x USB 3.2 Gen 1 headers', '3 x COM headers (RS-232)', '1 x Clear CMOS jumper', '1 x Buzzer', '1 x AT/ATX mode select jumper'], 'Rear l/O': ['3 x Audio Jacks (Line in, Line out, Mic in)', '1 x COM Port (RS-232)', '1 x HDMI', '1 x DVI-D', '1 x VGA', '2 x RJ45 LAN Ports', '3 x USB 3.2 Gen 1', '1 x USB 3.2 Gen 2x1'], 'TPM': ['Onboard TPM 2.0 security chip', 'INFINEON SLB9665VQ2.0'], 'OS Compatibility': ['Windows 10 (x64)'], 'Operating Properties': ['Operating temperature: 0°C to 60°C', 'Operating humidity: 0-90% (non-condensing)', 'Non-operating temperature: -20°C to 70°C', 'Non-operating humidity: 0%-95% (non-condensing)'], 'Packing Content': ['Carton size: 609 x 581 x 362 (mm)', 'Packing Capacity: 20pcs', 'Single Board weight: Approx. 0.6kg', 'Including:', 'IO Shield x 1 (P/N: 12AIO-MDH112-00R)', 'SATA Cable x 2 (P/N: 12CF1-2SAT1B-01R)'], 'Order Information': ['9MCH37AMNR-SI (Bulk Packing)'], 'Optional Kit': ['CPU Cooler : 25ST0-039520-Y0R', 'CPU Cooler Backplate : 12KRH-0A1155-30R']}","{'Micro ATX form factor', 'Ultra-Fast M.2 with PCIe Gen3 x4 interface', 'Micro-ATX with Intel® H370 Chipset, support 9th/8th Generation Intel® Core™ Processors, Dual channel DDR4 memory, PCIe, 4 x COM, 10 x USB, 6 x SATA 6Gb/s', '6 x SATA 6Gb/s Ports', '4 x COM Ports (RS-232)', 'Intel® H370 Express Chipset', 'Up to 4 x PCIe Gen3 expansion slots', 'Dual Channel Non-ECC Unbuffered DDR4, 4 x DIMMs', '2 x GbE LAN Ports', 'HDMI 1.4, DVI-D, VGA ports for multiple displays', 'Onboard TPM 2.0 security chip', 'Support 9th/8th Generation Intel® Core™ Processors', '1 x USB 3.2 Gen 2x1'}",https://www.gigaipc.com/upload/catalog_list_pic/uATX-H370A_1_510x530px__24B06QHQPU.png
uATX-H310A,Industrial Motherboards,https://www.gigaipc.com/en/products-detail/uATX-H310A/,"{'Form Factor': ['Micro ATX', '244W x 244D(mm)'], 'CPU': ['Support for 9th/8th Generation', 'Intel® Core™ i7/i5/i3, Pentium® & Celeron® processors in the LGA1151 package', 'TDP under 65W', 'L3 cache varies with CPU'], 'Socket': ['1 x LGA 1151'], 'Chipset': ['Intel® H310 Express Chipset'], 'Memory': ['2 x DDR4 DIMM sockets, Max. Capacity 32 GB', 'Support Dual channel DDR4 2666/2400 MHz memory modules'], 'Ethernet': ['2 x GbE LAN Ports (Intel® I219V and Realtek® RTL8111HS)'], 'Video': ['Integrated Graphics Processor - Intel® HD Graphics support:', '1 x HDMI 1.4 port, supporting a maximum resolution of 4096x2160 @30Hz', '1 x DVI-D port, supporting a maximum resolution of 1920x1200 @60Hz', '1 x VGA port, supporting a maximum resolution of 1920x1200 @60Hz', '* The DVI-D port does not support VGA connection by adapter', '(2 independent display outputs)'], 'Audio': ['Realtek® Audio Codec'], 'Storage': ['4 x SATA 6Gb/s Ports'], 'Expansion Slots': ['1 x PCIe x16 (Gen3 x16)', '1 x PCIe x4 (Gen2 x2)', '2 x PCIe x1 (Gen2 x1)'], 'Internal I/O': ['1 x 24-pin ATX main power connector', '1 x 8-pin ATX 12V power connector', '1 x CPU fan header', '2 x System fan headers', '1 x Front panel header', '1 x Front panel audio header', '4 x USB 2.0 headers', '3 x COM headers (RS-232)', '1 x Clear CMOS jumper', '1 x Buzzer'], 'Rear l/O': ['3 x Audio Jacks (Line in, Line out, Mic in)', '1 x COM Port (RS-232)', '1 x HDMI', '1 x DVI-D', '1 x VGA', '2 x RJ45 LAN Ports', '4 x USB 3.2 Gen 1'], 'TPM': ['Onboard TPM 2.0 security chip', 'INFINEON SLB9665VQ2.0'], 'OS Compatibility': ['Windows 10 (x64)'], 'Operating Properties': ['Operating temperature: 0°C to 60°C', 'Operating humidity: 0-90% (non-condensing)', 'Non-operating temperature: -20°C to 70°C', 'Non-operating humidity: 0%-95% (non-condensing)'], 'Packing Content': ['Carton size: 609 x 581 x 362 (mm)', 'Packing Capacity: 20pcs', 'Single Board weight: Approx. 0.6kg', 'Including:', 'IO Shield x 1 (P/N: 12AIO-MDH112-00R)', 'SATA Cable x 2 (P/N: 12CF1-2SAT1B-01R)'], 'Order Information': ['9MCH31AMNR-SI (Bulk Packing)'], 'Optional Kit': ['CPU Cooler : 25ST0-039520-Y0R', 'CPU Cooler Backplate : 12KRH-0A1155-30R']}","{'Micro ATX form factor', 'Micro-ATX with Intel® H310 Chipset, support 9th/8th Generation Intel® Core™ Processors, Dual channel DDR4 memory, PCIe, 4 x COM, 8 x USB, 4 x SATA 6Gb/s', '4 x SATA 6Gb/s Ports', 'Onboard TPM 2.0 security chip', '2 x GbE LAN Ports', 'HDMI 1.4, DVI-D, VGA ports for multiple displays', 'Dual Channel Non-ECC Unbuffered DDR4, 2 x DIMMs', '4 x COM Ports (RS-232)', 'Up to 4 x PCIe expansion slots', 'Support 9th/8th Gen Intel® Core™ Processors', 'Intel® H310 Express Chipset'}",https://www.gigaipc.com/upload/catalog_list_pic/uATX-H310A_MCH31AM-A10-Top-510x530px__24B06EIbWx.png
uATX-RYZEN,Industrial Motherboards,https://www.gigaipc.com/en/products-detail/uATX-RYZEN/,"{'Form Factor': ['Micro ATX', '244W x 244D(mm)'], 'CPU': ['Support AMD® RYZEN™ 2 7’5’3 CPU', 'AM4 µPGA (Summit Ridge/Raven Ridge/Pinnacle Ridge/Ravan2 Ridge/Picasso/Matisse)', 'TDP under 65W'], 'Socket': ['1 x Socket AM4'], 'Chipset': ['AMD® B450'], 'Memory': ['4 x DDR4 DIMM sockets, Max. Capacity 64 GB', 'Support Dual channel DDR4 2666/2400/2133 MHz memory modules'], 'Ethernet': ['2 x GbE LAN Ports (Realtek® RTL8111HS)'], 'Video': ['Integrated Graphics Process - Radeon™ Vega 11/8/3 Graphics:', '1 x HDMI 1.4', '1 x Display Port', '1 x VGA', '(3 independent display outputs)'], 'Audio': ['Realtek® Audio Codec'], 'Storage': ['4 x SATA 6Gb/s Ports (RAID/0/1/10)'], 'Expansion Slots': ['1 x PCIe x16 (Gen3 x16)', '1 x PCIe x4 (Gen2 x2)', '2 x PCIe x1 (Gen2 x1)', '1 x 2280/2260/2242 M.2 M-Key (PCIe x4, SATA6Gb/s)'], 'Internal I/O': ['1 x 24-pin ATX main power connector', '1 x 4-pin ATX 12V power connector', '1 x CPU fan header', '2 x System fan headers', '1 x Front panel header', '1 x Front audio header', '1 x 2W Speaker out header', '4 x USB 2.0 headers', '2 x USB 3.2 Gen 1 headers', '5 x COM headers (RS-232)', '1 x PS/2 Keyboard/Mouse Connector', '1 x GPIO (8 bits) & SMBUS header', '1 x Clear CMOS jumper', '1 x Buzzer', '1 x AT/ATX mode select jumper'], 'Rear l/O': ['3 x Audio Jacks (Line in, Line out, Mic in)', '1 x COM Port (RS-232/422/485 & RI/5V/12V)', '1 x HDMI', '1 x Display Port', '1 x VGA', '2 x RJ45 LAN Ports', '4 x USB 3.2 Gen 1', '1 x USB 3.2 Gen 2x1', '1 x USB 3.2 Gen 2x1 (Type C)'], 'TPM': ['1 x TPM header'], 'OS Compatibility': ['Windows 10 (x64)'], 'Operating Properties': ['Operating temperature: 0°C to 60°C', 'Operating humidity: 0-90% (non-condensing)', 'Non-operating temperature: -20°C to 70°C', 'Non-operating humidity: 0%-95% (non-condensing)'], 'Packing Content': ['Carton size: 609 x 581 x 362 (mm)', 'Packing Capacity: 20pcs', 'Single Board weight: Approx. 0.6kg', 'Including:', 'IO Shield x 1 (12AIO-MZRYZ0-00R)'], 'Order Information': ['9MZRYZBMNR-SI (Bulk Packing)'], 'Optional Kit': ['TPM 2.0 module: 9CTM000NR-00']}","{'Support AMD® Ryzen 2 Processors', 'Micro ATX form factor', 'HDMI, Display Port, VGA ports for multiple display', '4 x SATA 6Gb/s Ports', '2 x GbE LAN Ports', 'Dual Channel DDR4, 4 x DIMMs', '5 x COM Ports (RS-232)', '1 x COM Port (RS-232/422/485 & RI/5V/12V)', 'AMD® B450', 'Micro-ATX support AMD® Ryzen2 Processors, Dual channel DDR4 memory, PCIe slot, 6 x COM, 12 x USB, 4 x SATA 6Gb/s'}",https://www.gigaipc.com/upload/catalog_list_pic/uATX-RYZEN-A20-Top_510x530px__24B06ZRUWN.png
mITX-N150C,Industrial Motherboards,https://www.gigaipc.com/en/products-detail/mITX-N150C/,"{'Form Factor': ['Mini-ITX', '170W x 170D (mm)'], 'CPU': ['Intel® Processor N150', 'Intel 7, 4 cores, up to 3.60 GHz', 'TDP 6W'], 'Socket': ['1 x FCBGA1264'], 'Memory': ['1 x DDR5 SO-DIMM socket, Max. Capacity 16 GB', 'Support Single Channel DDR5 4800 MHz memory module'], 'Ethernet': ['1 x GbE LAN Port (Realtek® RTL8111H)'], 'Video': ['Integrated Graphics Processor - Intel® Graphics support:', '3 x DP port, supporting a maximum resolution of 4096x2160 @60Hz', '(3 independent display outputs)'], 'Audio': ['Realtek® ALC897'], 'Expansion Slots': ['1 x PCIe x4 (Gen3 x4)', '1 x 2280 M.2 M-Key (PCIe Gen 3x2)'], 'Internal I/O': ['1 x 4-pin ATX 12V power connector (12V)', '1 x CPU fan header', '1 x System fan header', '1 x Front panel header', '1 x Front panel audio header', '1 x ccTalk header', '1 x ccTalk power jumper', '1 x Buzzer', '2 x USB 2.0 headers', '1 x COM header (RS-232/422/485 & RI/5V/12V)', '1 x GPIO (8 bits) & SMBus header', '1 x AT/ATX mode select jumper'], 'Rear l/O': ['1 x Audio Jack (Line out)', '2 x COM ports (RS-232, with 12V only)', '3 x Display Ports', '1 x RJ45 LAN Port', '2 x USB 3.2 Gen 2 (10 Gbps)', '6 x USB 2.0'], 'TPM': ['Onboard TPM 2.0 security chip', 'INFINEON SLB9672VU2.0'], 'OS Compatibility': ['Windows 11 Enterprise LTSC 2024', 'Windows 11 IoT Enterprise LTSC 2024, x64', 'Windows 11 IoT Enterprise, version 24H2 x64'], 'Operating Properties': ['Operating temperature: 0°C to 60°C', 'Operating humidity: 60°C @ 20-95% (non-condensing)', 'Non-operating temperature: -40°C to 85°C', 'Non-operating humidity: 85°C @ 95% (non-condensing)'], 'Packing Content': ['Carton size: 465 x 351 x 217 (mm)', 'Packing Capacity: 10pcs', 'Single Box size: 221 x 178 x 65 (mm)', 'Including:', 'IO Shield x 1 (P/N: 12AIO-MTWN1C-00R)'], 'Order Information': ['9MTWN1CIMR-SI (Box packing)']}","{'Onboard TPM v2.0', '1 x GbE LAN Port', '3 x DP1.4', '1 x CcTalk header & 1 x CcTalk power header', 'Mini-ITX form factor', 'Mini-ITX Embedded Motherboard with Intel® Processor N150, Single Channel DDR5 memory, CcTalk header, 3 x DP, 3 x COM', 'Intel® Processor N150', 'Single Channel DDR5, 1 x SO-DIMM'}",https://www.gigaipc.com/upload/catalog_list_pic/mITX-N150-MTWN1CI-A10-Top-340x353px__26I07TGCJc.webp
mITX-Q870A,Industrial Motherboards,https://www.gigaipc.com/en/products-detail/mITX-Q870A/,"{'Form Factor': ['Mini-ITX', '170W x 170D(mm)'], 'CPU': ['Support Intel® Core™ Ultra processors (Series 2)', 'TDP under 65W'], 'Socket': ['1 x LGA 1851'], 'Chipset': ['Intel® Q870 Chipset'], 'Memory': ['2 x DDR5 SO-DIMM sockets, Max. Capacity 64 GB', 'Support Dual channel DDR5 5600/6400 MHz memory modules'], 'Ethernet': ['2 x 2.5GbE LAN ports (Intel I226LM & I226V)'], 'Video': ['Integrated Graphics Processor - depends on CPU:', '1 x HDMI 2.1 port', '1 x DP 2.1 port', '1 x Type-C(ALT mode)', '1 x LVDS port', '(4 independent display outputs)'], 'Audio': ['Realtek® ALC897'], 'Storage': ['2 x SATA 6Gb/s Ports'], 'RAID': ['RAID 0/1'], 'Expansion Slots': ['1 x PCIe x16 (Gen4 x16)', '1 x 2280 M.2 M-Key (PCIe x4)', '1 x 2230 M.2 E-Key (WiFi/BT)'], 'Internal I/O': ['1 x 4-pin ATX main power connector', '2 x SATA power connectors', '1 x CPU fan header', '1 x System fan header', '1 x Front panel header', '1 x Front panel audio header', '1 x 2W Speaker out header', '4 x USB 2.0 headers', '1 x COM header (RS-232)', '1 x GPIO (8-bits) & SMBUS header', '1 x Backlight Control header', '1 x Clear CMOS jumper', '1 x AT/ATX mode select jumper'], 'Rear l/O': ['2 x Audio Jacks (Line out, Mic in)', '1 x COM Port (RS-232/422/485 & RI/5V/12V)', '1 x HDMI', '1 x Display Port', '1 x Type-C(ALT mode)', '2 x RJ45 LAN Ports', '4 x USB 3.2 Gen 1', '1 x DC Jack (+12V/+19V~+24VDC)'], 'TPM': ['Onboard TPM 2.0 security chip', 'INFINEON SLB9670VQ2.0'], 'OS Compatibility': ['Windows 10/11 (x64)'], 'Operating Properties': ['Operating temperature: 0°C to 60°C'], 'Order Information': ['9MQ870AIMR-SI (Box packing)'], 'Remark': ['∗ All specifications are subject to change without notice. Please contact with your sales representative for more information.']}","{'Dual Channel DDR5, 2 x SO-DIMMs', 'HDMI, Display Port, USB Type C (with Alt mode), LVDS ports for multiple display', '2 x 2.5GbE LAN Port', '2 x SATA 6Gb/s Ports', 'Mini-ITX with Intel® Q870 Chipset, support Intel® Core™ Ultra processors (Series 2), Dual channel DDR5 memory, PCIe, 2 x COM, 8 x USB, 2 x SATA 6Gb/s', '1 x COM Port (RS-232)', 'Intel® Q870 Chipset', 'Mini-ITX form factor', '1 x COM Port (RS-232/422/485 & RI/5V/12V)', 'Support Intel® Core™ Ultra processors (Series 2)'}",https://www.gigaipc.com/upload/catalog_list_pic/mITX-Q870A_MQ870AI-A02-Top-340x353px__26D01HHyNL.webp
mITX-H810A,Industrial Motherboards,https://www.gigaipc.com/en/products-detail/mITX-H810A/,"{'Form Factor': ['Mini-ITX', '170W x 170D(mm)'], 'CPU': ['Support Intel® Core™ Ultra processors (Series 2)', 'TDP under 65W'], 'Socket': ['1 x LGA 1851'], 'Chipset': ['Intel® H810 Chipset'], 'Memory': ['2 x DDR5 SO-DIMM sockets, Max. Capacity 64 GB', 'Support Dual channel DDR5 5600/6400 MHz memory modules'], 'Ethernet': ['2 x 2.5GbE LAN ports (Intel I226V)'], 'Video': ['Integrated Graphics Processor - depends on CPU:', '1 x HDMI 2.1 port', '1 x DP 2.1 port', '1 x Type-C(ALT mode)', '1 x LVDS port', '(3 independent display outputs)'], 'Audio': ['Realtek® ALC897'], 'Storage': ['2 x SATA 6Gb/s Ports'], 'RAID': ['RAID 0/1'], 'Expansion Slots': ['1 x PCIe x16 (Gen4 x16)', '1 x 2280 M.2 M-Key (PCIe x4)', '1 x 2230 M.2 E-Key (WiFi/BT)'], 'Internal I/O': ['1 x 4-pin ATX main power connector', '2 x SATA power connectors', '1 x CPU fan header', '1 x System fan header', '1 x Front panel header', '1 x Front panel audio header', '1 x 2W Speaker out header', '4 x USB 2.0 headers', '1 x COM header (RS-232)', '1 x GPIO (8-bits) & SMBUS header', '1 x Backlight Control header', '1 x Clear CMOS jumper', '1 x AT/ATX mode select jumper'], 'Rear l/O': ['2 x Audio Jacks (Line out, Mic in)', '1 x COM Port (RS-232/422/485 & RI/5V/12V)', '1 x HDMI', '1 x Display Port', '1 x Type-C(ALT mode)', '2 x RJ45 LAN Ports', '4 x USB 3.2 Gen 1', '1 x DC Jack (+12V/+19V~+24VDC)'], 'TPM': ['Onboard TPM 2.0 security chip', 'INFINEON SLB9670VQ2.0'], 'OS Compatibility': ['Windows 10/11 (x64)'], 'Operating Properties': ['Operating temperature: 0°C to 60°C'], 'Order Information': ['9MH810AIMR-SI (Box packing)'], 'Remark': ['∗ All specifications are subject to change without notice. Please contact with your sales representative for more information.']}","{'Mini-ITX with Intel® H810 Chipset, support Intel® Core™ Ultra processors (Series 2), Dual channel DDR5 memory, PCIe, 2 x COM, 8 x USB, 2 x SATA 6Gb/s', 'Dual Channel DDR5, 2 x SO-DIMMs', 'HDMI, Display Port, USB Type C (with Alt mode), LVDS ports for multiple display', '2 x 2.5GbE LAN Port', '2 x SATA 6Gb/s Ports', '1 x COM Port (RS-232)', 'Intel® H810 Chipset', 'Mini-ITX form factor', '1 x COM Port (RS-232/422/485 & RI/5V/12V)', 'Support Intel® Core™ Ultra processors (Series 2)'}",https://www.gigaipc.com/upload/catalog_list_pic/mITX-Q870A_MQ870AI-A02-Top-340x353px__26D02PN36q.webp
mITX-Q670B,Industrial Motherboards,https://www.gigaipc.com/en/products-detail/mITX-Q670B/,"{'Form Factor': ['Mini-ITX', '170W x 170D(mm)'], 'CPU': ['Support for 14th/13th/12th Generation', 'Intel® Core™ i9/i7/i5/i3, Pentium® and Celeron® processors in the LGA1700 package', 'TDP under 65W'], 'Socket': ['1 x LGA 1700'], 'Chipset': ['Intel® Q670 Chipset'], 'Memory': ['2 x DDR5 SO-DIMM sockets, Max. Capacity 96 GB', 'Support Dual channel DDR5 5600 MHz memory modules'], 'Ethernet': ['1 x GbE LAN Port (Intel® I219LM)', '1 x 2.5GbE LAN Port (Intel® I226V)'], 'Video': ['Integrated Graphics Processor - depends on CPU:', '1 x HDMI 2.0 port, supporting a maximum resolution of 4096x2160 @60Hz', '1 x DP port, supporting a maximum resolution of 4096x2160 @60Hz', '1 x VGA port, supporting a maximum resolution of 1920x1080 @60Hz', '1 x LVDS port, supporting a maximum resolution of 1920x1200 @60Hz', '(4 independent display outputs)'], 'Audio': ['Realtek® ALC897'], 'Storage': ['2 x SATA 6Gb/s Ports'], 'RAID': ['RAID 0/1'], 'Expansion Slots': ['1 x PCIe x16 (Gen4 x16)', '1 x 2280 M.2 M-Key (PCIe x4)', '1 x 2230 M.2 E-Key (WiFi/BT)'], 'Internal I/O': ['1 x 4-pin ATX main power connector', '2 x SATA power connectors', '1 x CPU fan header', '1 x System fan header', '1 x Front panel header', '1 x Front panel audio header', '1 x 2W Speaker out header', '6 x USB 2.0 headers', '1 x COM header (RS-232)', '1 x GPIO (8-bits) & SMBUS header', '1 x Backlight Control header', '1 x Clear CMOS jumper', '1 x Buzzer header', '1 x AT/ATX mode select jumper'], 'Rear l/O': ['2 x Audio Jacks (Line out, Mic in)', '1 x COM Port (RS-232/422/485 & RI/5V/12V)', '1 x HDMI', '1 x Display Port', '1 x VGA', '2 x RJ45 LAN Ports', '4 x USB 3.2 Gen 1', '1 x DC Jack (+12V/+19V~+24VDC)'], 'TPM': ['Onboard TPM 2.0 security chip', 'INFINEON SLB9670VQ2.0'], 'OS Compatibility': ['Windows 11 IoT Enterprise LTSC 2024 (x64)', 'Windows 10 IoT Enterprise LTSC 2021 (x64)'], 'Operating Properties': ['Operating temperature: 0°C to 60°C', 'Operating humidity: 60°C @ 20-95% (non-condensing)', 'Non-operating temperature: -40°C to 85°C', 'Non-operating humidity: 85°C @ 95% (non-condensing)'], 'Packing Content': ['Carton size: 465 x 351 x 217 (mm)', 'Packing Capacity: 10pcs', 'Single Box size : 221 x 178 x 65 (mm)', 'Including:', 'IO Shield x 1 (P/N: 12AIO-MQ47EA-10R)', 'SATA power Cable x 1 (P/N: 25CRI-300B01-K1R)'], 'Order Information': ['9MQ670BIMR-SI (Box packing)'], 'Optional Kit': ['CPU Cooler : 25ST0-037820-Y0R', 'CPU Cooler Backplate : 12KRH-0A1700-00R']}","{'HDMI, Display Port, VGA, LVDS ports for multiple display', 'Dual Channel DDR5, 2 x SO-DIMMs', 'Intel® Q670 Chipset', '1 x GbE LAN Port', '2 x SATA 6Gb/s Ports', '1 x COM Port (RS-232)', 'Support 14th/13th/12th Generation Intel® Core™ Processors', '1 x 2.5GbE LAN Port', '1 x COM Port (RS-232/422/485 & RI/5V/12V)', 'Mini-ITX form factor', 'Mini-ITX with Intel® Q670 Chipset, support 14th/13th/12th Generation Intel® Core™ Processors, Dual channel DDR5 memory, PCIe, 2 x COM, 10 x USB, 2 x SATA 6Gb/s'}",https://www.gigaipc.com/upload/catalog_list_pic/mITX-Q670B_MQ-670BI-A10-Top-340x353px__26B11kI8lR.webp
mITX-H610B,Industrial Motherboards,https://www.gigaipc.com/en/products-detail/mITX-H610B/,"{'Form Factor': ['Mini-ITX', '170W x 170D(mm)'], 'CPU': ['Support for 14th/13th/12th Generation', 'Intel® Core™ i9/i7/i5/i3, Pentium® and Celeron® processors in the LGA1700 package', 'TDP under 65W'], 'Socket': ['1 x LGA 1700'], 'Chipset': ['Intel® H610 Chipset'], 'Memory': ['2 x DDR5 SO-DIMM sockets, Max. Capacity 96 GB', 'Support Dual channel DDR5 5600 MHz memory modules'], 'Ethernet': ['1 x GbE LAN Port (Intel® I219LM)', '1 x 2.5GbE LAN Port (Intel® I226V)'], 'Video': ['Integrated Graphics Processor - depends on CPU:', '1 x HDMI 2.0 port, supporting a maximum resolution of 4096x2160 @60Hz', '1 x DP port, supporting a maximum resolution of 4096x2160 @60Hz', '1 x VGA port, supporting a maximum resolution of 1920x1080 @60Hz', '1 x LVDS port, supporting a maximum resolution of 1920x1200 @60Hz', '(3 independent display outputs)'], 'Audio': ['Realtek® ALC897'], 'Storage': ['2 x SATA 6Gb/s Ports'], 'Expansion Slots': ['1 x PCIe x16 (Gen4 x16)', '1 x 2280 M.2 M-Key (PCIe x4)', '1 x 2230 M.2 E-Key (WiFi/BT)'], 'Internal I/O': ['1 x 4-pin ATX main power connector', '2 x SATA power connectors', '1 x CPU fan header', '1 x System fan header', '1 x Front panel header', '1 x Front panel audio header', '1 x 2W Speaker out header', '4 x USB 2.0 headers', '1 x COM header (RS-232)', '1 x GPIO (8-bits) & SMBUS header', '1 x Backlight Control header', '1 x Clear CMOS jumper', '1 x Buzzer header', '1 x AT/ATX mode select jumper'], 'Rear l/O': ['2 x Audio Jacks (Line out, Mic in)', '1 x COM Port (RS-232/422/485 & RI/5V/12V)', '1 x HDMI', '1 x Display Port', '1 x VGA', '2 x RJ45 LAN Ports', '4 x USB 3.2 Gen 1', '1 x DC Jack (+12V/+19V~+24VDC)'], 'TPM': ['Onboard TPM 2.0 security chip', 'INFINEON SLB9670VQ2.0'], 'OS Compatibility': ['Windows 11 IoT Enterprise LTSC 2024 (x64)', 'Windows 10 IoT Enterprise LTSC 2021 (x64)'], 'Operating Properties': ['Operating temperature: 0°C to 60°C', 'Operating humidity: 60°C @ 20-95% (non-condensing)', 'Non-operating temperature: -40°C to 85°C', 'Non-operating humidity: 85°C @ 95% (non-condensing)'], 'Packing Content': ['Carton size: 465 x 351 x 217 (mm)', 'Packing Capacity: 10pcs', 'Single Box size : 221 x 178 x 65 (mm)', 'Including:', 'IO Shield x 1 (P/N: 12AIO-MQ47EA-10R)', 'SATA power Cable x 1 (P/N: 25CRI-300B01-K1R)'], 'Order Information': ['9MH610BIMR-SI (Box packing)'], 'Optional Kit': ['CPU Cooler : 25ST0-037820-Y0R', 'CPU Cooler Backplate : 12KRH-0A1700-00R']}","{'HDMI, Display Port, VGA, LVDS ports for multiple display', 'Dual Channel DDR5, 2 x SO-DIMMs', 'Intel® H610 Chipset', '1 x GbE LAN Port', '2 x SATA 6Gb/s Ports', '1 x COM Port (RS-232)', 'Mini-ITX with Intel® H610 Chipset, support 14th/13th/12th Generation Intel® Core™ Processors, Dual channel DDR5 memory, PCIe, 2 x COM, 8 x USB, 2 x SATA 6Gb/s', 'Support 14th/13th/12th Generation Intel® Core™ Processors', '1 x 2.5GbE LAN Port', 'Mini-ITX form factor', '1 x COM Port (RS-232/422/485 & RI/5V/12V)'}",https://www.gigaipc.com/upload/catalog_list_pic/mITX-H610B-MH610BI-A10-Top-340x353px__26C05f5Bz5.webp
mITX-H61ED,Industrial Motherboards,https://www.gigaipc.com/en/products-detail/mITX-H61ED/,"{'Form Factor': ['Mini-ITX', '170W x 170D(mm)'], 'CPU': ['Support for 14th/13th/12th Generation', 'Intel® Core™ i9/i7/i5/i3, Pentium® and Celeron® processors in the LGA1700 package', 'TDP under 65W'], 'Socket': ['1 x LGA 1700'], 'Chipset': ['Intel® H610E Chipset'], 'Memory': ['2 x DDR5 SO-DIMM sockets, Max. Capacity 96 GB', 'Support Dual channel DDR5 5600 MHz memory modules'], 'Ethernet': ['6 x 2.5GbE LAN Ports (Intel® I226V)'], 'Video': ['Integrated Graphics Processor - depends on CPU:', '1 x HDMI 2.0 port, supporting a maximum resolution of 4096x2160 @60Hz', '1 x VGA port, supporting a maximum resolution of 1920x1080 @60Hz', '(2 independent display outputs)'], 'Audio': ['Realtek® ALC897'], 'Storage': ['2 x SATA 6Gb/s Ports'], 'Expansion Slots': ['1 x PCIe x16 (Gen 4x16)', '1 x 2280 M.2 M-Key (SATA 6Gb/s)', '1 x 2230 M.2 E-Key (WiFi/BT)'], 'Internal I/O': ['1 x 4-pin ATX main power connector', '1 x SATA power connector', '1 x CPU fan header', '1 x System fan header', '1 x Front panel header', '1 x Front panel audio header', '4 x USB 2.0 headers', '1 x COM header (RS-232/422/485 & RI/5V/12V)', '1 x COM header (RS-232)', '1 x GPIO (8-bits) & SMBus header', '1 x Clear CMOS jumper', '1 x Buzzer header', '1 x AT/ATX mode select jumper'], 'Rear l/O': ['2 x Audio Jacks (Line out, Mic in)', '1 x HDMI', '1 x VGA', '6 x RJ45 LAN Ports', '4 x USB 3.2 Gen 1', '1 x DC Jack (+12V/+19V~24VDC)'], 'TPM': ['Onboard TPM 2.0 security chip', 'Infineon SLB9670VQ2.0'], 'OS Compatibility': ['Windows 11 IoT Enterprise LTSC 64bits_24H2', 'Windows 10 IoT Enterprise LTSC 64bits_2021(21H2)'], 'Operating Properties': ['Operating temperature: 0°C to 60°C', 'Operating humidity: 60°C @ 20-95% (non-condensing)', 'Non-operating temperature: -40°C to 85°C', 'Non-operating humidity: 85°C @ 95% (non-condensing)'], 'Packing Content': ['Carton size: 465 x 351 x 217 (mm)', 'Packing Capacity: 10pcs', 'Single Box size : 221 x 178 x 65 (mm)', 'Single Box weight: Approx. 0.8kg', 'Including:', 'IO Shield x 1 (P/N: 12AIO-MH61EC-00R)', 'SATA power Cable x 1 (P/N: 25CRI-300B01-K1R)'], 'Order Information': ['9MH61EDIMR-SI (Box packing)'], 'Optional Kit': ['CPU Cooler : 25ST0-037820-Y0R', 'CPU Cooler Backplate : 12KRH-0A1700-00R']}","{'Dual Channel DDR5, 2 x SO-DIMMs', '6 x 2.5GbE LAN Ports', '2 x SATA 6Gb/s Ports', '1 x COM Port (RS-232)', 'Mini-ITX with Intel® H610E Chipset, support 14th/13th/12th Generation Intel® Core™ Processors, Dual channel DDR5 memory, PCIe, 2 x COM, 8 x USB, 2 x SATA 6Gb/s', 'Support 14th/13th/12th Generation Intel® Core™ Processors', '1 x COM Port (RS-232/422/485 & RI/5V/12V)', 'Mini-ITX form factor', 'HDMI, VGA ports for multiple display', 'Intel® H610E Chipset'}",https://www.gigaipc.com/upload/catalog_list_pic/mITX-H61ED-MH61EDI-A10-Top-340x353px__26A06eVEvX.webp
mITX-H810E,Industrial Motherboards,https://www.gigaipc.com/en/products-detail/mITX-H810E/,"{'Form Factor': ['Mini-ITX', '170W x 170D (mm)'], 'CPU': ['Support Intel® Core™ Ultra processors (Series 2)', 'TDP under 65W'], 'Socket': ['1 x LGA 1851'], 'Chipset': ['Intel® H810 Chipset'], 'Memory': ['2 x DDR5 SO-DIMM/CSO-DIMM sockets, Max. Capacity 128 GB', 'Support Dual channel DDR5 5600/6400 MHz memory modules'], 'Ethernet': ['1 x GbE LAN Port (Intel® I219V)', '1 x 2.5GbE LAN Port (Intel® I226V)'], 'Video': ['Integrated Graphics Processor - depends on CPU:', '1 x HDMI 2.1 port, supporting a maximum resolution of 7680x4320 @60Hz', '1 x DP port, supporting a maximum resolution of 4096x2160 @60Hz', '1 x VGA port, supporting a maximum resolution of 1920x1080 @60Hz', '1 x LVDS port, supporting a maximum resolution of 1920x1200 @60Hz', '(3 independent display outputs)'], 'Audio': ['Realtek® ALC897'], 'Storage': ['2 x SATA 6Gb/s Ports'], 'Expansion Slots': ['1 x PCIe x16 (Gen 4x16)', '1 x 2280 M.2 M-Key (PCIe Gen4x4, SATA 6Gb/s)', '1 x 2230 M.2 E-Key'], 'Internal I/O': ['1 x 24-pin ATX main power connector', '1 x 8-pin ATX 12V power connector', '1 x CPU fan header', '1 x System fan header', '1 x Front panel header', '1 x Front panel audio header', '1 x 2W speaker out header', '4 x USB 2.0 headers', '1 x COM header (RS-232/422/485)', '4 x COM headers (RS-232)', '1 x GPIO (8 bits) & SMBus header', '1 x Backlight control header', '1 x Clear CMOS jumper', '1 x Buzzer header', '1 x AT/ATX mode select jumper'], 'Rear l/O': ['2 x Audio Jacks (Line out, Mic in)', '1 x COM Port (RS-232/422/485 & RI/5V/12V)', '1 x HDMI', '1 x Display port', '1 x VGA', '2 x RJ45 LAN Ports', '2 x USB 3.2 Gen 2x1', '2 x USB 3.2 Gen 1'], 'TPM': ['Onboard TPM 2.0 security chip', 'Infineon SLB9670VQ2.0'], 'OS Compatibility': ['Windows 10/11 (x64)'], 'Operating Properties': ['Operating temperature: 0°C to 60°C', 'Operating humidity: 60°C @ 20-95% (non-condensing)', 'Non-operating temperature: -40°C to 85°C', 'Non-operating humidity: 85°C @ 95% (non-condensing)'], 'Packing Content': ['Carton size: 465 x 351 x 217 (mm)', 'Packing Capacity: 10pcs', 'Single Box size : 221 x 178 x 65 (mm)', 'Including:', 'IO Shield x 1 (P/N: 12AIO-MH610E-00R)', 'SATA Cable x 1 (P/N: 12CF1-2SAT1B-01R)'], 'Order Information': ['9MH810EIMR-SI (Box packing)'], 'Optional Kit': ['CPU Cooler : 25ST0-037820-Y0R', 'CPU Cooler Backplate : 12KRH-0A1700-00R']}","{'HDMI, DP, VGA, LVDS for multiple display', '1 x GbE LAN Port', '1 x COM Port (RS-232/422/485)', 'Dual Channel DDR5, 2 x SO-DIMMs/CSO-DIMMs', 'Mini-ITX with Intel® H810 Chipset, Support Intel® Core™ Ultra processors (Series 2), Dual channel DDR5 memory, PCIe, 6 x COM, 8 x USB, 2 x SATA 6Gb/s', '2 x SATA 6Gb/s Ports', 'Intel® H810 Chipset', '1 x 2.5GbE LAN Port', '4 x COM Ports (RS-232)', 'Mini-ITX form factor', '1 x COM Port (RS-232/422/485 & RI/5V/12V)', 'Support Intel® Core™ Ultra processors (Series 2)'}",https://www.gigaipc.com/upload/catalog_list_pic/mITX-H810E_MH810EI-A10-Top-340x353px__25I051SLcY.webp
mITX-H610E,Industrial Motherboards,https://www.gigaipc.com/en/products-detail/mITX-H610E/,"{'Form Factor': ['Mini-ITX', '170W x 170D (mm)'], 'CPU': ['Support for 14th/13th/12th Generation', 'Intel® Core™ i9/i7/i5/i3, Pentium® and Celeron® processors in the LGA1700 package', 'TDP under 65W'], 'Socket': ['1 x LGA 1700'], 'Chipset': ['Intel® H610 Chipset'], 'Memory': ['2 x DDR5 SO-DIMM sockets, Max. Capacity 64 GB', 'Support Dual channel DDR5 4800 MHz memory modules'], 'Ethernet': ['1 x GbE LAN Port (Intel® I219V)', '1 x 2.5GbE LAN Port (Intel® I226V)'], 'Video': ['Integrated Graphics Processor - depends on CPU:', '1 x HDMI 2.0 port, supporting a maximum resolution of 4096x2160 @60Hz', '1 x DP port, supporting a maximum resolution of 4096x2160 @60Hz', '1 x VGA port, supporting a maximum resolution of 1920x1080 @60Hz', '1 x LVDS port, supporting a maximum resolution of 1920x1200 @60Hz', '(3 independent display outputs)'], 'Audio': ['Realtek® ALC897'], 'Storage': ['2 x SATA 6Gb/s Ports'], 'Expansion Slots': ['1 x PCIe x16 (Gen 3x16)', '1 x 2280 M.2 M-Key (PCIe Gen3x4, SATA 6Gb/s)', '1 x 2230 M.2 E-Key'], 'Internal I/O': ['1 x 24-pin ATX main power connector', '1 x 8-pin ATX 12V power connector', '1 x CPU fan header', '1 x System fan header', '1 x Front panel header', '1 x Front panel audio header', '1 x 2W speaker out header', '4 x USB 2.0 headers', '1 x COM header (RS-232/422/485)', '4 x COM headers (RS-232)', '1 x GPIO (8 bits) & SMBus header', '1 x Backlight control header', '1 x Clear CMOS jumper', '1 x Buzzer', '1 x AT/ATX mode select jumper'], 'Rear l/O': ['2 x Audio Jacks (Line out, Mic in)', '1 x COM Port (RS-232/422/485 & RI/5V/12V)', '1 x HDMI', '1 x Display port', '1 x VGA', '2 x RJ45 LAN Ports', '4 x USB 3.2 Gen 1'], 'TPM': ['Onboard TPM 2.0 security chip', 'Infineon SLB9670VQ2.0'], 'OS Compatibility': ['Windows 10/11 (x64)'], 'Operating Properties': ['Operating temperature: 0°C to 60°C', 'Operating humidity: 0-90% (non-condensing)', 'Non-operating temperature: -40°C to 85°C', 'Non-operating humidity: 0%-95% (non-condensing)'], 'Packing Content': ['Carton size: 465 x 351 x 217 (mm)', 'Packing Capacity: 10pcs', 'Single Box size : 221 x 178 x 65 (mm)', 'Including:', 'IO Shield x 1 (P/N: 12AIO-MH610E-00R)', 'SATA Cable x 1 (P/N: 12CF1-2SAT1B-01R)'], 'Order Information': ['9MH610EIMR-SI (Box packing)'], 'Optional Kit': ['CPU Cooler : 25ST0-037820-Y0R', 'CPU Cooler Backplate : 12KRH-0A1700-00R']}","{'Dual Channel DDR5, 2 x SO-DIMMs', 'HDMI, DP, VGA, LVDS for multiple display', 'Intel® H610 Chipset', '1 x GbE LAN Port', '1 x COM Port (RS-232/422/485)', '2 x SATA 6Gb/s Ports', 'Mini-ITX with Intel® H610 Chipset, support 14th/13th/12th Generation Intel® Core™ Processors, Dual channel DDR5 memory, PCIe, 6 x COM, 8 x USB, 2 x SATA 6Gb/s', 'Support 14th/13th/12th Generation Intel® Core™ Processors', '1 x 2.5GbE LAN Port', '4 x COM Ports (RS-232)', 'Mini-ITX form factor', '1 x COM Port (RS-232/422/485 & RI/5V/12V)'}",https://www.gigaipc.com/upload/catalog_list_pic/mITX-H610E_MH610EI-A10-Top-510x530px__24B06V7GCm.webp
mITX-H61EC,Industrial Motherboards,https://www.gigaipc.com/en/products-detail/mITX-H61EC/,"{'Form Factor': ['Mini-ITX', '170W x 170D(mm)'], 'CPU': ['Support for 14th/13th/12th Generation', 'Intel® Core™ i9/i7/i5/i3, Pentium® and Celeron® processors in the LGA1700 package', 'TDP under 65W'], 'Socket': ['1 x LGA 1700'], 'Chipset': ['Intel® H610E Chipset'], 'Memory': ['2 x DDR4 SO-DIMM sockets, Max. Capacity 64 GB', 'Support Dual channel DDR4 3200 MHz memory modules'], 'Ethernet': ['6 x 2.5GbE LAN Ports (Intel® I226V)'], 'Video': ['Integrated Graphics Processor - depends on CPU:', '1 x HDMI 2.0 port, supporting a maximum resolution of 4096x2160 @60Hz', '1 x VGA port, supporting a maximum resolution of 1920x1080 @60Hz', '(2 independent display outputs)'], 'Audio': ['Realtek® Audio codec'], 'Storage': ['2 x SATA 6Gb/s Ports'], 'Expansion Slots': ['1 x PCIe x16 (Gen 4x16)', '1 x 2280 M.2 M-Key (SATA 6Gb/s)', '1 x 2230 M.2 E-Key (WiFi/BT)'], 'Internal I/O': ['1 x 4-pin ATX main power connector', '1 x SATA power connector', '1 x CPU fan header', '1 x System fan header', '1 x Front panel header', '1 x Front panel audio header', '4 x USB 2.0 headers', '1 x COM header (RS-232/422/485 & RI/5V/12V)', '1 x COM header (RS-232)', '1 x GPIO (8-bits) & SMBus header', '1 x Clear CMOS jumper', '1 x Buzzer header', '1 x AT/ATX mode select jumper'], 'Rear l/O': ['2 x Audio Jacks (Line out, Mic in)', '1 x HDMI', '1 x VGA', '6 x RJ45 LAN Ports', '4 x USB 3.2 Gen 1', '1 x DC Jack (+12V/+19V~24VDC)'], 'TPM': ['Onboard TPM 2.0 security chip', 'Infineon SLB9670VQ2.0'], 'OS Compatibility': ['Windows 10/11 (x64)'], 'Operating Properties': ['Operating temperature: 0°C to 60°C', 'Operating humidity: 0-90% (non-condensing)', 'Non-operating temperature: -40°C to 85°C', 'Non-operating humidity: 0%-95% (non-condensing)'], 'Packing Content': ['Carton size: 465 x 351 x 217 (mm)', 'Packing Capacity: 10pcs', 'Single Box size : 221 x 178 x 65 (mm)', 'Single Box weight: Approx. 0.8kg', 'Including:', 'IO Shield x 1 (P/N: 12AIO-MH61EC-00R)', 'SATA power Cable x 1 (P/N: 25CRI-300B01-K1R)'], 'Order Information': ['9MH61ECIMR-SI (Box packing)'], 'Optional Kit': ['CPU Cooler : 25ST0-037820-Y0R', 'CPU Cooler Backplate : 12KRH-0A1700-00R']}","{'6 x 2.5GbE LAN Ports', 'Dual Channel DDR4, 2 x SO-DIMMs', '2 x SATA 6Gb/s Ports', 'Mini-ITX with Intel® H610E Chipset, support 14th/13th/12th Generation Intel® Core™ Processors, Dual channel DDR4 memory, PCIe, 2 x COM, 8 x USB, 2 x SATA 6Gb/s', '1 x COM Port (RS-232)', 'Support 14th/13th/12th Generation Intel® Core™ Processors', '1 x COM Port (RS-232/422/485 & RI/5V/12V)', 'Mini-ITX form factor', 'HDMI, VGA ports for multiple display', 'Intel® H610E Chipset'}",https://www.gigaipc.com/upload/catalog_list_pic/mITX-H610EC-Top-510x530px__24B06ejl6p.webp
mITX-6412A,Industrial Motherboards,https://www.gigaipc.com/en/products-detail/mITX-6412A/,"{'Form Factor': ['Mini-ITX', '170W x 170D(mm)'], 'CPU': ['Intel® Celeron® J6412 Processor', '10nm, 4 cores, 4 threads, up to 2.60 GHz', 'TDP 10W'], 'Socket': ['1 x FCBGA 1493'], 'Memory': ['2 x DDR4 SO-DIMM sockets, Max. Capacity 32 GB', 'Support Dual Channel DDR4 3200 MHz memory modules'], 'Ethernet': ['2 x GbE LAN Ports (Realtek® RTL8111H)'], 'Video': ['Integrated Graphics Processor -', 'Intel® UHD Graphics for 10th Gen Intel® Processors:', '1 x HDMI 2.0 port, supporting a maximum resolution of 4096x2160 @60Hz', '1 x VGA port, supporting a maximum resolution of 1920x1080 @60Hz', '1 x LVDS port, supporting a maximum resolution of 1920x1200 @60Hz', '1 x eDP port, supporting a maximum resolution of 3840x2160 @60Hz', '* eDP connector is alternative with LVDS port, only one can be worked at the same time', '(3 independent display outputs)'], 'Audio': ['Realtek® ALC897'], 'Storage': ['5 x SATA 6Gb/s Ports', '(4 x Asmedia ASM1064)', '(1 x supports SATA DOM)'], 'Expansion Slots': ['1 x PCIe x1 (Gen 3x1)', '1 x 2280 M.2 M-Key (SATA 6Gb/s)', '1 x 2230 M.2 E-Key'], 'Internal I/O': ['1 x 4-pin ATX main power connector', '3 x SATA power connectors', '1 x CPU fan header', '1 x System fan header', '1 x Front panel header', '1 x Front panel audio header', '1 x 2W Speaker out header', '4 x USB 2.0 headers', '4 x COM headers (RS-232)', '1 x GPIO (8 bits) & SMBus header', '1 x Case open header', '1 x AT/ATX mode select jumper', '1 x Backlight Control header', '1 x Buzzer', '4 x SATA LED header', '1 x ATX Control header'], 'Rear l/O': ['2 x Audio Jacks (Line out, Mic in)', '2 x COM Ports (RS-232/422/485 & RI/5V/12V)', '1 x HDMI', '1 x VGA', '2 x RJ45 LAN Ports', '2 x USB 2.0', '2 x USB 3.2 Gen 1', '1 x DC Jack (+12V/+19V~+24VDC)'], 'TPM': ['Onboard TPM 2.0 security chip', 'Infineon SLB9670VQ2.0'], 'OS Compatibility': ['Windows 10 (x64)'], 'Operating Properties': ['Operating temperature: 0°C to 60°C', 'Operating humidity: 0-90% (non-condensing)', 'Non-operating temperature: -40°C to 85°C', 'Non-operating humidity: 0%-95% (non-condensing)'], 'Packing Content': ['Carton size: 465 x 351 x 217 (mm)', 'Packing Capacity: 10pcs', 'Single Box size : 221 x 178 x 65 (mm)', 'Single Box weight: Approx. 0.8kg', 'Including:', 'IO Shield x 1 (P/N: 12AIO-MEHLJA-10R)', 'SATA power Cable x 3 (P/N: 25CRI-300B01-K1R)'], 'Order Information': ['9MEHLJAIMR-SI (Box packing)']}","{'Mini-ITX Embedded Motherboard with Intel® J6412 Processor, Dual Channel DDR4 memory, PCIe, 6 x COM, 5 x SATA 6Gb/s, 8 x USB', 'HDMI 2.0, VGA, eDP, LVDS ports for multiple display', 'Dual Channel DDR4, 2 x SO-DIMMs', '2 x GbE LAN Ports', '5 x SATA 6Gb/s Ports with one SATA DOM supported', '4 x COM Ports (RS-232)', 'Mini-ITX form factor', 'Intel® Celeron® J6412 Processor', '1 x PCIe x1 (Gen 3x1) expansion slot', '2 x COM Ports (RS-232/422/485 & RI/5V/12V)'}",https://www.gigaipc.com/upload/catalog_list_pic/mITX-6412A-MEHLJAI-A10-Top-510x530px__24B06MtDN3.webp
mITX-Q67EB,Industrial Motherboards,https://www.gigaipc.com/en/products-detail/mITX-Q67EB/,"{'Form Factor': ['Mini-ITX', '170W x 170D(mm)'], 'CPU': ['Support for 14th/13th/12th Generation', 'Intel® Core™ i9/i7/i5/i3, Pentium® and Celeron® processors in the LGA1700 package', 'TDP under 65W'], 'Socket': ['1 x LGA 1700'], 'Chipset': ['Intel® Q670E Chipset'], 'Memory': ['2 x DDR4 SO-DIMM sockets, Max. Capacity 64 GB', 'Support Dual channel DDR4 3200 MHz memory modules'], 'Ethernet': ['1 x GbE LAN Port (Intel® I219LM)', '1 x 2.5GbE LAN Port (Intel® I226V)'], 'Video': ['Integrated Graphics Processor - depends on CPU:', '1 x HDMI 2.0 port, supporting a maximum resolution of 4096x2160 @60Hz', '1 x DP port, supporting a maximum resolution of 4096x2160 @60Hz', '1 x VGA port, supporting a maximum resolution of 1920x1200 @60Hz', '(3 independent display outputs)'], 'Audio': ['Realtek® Audio codec'], 'Storage': ['4 x SATA 6Gb/s Ports'], 'RAID': ['RAID 0/1/5/10'], 'Expansion Slots': ['1 x PCIe x16 (Gen 4x16)', '1 x 2280 M.2 M-Key (PCIe Gen 3x4)', '1 x 2230 M.2 E-Key (WiFi/BT)'], 'Internal I/O': ['1 x 24-pin ATX main power connector', '1 x 8-pin ATX 12V power connector', '1 x CPU fan header', '1 x System fan header', '1 x Front panel header', '1 x Front panel audio header', '1 x 2W Speaker out header', '6 x USB 2.0 headers', '1 x COM header (RS-232)', '1 x GPIO (8 bits) & SMBus header', '1 x Clear CMOS jumper', '1 x Buzzer', '1 x AT/ATX mode select jumper'], 'Rear l/O': ['2 x Audio Jacks (Line out, Mic in)', '1 x COM Port (RS-232/422/485 & RI/5V/12V)', '1 x HDMI', '1 x Display Port', '1 x VGA', '2 x RJ45 LAN Ports', '4 x USB 3.2 Gen 1'], 'TPM': ['1 x TPM header'], 'OS Compatibility': ['Windows 10/11 (x64)'], 'Operating Properties': ['Operating temperature: 0°C to 60°C', 'Operating humidity: 0-90% (non-condensing)', 'Non-operating temperature: -40°C to 85°C', 'Non-operating humidity: 0%-95% (non-condensing)'], 'Packing Content': ['Carton size: 465 x 351 x 217 (mm)', 'Packing Capacity: 10pcs', 'Single Box size : 221 x 178 x 65 (mm)', 'Single Box weight: Approx. 0.8kg', 'Including:', 'IO Shield x 1 (P/N: 12AIO-MQ67EB-00R)', 'SATA Cable x 1 (P/N: 12CF1-2SAT1B-01R)'], 'Order Information': ['9MQ67EBIMR-SI (Box packing)'], 'Optional Kit': ['CPU Cooler P/N: 25ST0-037820-Y0R', 'CPU Cooler Backplate P/N: 12KRH-0A1700-00R', 'TPM 2.0 module P/N: 9CTM010NR-00']}","{'Mini-ITX with Intel® Q670E Chipset, support 14th/13th/12th Generation Intel® Core™ Processors, Dual channel DDR4 memory, PCIe, 2 x COM, 10 x USB, 4 x SATA 6Gb/s', '1 x GbE LAN Port', 'HDMI, Display Port, VGA ports for multiple display', '4 x SATA 6Gb/s Ports', 'Dual Channel DDR4, 2 x SO-DIMMs', '1 x COM Port (RS-232)', 'Support 14th/13th/12th Generation Intel® Core™ Processors', '1 x 2.5GbE LAN Port', '1 x COM Port (RS-232/422/485 & RI/5V/12V)', 'Mini-ITX form factor', 'Intel® Q670E Chipset'}",https://www.gigaipc.com/upload/catalog_list_pic/mITX-Q67EB_MQ67EBI-A10-Top-510x530px__24B06b72tf.png
mITX-H610A,Industrial Motherboards,https://www.gigaipc.com/en/products-detail/mITX-H610A/,"{'Form Factor': ['Mini-ITX', '170W x 170D(mm)'], 'CPU': ['Support for 14th/13th/12th Generation', 'Intel® Core™ i9/i7/i5/i3, Pentium® and Celeron® processors in the LGA1700 package', 'TDP under 65W'], 'Socket': ['1 x LGA 1700'], 'Chipset': ['Intel® H610 Chipset'], 'Memory': ['2 x DDR4 SO-DIMM sockets, Max. Capacity 64 GB', 'Support Dual channel DDR4 3200 MHz memory modules'], 'Ethernet': ['1 x GbE LAN Port (Intel® I219V)', '1 x 2.5GbE LAN Port (Intel® I226V)'], 'Video': ['Integrated Graphics Processor - depends on CPU:', '1 x HDMI 2.0 port, supporting a maximum resolution of 4096x2160 @60Hz', '1 x DP port, supporting a maximum resolution of 4096x2160 @60Hz', '1 x VGA port, supporting a maximum resolution of 1920x1200 @60Hz', '1 x LVDS port, supporting a maximum resolution of 1920x1200 @60Hz', '(3 independent display outputs)'], 'Audio': ['Realtek® Audio codec'], 'Storage': ['2 x SATA 6Gb/s Ports'], 'Expansion Slots': ['1 x PCIe x16 (Gen4 x16)', '1 x 2280 M.2 M-Key (PCIe x4)', '1 x 2230 M.2 E-Key (WiFi/BT)'], 'Internal I/O': ['1 x 4-pin ATX main power connector', '2 x SATA power connectors', '1 x CPU fan header', '1 x System fan header', '1 x Front panel header', '1 x Front panel audio header', '1 x 2W Speaker out header', '4 x USB 2.0 headers', '1 x COM header (RS-232)', '1 x GPIO (8-bits) & SMBUS header', '1 x Backlight Control header', '1 x Clear CMOS jumper', '1 x Buzzer header', '1 x AT/ATX mode select jumper'], 'Rear l/O': ['2 x Audio Jacks (Line out, Mic in)', '1 x COM Port (RS-232/422/485 & RI/5V/12V)', '1 x HDMI', '1 x Display Port', '1 x VGA', '2 x RJ45 LAN Ports', '4 x USB 3.2 Gen 1', '1 x DC Jack (+12V/+19V~+24VDC)'], 'TPM': ['1 x TPM Header'], 'OS Compatibility': ['Windows 10/11 (x64)'], 'Operating Properties': ['Operating temperature: 0°C to 60°C', 'Operating humidity: 0-90% (non-condensing)', 'Non-operating temperature: -40°C to 85°C', 'Non-operating humidity: 0%-95% (non-condensing)'], 'Packing Content': ['Carton size: 465 x 351 x 217 (mm)', 'Packing Capacity: 10pcs', 'Single Box size: 221 x 178 x 65 (mm)', 'Single Box weight: Approx. 0.8kg', 'Including:', 'IO Shield x 1 (P/N: 12AIO-MQ47EA-10R)', 'SATA power Cable x 1 (P/N: 25CRI-300B01-K1R)'], 'Order Information': ['9MH610AIMR-SI (Box packing)'], 'Optional Kit': ['CPU Cooler : 25ST0-037820-Y0R', 'CPU Cooler Backplate : 12KRH-0A1700-00R', 'TPM 2.0 module: 9CTM010NR-00']}","{'HDMI, Display Port, VGA, LVDS ports for multiple display', 'Mini-ITX with Intel® H610 Chipset, support 14th/13th/12th Generation Intel® Core™ Processors, Dual channel DDR4 memory, PCIe, 2 x COM, 8 x USB, 2 x SATA 6Gb/s', 'Intel® H610 Chipset', '1 x GbE LAN Port', 'Dual Channel DDR4, 2 x SO-DIMMs', '2 x SATA 6Gb/s Ports', '1 x COM Port (RS-232)', 'Support 14th/13th/12th Generation Intel® Core™ Processors', '1 x 2.5GbE LAN Port', 'Mini-ITX form factor', '1 x COM Port (RS-232/422/485 & RI/5V/12V)'}",https://www.gigaipc.com/upload/catalog_list_pic/mITX-H610A_MH610AI_A10-Top_510x530px__24B06yOh6b.png
mITX-Q670A,Industrial Motherboards,https://www.gigaipc.com/en/products-detail/mITX-Q670A/,"{'Form Factor': ['Mini-ITX', '170W x 170D(mm)'], 'CPU': ['Support for 14th/13th/12th Generation', 'Intel® Core™ i9/i7/i5/i3, Pentium® and Celeron® processors in the LGA1700 package', 'TDP under 65W'], 'Socket': ['1 x LGA 1700'], 'Chipset': ['Intel® Q670 Chipset'], 'Memory': ['2 x DDR4 SO-DIMM sockets, Max. Capacity 64 GB', 'Support Dual channel DDR4 3200 MHz memory modules'], 'Ethernet': ['1 x GbE LAN Port (Intel® I219LM)', '1 x 2.5GbE LAN Port (Intel® I226V)'], 'Video': ['Integrated Graphics Processor - depends on CPU:', '1 x HDMI 2.0 port, supporting a maximum resolution of 4096x2160 @60Hz', '1 x DP port, supporting a maximum resolution of 4096x2160 @60Hz', '1 x VGA port, supporting a maximum resolution of 1920x1200 @60Hz', '1 x LVDS port, supporting a maximum resolution of 1920x1200 @60Hz', '(4 independent display outputs)'], 'Audio': ['Realtek® Audio codec'], 'Storage': ['2 x SATA 6Gb/s Ports'], 'RAID': ['RAID 0/1'], 'Expansion Slots': ['1 x PCIe x16 (Gen4 x16)', '1 x 2280 M.2 M-Key (PCIe x4)', '1 x 2230 M.2 E-Key (WiFi/BT)'], 'Internal I/O': ['1 x 4-pin ATX main power connector', '2 x SATA power connectors', '1 x CPU fan header', '1 x System fan header', '1 x Front panel header', '1 x Front panel audio header', '1 x 2W Speaker out header', '6 x USB 2.0 headers', '1 x COM header (RS-232)', '1 x GPIO (8-bits) & SMBUS header', '1 x Backlight Control header', '1 x Clear CMOS jumper', '1 x Buzzer header', '1 x AT/ATX mode select jumper'], 'Rear l/O': ['2 x Audio Jacks (Line out, Mic in)', '1 x COM Port (RS-232/422/485 & RI/5V/12V)', '1 x HDMI', '1 x Display Port', '1 x VGA', '2 x RJ45 LAN Ports', '4 x USB 3.2 Gen 1', '1 x DC Jack (+12V/+19V~+24VDC)'], 'TPM': ['1 x TPM Header'], 'OS Compatibility': ['Windows 10/11 (x64)'], 'Operating Properties': ['Operating temperature: 0°C to 60°C', 'Operating humidity: 0-90% (non-condensing)', 'Non-operating temperature: -40°C to 85°C', 'Non-operating humidity: 0%-95% (non-condensing)'], 'Packing Content': ['Carton size: 465 x 351 x 217 (mm)', 'Packing Capacity: 10pcs', 'Single Box size: 221 x 178 x 65 (mm)', 'Single Box weight: Approx. 0.8kg', 'Including:', 'IO Shield x 1 (P/N: 12AIO-MQ47EA-10R)', 'SATA power Cable x 1 (P/N: 25CRI-300B01-K1R)'], 'Order Information': ['9MQ670AIMR-SI (Box packing)'], 'Optional Kit': ['CPU Cooler : 25ST0-037820-Y0R', 'CPU Cooler Backplate : 12KRH-0A1700-00R', 'TPM 2.0 module: 9CTM010NR-00']}","{'HDMI, Display Port, VGA, LVDS ports for multiple display', 'Intel® Q670 Chipset', '1 x GbE LAN Port', 'Dual Channel DDR4, 2 x SO-DIMMs', '2 x SATA 6Gb/s Ports', '1 x COM Port (RS-232)', 'Support 14th/13th/12th Generation Intel® Core™ Processors', 'Mini-ITX with Intel® Q670 Chipset, support 14th/13th/12th Generation Intel® Core™ Processors, Dual channel DDR4 memory, PCIe, 2 x COM, 10 x USB, 2 x SATA 6Gb/s', '1 x 2.5GbE LAN Port', 'Mini-ITX form factor', '1 x COM Port (RS-232/422/485 & RI/5V/12V)'}",https://www.gigaipc.com/upload/catalog_list_pic/mITX-Q670A_MQ670AI_A10-Top_510x530px__24B06laVaC.png
mITX-1505A (Rev 1.0),Industrial Motherboards,https://www.gigaipc.com/en/products-detail/mITX-1505A/,"{'Form Factor': ['Mini-ITX', '170W x 170D (mm)'], 'CPU': ['AMD Ryzen™ R1505G Embedded Processor with Radeon™ Vega 3 Graphics', '2 cores, 4 threads, 2.4GHz, up to 3.3GHz', 'TDP 25W'], 'Socket': ['1 x FP5 Type 1'], 'Chipset': ['SoC'], 'Memory': ['2 x DDR4 SO-DIMM sockets, Max. Capacity 32 GB', 'Support Dual channel DDR4 2400 MHz memory modules'], 'Ethernet': ['2 x GbE LAN Ports'], 'Video': ['Integrated Graphics Processor -', 'AMD Radeon™ Vega 8 Graphics:', '2 x HDMI 2.0, supporting a maximum resolution of 4096x2160 @60Hz', '1 x Display port, supporting a maximum resolution of 3840x2160 @60Hz', '(3 independent display outputs)'], 'Audio': ['Realtek® Audio Codec'], 'Storage': ['2 x SATA 6Gb/s ports'], 'Expansion Slots': ['1 x PCIe x16 (Gen3 x4)', '1 x 2280 M.2 M-Key (SATA 6Gb/s)', '1 x 2230 M.2 E-Key (PCIe x1 + USB 2.0)', '1 x Full-size Mini PCIe with SIM slot (PCIe x1 + USB 2.0)'], 'Internal I/O': ['1 x 4-pin ATX main power connector', '2 x SATA power connectors', '1 x CPU fan header', '1 x System fan header', '1 x Front panel header', '1 x Front panel audio header', '1 x 2W Speaker out header', '1 x Chassis Intrusion detect header', '4 x USB 2.0 headers', '3 x COM headers (RS-232)', '1 x ccTalk header', '1 x GPIO (8 bits) & SMBus header', '1 x Clear CMOS jumper', '1 x AT/ATX mode select jumper'], 'Rear l/O': ['2 x Audio Jacks (Line out, Mic in)', '2 x COM Ports (RS-232)', '2 x HDMI', '1 x Display Port', '2 x RJ45 LAN Ports', '4 x USB 3.2 Gen 1', '1 x DC Jack (+12~24VDC)'], 'TPM': ['1 x TPM header'], 'OS Compatibility': ['Windows 10 (x64)'], 'Operating Properties': ['Operating temperature: 0°C to 60°C', 'Operating humidity: 0-90% (non-condensing)', 'Non-operating temperature: -40°C to 85°C', 'Non-operating humidity: 0%-95% (non-condensing)'], 'Packing Content': ['Carton size: 556 x 476 x 244 (mm)', 'Packing Capacity: 10pcs', 'Single Box size: 221 x 178 x 65 (mm)', 'Single Box weight: Approx. 0.8kg', 'Including:', 'IO Shield x 1 (P/N: 12AIO-MRZRMI-00R)', 'SATA power Cable x 1 (P/N: 25CRI-300003-S9R)', 'Gasket for HDMI connector x 2 (P/N: 25BE0-MRZN00-S1R)'], 'Order Information': ['9MRZNRMIMR-SI (Box packing)'], 'Optional Kit': ['TPM 2.0 module : 9CTM000NR-00']}","{'4 x USB 3.2 Gen 1', 'Dual Channel DDR4, 2 x SO-DIMMs', 'Mini-ITX Embedded Motherboard with AMD Ryzen™ R1505G Embedded Processor, Dual channel DDR4 memory, PCIe, 5 x COM, 8 x USB, 2 x SATA 6Gb/s', '2 x SATA 6Gb/s Ports', '2 x GbE LAN Ports', 'HDMI, Display Port for multiple display', 'AMD Ryzen™ R1505G Embedded Processor', '5 x COM Ports (RS-232)', 'Mini-ITX form factor'}",https://www.gigaipc.com/upload/catalog_list_pic/mITX-1505A_MRZNRMI-A10_Top-510x530px__24B062tLg7.png
mITX-2748A,Industrial Motherboards,https://www.gigaipc.com/en/products-detail/mITX-2748A/,"{'Form Factor': ['Mini-ITX', '170W x 170D(mm)'], 'CPU': ['AMD Ryzen™ V2748 Embedded Processor', '7nm, 8 cores, 16 threads, 2.9 GHz, up to 4.25GHz', 'TDP 45W'], 'Socket': ['1 x FP6 BGA'], 'Memory': ['2 x DDR4 SO-DIMM sockets, Max. Capacity 64 GB', 'Support Dual channel DDR4 3200 MHz memory modules'], 'Ethernet': ['2 x GbE LAN Ports (Realtek® RTL8118-CG)'], 'Video': ['Integrated Graphics Processor - AMD Radeon™ Graphics:', '4 x DP ports, supporting a maximum resolution of 4096x2160 @60Hz', '1 x LVDS port, supporting a maximum resolution of 1080P (switch from DP)', '(4 independent display outputs)'], 'Audio': ['Realtek® Audio Codec'], 'Storage': ['1 x SATA 6Gb/s Port'], 'Expansion Slots': ['1 x PCIe x16 (Gen3x8)', '1 x 2280 M.2 M-Key (PCIe x4, SATA 6Gb/s)', '1 x 2230 M.2 E-Key', '1 x Full-size mini PCIe with SIM slot'], 'Internal I/O': ['1 x 4-pin ATX power connector', '1 x SATA power connector', '1 x CPU fan header', '1 x System fan header', '1 x Front panel header', '1 x Front panel audio header', '1 x 2W Speaker out header', '6 x USB 2.0 headers', '2 x COM headers (RS-232/422/485)', '1 x GPIO (8 bits) header', '1 x Backlight Control header', '1 x LVDS/ DP Jumper', '1 x AT/ATX mode select jumper', '1 x ATX Control header', '1 x Clear CMOS jumper'], 'Rear l/O': ['2 x Audio Jacks (Line out, Mic in)', '2 x COM Ports (RS-232/422/485 & RI/5V/12V)', '4 x Display Ports', '2 x RJ45 LAN Ports', '4 x USB 3.2 Gen 1', '1 x DC Jack (+12V~24VDC)'], 'TPM': ['1 x TPM header'], 'OS Compatibility': ['Windows 10 (x64)'], 'Operating Properties': ['Operating temperature: 0°C to 60°C', 'Operating humidity: 0-90% (non-condensing)', 'Non-operating temperature: -40°C to 85°C', 'Non-operating humidity: 0%-95% (non-condensing)'], 'Packing Content': ['Carton size: 556 x 476 x 244 (mm)', 'Packing Capacity: 10pcs', 'Single Box size: 206 x 223 x 105 (mm)', 'Single Box weight: Approx. 1.0kg', 'Including:', 'IO Shield x 1 (P/N: 12AIO-MRZNV1-00R)', 'SATA power Cable x 1 (P/N: 25CRI-200B02-K1R)', 'Fansink x 1 (P/N: 25ST0-0Z7820-Y0R)'], 'Order Information': ['Fan version: 9MRZV2MIMR-SI (Box packing)'], 'Optional Kit': ['TPM 2.0 module: 9CTM000NR-00']}","{'Mini-ITX Embedded Motherboard with AMD Ryzen™ V2748 Embedded Processor, Dual Channel DDR4 memory, PCIe, 4 x COM, 1 x SATA 6Gb/s, 10 x USB', 'Dual Channel DDR4, 2 x SO-DIMMs', '2 x GbE LAN Ports', '4 x DP 1.4, LVDS (Switch from DP) ports for multiple display', '2 x COM Ports (RS-232/422/485)', 'Mini-ITX form factor', 'AMD Ryzen™ V2748 Embedded Processor', '2 x COM Ports (RS-232/422/485 & RI/5V/12V)', '1 x SATA 6Gb/s Port'}",https://www.gigaipc.com/upload/catalog_list_pic/mITX-2748A-A10_MRZV2MI_Top-510x530px__24B06McS5H.png
mITX-H42EA,Industrial Motherboards,https://www.gigaipc.com/en/products-detail/mITX-H42EA/,"{'Form Factor': ['Mini-ITX', '170W x 170D (mm)'], 'CPU': ['Support for 10th Generation', 'Intel® Core™ i9/i7/i5/i3, Pentium® and Celeron® processors in the LGA1200 package', 'TDP under 65W'], 'Socket': ['1 x LGA 1200'], 'Chipset': ['Intel® H420E Express Chipset'], 'Memory': ['2 x DDR4 SO-DIMM sockets, Max. Capacity 64 GB', 'Support Dual channel DDR4 2933/2666 MHz memory modules'], 'Ethernet': ['2 x GbE LAN Ports (Intel® I219V and Intel® I211AT)'], 'Video': ['Integrated Graphics Processor - depends on CPU:', '1 x HDMI 2.0 port, supporting a maximum resolution of 4096x2160 @60Hz', '1 x DP 1.4 port, supporting a maximum resolution of 4096x2304 @60Hz', '1 x D-Sub port, supporting a maximum resolution of 1920x1200 @60Hz', '1 x eDP port, supporting a maximum resolution of 4096x2160 @60Hz', '1 x LVDS port, supporting a maximum resolution of 1920x1080 @60Hz', '* eDP connector is alternative with LVDS port, only one can be worked at the same time', '(2 independent display outputs)'], 'Audio': ['Realtek® ALC897'], 'Storage': ['3 x SATA 6Gb/s Ports'], 'Expansion Slots': ['1 x PCIe x16 (Gen3 x16)', '1 x 2280/2242 M.2 M-Key (PCIe x2)', '1 x 2230 M.2 E-Key'], 'Internal I/O': ['1 x 4-pin ATX main power connector', '2 x SATA power connectors', '1 x CPU fan header', '1 x System fan header', '1 x Front panel header', '1 x Front panel audio header', '1 x 2W Speaker out header', '3 x USB 2.0 headers', '2 x USB 3.2 Gen 1 headers', '1 x COM header (RS-232)', '1 x GPIO (8 bits) & SMBus header', '1 x Backlight Control header', '1 x Clear CMOS jumper', '1 x Buzzer', '1 x ATX Control header', '1 x AT/ATX mode select jumper'], 'Rear l/O': ['2 x Audio Jacks (Line out, Mic in)', '1 x COM Port (RS-232/422/485 & RI/5V/12V)', '1 x HDMI', '1 x Display Port', '1 x D-Sub', '2 x RJ45 LAN Ports', '4 x USB 3.2 Gen 1', '1 x DC Jack (+12V/+19V~+24VDC)'], 'TPM': ['1 x TPM header'], 'OS Compatibility': ['Windows® 10 (x64)'], 'Operating Properties': ['Operating temperature: 0°C to 60°C', 'Operating humidity: 0-90% (non-condensing)', 'Non-operating temperature: -40°C to 85°C', 'Non-operating humidity: 0%-95% (non-condensing)'], 'Packing Content': ['Carton size: 465 x 351 x 217 (mm)', 'Packing Capacity: 10pcs', 'Single Box size: 221 x 178 x 65 (mm)', 'Single Box weight: Approx. 0.7kg', 'Including:', 'IO Shield x 1 (12AIO-MQ47EA-10R)', 'SATA power Cable x 2 (25CRI-300B01-K1R)'], 'Order Information': ['9MH42EAIMR-SI (Box Packing)'], 'Optional Kit': ['TPM 2.0 Module: 9CTM000NR-00', 'TPM Cable: 25CRZ-100600-S9R']}","{'HDMI, Display Port, D-Sub, eDP/LVDS Ports for Multiple Display', 'Mini-ITX with Intel® H420E Chipset, support 10th Generation Intel® Core™ Processor, Dual Channel DDR4 memory, PCIe, 2 x COM, 9 x USB, 3 x SATA 6Gb/s', 'Support 10th Generation Intel® Core™ Processors', '4 x USB 3.2 Gen 1', 'Dual Channel DDR4, 2 x SO-DIMMs', '1 x COM Port (RS-232)', '2 x GbE LAN Ports', '3 x SATA 6Gb/s Ports', 'Intel® H420E Express Chipset', 'Mini-ITX form factor', '1 x COM Port (RS-232/422/485 & RI/5V/12V)'}",https://www.gigaipc.com/upload/catalog_list_pic/mITX-H42EA_MH42EAI-A11-Top-510x530px__24B06speMc.png
mITX-Q47EA,Industrial Motherboards,https://www.gigaipc.com/en/products-detail/mITX-Q47EA/,"{'Form Factor': ['Mini-ITX', '170W x 170D (mm)'], 'CPU': ['Support for 10th Generation', 'Intel® Core™ i9/ i7/ i5/ i3, Pentium® and Celeron® processors in the LGA1200 package', 'TDP under 65W', 'L3 cache varies with CPU'], 'Socket': ['1 x LGA 1200'], 'Chipset': ['Intel® Q470E Express Chipset'], 'Memory': ['2 x DDR4 SO-DIMM sockets, Max. Capacity 64 GB', 'Support Dual channel DDR4 2933/2666 MHz memory modules'], 'Ethernet': ['2 x GbE LAN Ports (Intel® I219LM and Intel® I211AT)'], 'Video': ['Integrated Graphics Processor - depends on CPU:', '1 x HDMI 2.0a port, supporting a maximum resolution of 4096x2160 @60Hz', '1 x DP 1.4 port, supporting a maximum resolution of 4096x2160 @60Hz', '1 x D-Sub port, supporting a maximum resolution of 1920x1200 @60Hz', '1 x eDP port, supporting a maximum resolution of 4096x2160 @60Hz', '1 x LVDS port, supporting a maximum resolution of 1920x1080 @60Hz', '* eDP connector is alternative with LVDS port, only one can be worked at the same time', '(3 independent display outputs)'], 'Audio': ['Realtek® ALC897'], 'Storage': ['3 x SATA 6Gb/s Ports (RAID 0/1/5/10)'], 'Expansion Slots': ['1 x PCIe x16 (Gen3 x16)', '1 x 2280/2242 M.2 M-Key (PCIe Gen3 x4, SATA 6Gb/s)', '1 x 2230 M.2 E-Key (PCIe x1 + USB2.0)'], 'Internal I/O': ['1 x 4-pin ATX main power connector', '2 x SATA power connectors', '1 x CPU fan header', '1 x System fan header', '1 x Front panel header', '1 x Front panel audio header', '1 x 2W Speaker out header', '4 x USB 2.0 headers', '2 x USB 3.2 Gen 1 headers', '1 x COM header (RS-232)', '1 x Clear CMOS jumper', '1 x GPIO (8 bits) & SMBus header', '1 x Backlight Control header', '1 x Buzzer', '1 x ATX Control header', '1 x AT/ATX mode select jumper'], 'Rear l/O': ['2 x Audio Jacks (Line out, Mic in)', '1 x COM Port (RS-232/422/485 & RI/5V/12V)', '1 x HDMI', '1 x Display Port', '1 x D-Sub', '2 x RJ45 LAN Ports', '3 x USB 3.2 Gen 1', '1 x USB 3.2 Gen 2x1', '1 x DC Jack (+12V/+19V~+24VDC)'], 'TPM': ['1 x TPM header (LPC)'], 'OS Compatibility': ['Windows® 10 (x64)'], 'Operating Properties': ['Operating temperature: 0°C to 60°C', 'Operating humidity: 0-90% (non-condensing)', 'Non-operating temperature: -40°C to 85°C', 'Non-operating humidity: 0%-95% (non-condensing)'], 'Packing Content': ['Carton size: 465 x 351 x 217 (mm)', 'Packing Capacity: 10pcs', 'Single Box size: 221 x 178 x 65 (mm)', 'Single Box weight: Approx. 0.7kg', 'Including:', 'IO Shield x 1 (12AIO-MQ47EA-10R)', 'SATA power Cable x 2 (25CRI-300B01-K1R)'], 'Order Information': ['9MQ47EAIMR-SI (Box Packing)'], 'Optional Kit': ['TPM 2.0 Module: 9CTM000NR-00', 'TPM Cable: 25CRZ-100600-S9R']}","{'Intel® Q470E Express Chipset', 'Support 10th Generation Intel® Core™ Processors', 'HDMI, Display Port, D-Sub, LVDS/eDP Ports for Multiple Display', 'Mini-ITX Form Factor', 'Dual Channel DDR4, 2 x SO-DIMMs', '1 x USB 3.2 Gen 2x1 port with 10Gb/s Speed', '1 x COM Port (RS-232)', '2 x GbE LAN Ports', 'Mini-ITX with Intel® Q470E Chipset, support 10th Generation Intel® Core™ Processor, Dual Channel DDR4 memory, PCIe, 2 x COM, 10 x USB, 3 x SATA 6Gb/s', '3 x SATA 6Gb/s Ports', 'Realtek® Audio Codec', '1 x COM Port (RS-232/422/485 & RI/5V/12V)'}",https://www.gigaipc.com/upload/catalog_list_pic/mITX-Q47EA_MQ47EAI-A10-Top-01-510x530px__24B06IIcd1.png
mITX-4125A,Industrial Motherboards,https://www.gigaipc.com/en/products-detail/mITX-4125A/,"{'Form Factor': ['Mini-ITX', '170W x 170D(mm)'], 'CPU': ['Intel® Celeron® J4125 Processor', '14nm, 4 cores, 4 threads, up to 2.70 GHz', 'TDP 10W', 'fan-less design'], 'Socket': ['1 x FCBGA 1090'], 'Memory': ['2 x DDR4 SO-DIMM sockets, Max. Capacity 8 GB', 'Support Dual channel DDR4 2400 MHz memory modules'], 'Ethernet': ['2 x GbE LAN Ports (Realtek® RTL8111HS)'], 'Video': ['Integrated Graphics Processor - Intel® UHD Graphics 600:', '1 x HDMI 2.0 port, supporting a maximum resolution of 3840x2160 @60Hz', '1 x VGA port, supporting a maximum resolution of 1920x1200 @60Hz', '1 x eDP port, supporting a maximum resolution of 1920X1080 @60Hz', '1 x LVDS port, supporting a maximum resolution of 1920x1200 @60Hz', '* eDP connector is alternative with LVDS port, only one can be worked at the same time', '(3 independent display outputs)'], 'Audio': ['Realtek® Audio Codec'], 'Storage': ['5 x SATA 6Gb/s Ports', '(4 x Marvell 88SE9230, support RAID/0/1/10)', '(1 x supports SATA DOM)'], 'Expansion Slots': ['1 x PCIe x4 (Gen2 x2)', '1 x 2280/2260/2242 M.2 M-Key (SATA 6Gb/s)', '1 x 2230 M.2 E-Key (CNVi cards only)'], 'Internal I/O': ['1 x 4-pin ATX main power connector', '3 x SATA power connectors', '1 x CPU fan header', '1 x System fan header', '1 x Front panel header', '1 x Front panel audio header', '1 x 2W Speaker out header', '2 x USB 2.0 headers', '2 x USB 3.2 Gen 1 headers', '4 x COM headers (RS-232)', '1 x GPIO (8 bits) & SMBus header', '1 x Case open header', '1 x AT/ATX mode jumper', '1 x Backlight Control header', '1 x RAID LED header', '2 x LAN LED headers', '1 x Clear CMOS jumper', '1 x Buzzer'], 'Rear l/O': ['3 x Audio Jacks (Line in, Line out, Mic in)', '2 x COM Ports (RS-232/422/485 & RI/5V/12V)', '1 x HDMI', '1 x VGA', '2 x RJ45 LAN Ports', '2 x USB 2.0', '2 x USB 3.2 Gen 1', '1 x DC Jack (+12VDC)'], 'TPM': ['1 x TPM header'], 'OS Compatibility': ['Windows 10 (x64)'], 'Operating Properties': ['Operating temperature: 0°C to 60°C', 'Operating humidity: 0-90% (non-condensing)', 'Non-operating temperature: -20°C to 70°C', 'Non-operating humidity: 0%-95% (non-condensing)'], 'Packing Content': ['Carton size: 550 x 451 x 330 (mm)', 'Packing Capacity: 20pcs', 'Single Board weight: Approx. 0.5kg', 'Including:', 'IO Shield x 1 (P/N: 12AIO-MGMLJA-00R)', 'SATA power Cable x 2 (P/N: 25CRI-300B01-K1R)'], 'Order Information': ['9MGMLJAINR-SI (Bulk Packing)'], 'Optional Kit': ['TPM 2.0 module: 9CTM000NR-00']}","{'Mini-ITX Embedded Motherboard with Intel® J4125 Processor, Dual Channel DDR4 memory, PCIe, 6 x COM, 5 x SATA 6Gb/s, 8 x USB', '1 x PCIe x4 (Gen2 x 2) expansion slot', 'Dual Channel DDR4, 2 x SO-DIMMs', 'Intel® Celeron® J4125 Processor', 'HDMI 2.0a, VGA, eDP (in option), LVDS ports for multiple display', '2 x GbE LAN Ports', '4 x COM Ports (RS-232)', 'Mini-ITX form factor', '5 x SATA 6Gb/s Ports with one SATA DOM supported', '2 x COM Ports (RS-232/422/485 & RI/5V/12V)'}",https://www.gigaipc.com/upload/catalog_list_pic/mITX-4105A_Top_510x530px__24B06yyxdZ.png
mITX-H310A,Industrial Motherboards,https://www.gigaipc.com/en/products-detail/mITX-H310A/,"{'Form Factor': ['Mini-ITX', '170W x 170D(mm)'], 'CPU': ['Support for 9th/8th Generation', 'Intel® Core™ i7/i5/i3, Pentium® and Celeron® processors in the LGA1151 package', 'TDP under 65W', 'L3 cache varies with CPU'], 'Socket': ['1 x LGA 1151'], 'Chipset': ['Intel® H310 Express Chipset'], 'Memory': ['2 x DDR4 SO-DIMM sockets, Max. Capacity 32 GB', 'Support Dual channel DDR4 2666/2400 MHz memory modules'], 'Ethernet': ['2 x GbE LAN Ports (Intel® I219V and Intel® I211AT)'], 'Video': ['Integrated Graphics Processor - depends on CPU:', '1 x HDMI 1.4 port, supporting a maximum resolution of 4096x2160 @30Hz', '1 x DP port, supporting a maximum resolution of 4096x2160 @60Hz', '1 x VGA port, supporting a maximum resolution of 1920x1200 @60Hz', '1 x eDP port, supporting a maximum resolution of 1920x1080 @60Hz', '1 x LVDS port, supporting a maximum resolution of 1920x1080 @60Hz', '* eDP port is alternative with LVDS port, only one can be worked at the same time', '(2 independent display outputs)'], 'Audio': ['Realtek® Audio Codec'], 'Storage': ['2 x SATA 6Gb/s Ports'], 'Expansion Slots': ['1 x PCIe x16 (Gen3 x16)', '1 x 2280/2242 M.2 M-Key (SATA 6Gb/s)', '1 x 2230 M.2 E-Key (WiFi/BT)'], 'Internal I/O': ['1 x 4-pin ATX main power connector', '1 x SATA power connector', '1 x CPU fan header', '1 x System fan header', '1 x Front panel header', '1 x Front panel audio header', '1 x 2W Speaker out header', '4 x USB 2.0 headers', '2 x COM headers (RS-232)', '1 x COM header (RS-232/422/485 & RI/5V/12V)', '1 x GPIO (8-bits) & SMBus header', '1 x Backlight Control header', '1 x Clear CMOS jumper', '1 x Buzzer', '1 x ATX Control header', '1 x AT/ATX mode select jumper'], 'Rear l/O': ['3 x Audio Jacks (Line in, Line out, Mic in)', '1 x COM Port (RS-232/422/485 & RI/5V/12V)', '1 x HDMI', '1 x Display Port', '1 x VGA', '2 x RJ45 LAN Ports', '4 x USB 3.2 Gen 1', '1 x DC Jack (+12V/+19V/+24VDC)'], 'TPM': ['1 x TPM header'], 'OS Compatibility': ['Windows 10 (x64)'], 'Operating Properties': ['Operating temperature: 0°C to 60°C', 'Operating humidity: 0-90% (non-condensing)', 'Non-operating temperature: -20°C to 70°C', 'Non-operating humidity: 0%-95% (non-condensing)'], 'Packing Content': ['Carton size: 465 x 351 x 217 (mm)', 'Packing Capacity: 10pcs', 'Single Box size: 221 x 178 x 65 (mm)', 'Single Box weight: Approx. 0.6kg', 'Including:', 'IO Shield x 1 (P/N: 12AIO-MDH114-00R)', 'SATA power Cable x 1 (P/N: 25CRI-300B01-K1R)', 'Screw I Head M2.0*L3.5*D5.0 x 1 (P/N: 25KSG-130039-S0R)', 'Screw Stand Off 12L15 x 1 (P/N: 12KSF-F10303-20R)', 'Screw I Head M2x3L x 1 (P/N: 25KSG-130032-S0R)'], 'Order Information': ['9MH310AIMR-SI (Box Packing)'], 'Optional Kit': ['CPU Cooler : 25ST0-039520-Y0R', 'CPU Cooler Backplate : 12KRH-0A1155-30R', 'TPM 2.0 module: 9CTM000NR-00']}","{'HDMI, Display Port, VGA, eDP ports for multiple display', 'Dual Channel DDR4, 2 x SO-DIMMs', '2 x SATA 6Gb/s Ports', '2 x GbE LAN Ports', 'Support 9th/8th Generation Intel® Core™ Processors', 'Mini-ITX form factor', '2 x COM Ports (RS-232)', '2 x COM Ports (RS-232/422/485 & RI/5V/12V)', 'Mini-ITX with Intel® H310 Chipset, support 9th/8th Generation Intel® Core™ Processors, Dual channel DDR4 memory, PCIe, 4 x COM, 8 x USB, 2 x SATA 6Gb/s', 'Intel® H310 Express Chipset'}",https://www.gigaipc.com/upload/catalog_list_pic/mITX-H310A_MH310AI_A11-Top-510x530px__24B06VIM5o.png
mITX-Q370A,Industrial Motherboards,https://www.gigaipc.com/en/products-detail/mITX-Q370A/,"{'Form Factor': ['Mini-ITX', '170W x 170D(mm)'], 'CPU': ['Support for 9th/8th Generation', 'Intel® Core™ i7/i5/i3, Pentium® and Celeron® processors in the LGA1151 package', 'TDP under 65W', 'L3 cache varies with CPU'], 'Socket': ['1 x LGA 1151'], 'Chipset': ['Intel® Q370 Express Chipset'], 'Memory': ['2 x DDR4 SO-DIMM sockets, Max. Capacity 32 GB', 'Support Dual channel DDR4 2666/2400 MHz memory modules'], 'Ethernet': ['2 x GbE LAN Ports (Intel® I219LM and Intel® I211AT)'], 'Video': ['Integrated Graphics Processor - depends on CPU:', '1 x HDMI 1.4 port, supporting a maximum resolution of 4096x2160 @30Hz', '1 x DP port, supporting a maximum resolution of 4096x2160 @60Hz', '1 x VGA port, supporting a maximum resolution of 1920x1200 @60Hz', '1 x eDP port, supporting a maximum resolution of 1920X1080 @60Hz', '(3 independent display outputs)'], 'Audio': ['Realtek® Audio Codec'], 'Storage': ['3 x SATA 6Gb/s Ports (RAID 0/1/5/10)'], 'Expansion Slots': ['1 x PCIe x16 (Gen3 x16)', '1 x 2280/2242 M.2 M-Key (PCIe x4, SATA 6Gb/s, Optane memory)', '1 x 2230 M.2 E-Key'], 'Internal I/O': ['1 x 4-pin ATX main power connector', '2 x SATA power connectors', '1 x CPU fan header', '1 x System fan header', '1 x Front panel header', '1 x Front panel audio header', '1 x 2W Speaker out header', '4 x USB 2.0 headers', '2 x USB 3.2 Gen 1 headers', '1 x COM header (RS-232)', '1 x GPIO (8-bits) & SMBus header', '1 x Backlight Control header', '1 x Clear CMOS jumper', '1 x Buzzer', '1 x Case open header', '1 x AT/ATX mode select jumper'], 'Rear l/O': ['3 x Audio Jacks (Line in, Line out, Mic in)', '1 x COM Port (RS-232/422/485 & RI/5V/12V)', '1 x HDMI', '1 x Display Port', '1 x VGA', '2 x RJ45 LAN Ports', '3 x USB 3.2 Gen 1', '1 x USB 3.2 Gen 2x1', '1 x DC Jack (+12V/+19V/+24VDC)'], 'TPM': ['1 x TPM header'], 'OS Compatibility': ['Windows 10 (x64)'], 'Operating Properties': ['Operating temperature: 0°C to 60°C', 'Operating humidity: 0-90% (non-condensing)', 'Non-operating temperature: -20°C to 70°C', 'Non-operating humidity: 0%-95% (non-condensing)'], 'Packing Content': ['Carton size: 550 x 451 x 330 (mm)', 'Packing Capacity: 20pcs', 'Single Board weight: Approx. 0.4kg', 'Including:', 'IO Shield x 1 (P/N: 12AIO-MCQ370-00R)', 'SATA power Cable x 2 (P/N: 25CRI-300B01-K1R)'], 'Order Information': ['9MCQ37AINR-SI (Bulk Packing)'], 'Optional Kit': ['CPU Cooler : 25ST0-039520-Y0R', 'CPU Cooler Backplate : 12KRH-0A1155-30R', 'TPM 2.0 module: 9CTM000NR-00']}","{'Mini-ITX with Intel® Q370 Chipset, support 9th/8th Generation Intel® Core™ Processors, Dual channel DDR4 memory, PCIe, 2 x COM, 10 x USB, 3 x SATA 6Gb/s', 'Intel® Q370 Express Chipset', '1 x USB 3.2 Gen 2x1', 'Dual Channel DDR4, 2 x SO-DIMMs', '1 x COM Port (RS-232)', '2 x GbE LAN Ports', '3 x SATA 6Gb/s Ports', 'Support 9th/8th Generation Intel® Core™ Processors', 'Mini-ITX form factor', '1 x COM Port (RS-232/422/485 & RI/5V/12V)', 'HDMI, Display Port, VGA, eDP ports for multiple display'}",https://www.gigaipc.com/upload/catalog_list_pic/mITX-Q370A_top_510x530px__24B06AFvEk.png
mITX-1605A,Industrial Motherboards,https://www.gigaipc.com/en/products-detail/mITX-1605A/,"{'Form Factor': ['Mini-ITX', '170W x 170D(mm)'], 'CPU': ['AMD Ryzen™ V1605B Embedded Processor', '14nm, 4 cores, 8 threads, 2.0 GHz, up to 3.6GHz', 'TDP 25W'], 'Socket': ['1 x FP5 BGA'], 'Memory': ['2 x DDR4 SO-DIMM sockets, Max. Capacity 32 GB', 'Support Dual channel DDR4 2400 MHz memory modules'], 'Ethernet': ['2 x GbE LAN Ports (Realtek® RTL8111HS)'], 'Video': ['Integrated Graphics Processor - AMD Radeon™ Vega 8 Graphics:', '4 x DP ports, supporting a maximum resolution of 4096x2160 @60Hz', '1 x LVDS port, supporting a maximum resolution of 1080P (switch from DP)', '(4 independent display outputs)'], 'Audio': ['Realtek® Audio Codec'], 'Storage': ['1 x SATA 6Gb/s Port'], 'Expansion Slots': ['1 x PCIe x16 (Gen3 x8)', '1 x 2280 M.2 M-Key (SATA 6Gb/s)', '1 x 2230 M.2 E-Key', '1 x Full-size Mini PCIe with SIM slot'], 'Internal I/O': ['1 x 4-pin ATX power connector', '1 x SATA power connector', '1 x CPU fan header', '1 x System fan header', '1 x Front panel header', '1 x Front panel audio header', '1 x 2W Speaker out header', '6 x USB 2.0 headers', '2 x COM headers (RS-232)', '1 x GPIO (8 bits) & SMBus header', '1 x Backlight Control header', '1 x LVDS/ DP jumper', '1 x AT/ATX mode select jumper', '1 x Clear CMOS jumper'], 'Rear l/O': ['3 x Audio Jacks (Line in, Line out, Mic in)', '2 x COM Ports (RS-232/422/485 & RI/5V/12V)', '4 x Display Ports', '2 x RJ45 LAN Ports', '4 x USB 3.2 Gen 1', '1 x DC Jack (+12V~24VDC)'], 'TPM': ['1 x TPM header'], 'OS Compatibility': ['Windows 10 (x64)'], 'Operating Properties': ['Operating temperature: 0°C to 60°C', 'Operating humidity: 0-90% (non-condensing)', 'Non-operating temperature: -40°C to 85°C', 'Non-operating humidity: 0%-95% (non-condensing)'], 'Packing Content': ['Carton size: 556 x 476 x 244 (mm)', 'Packing Capacity: 10pcs', 'Single Box size: 206 x 223 x 105 (mm)', 'Single Box weight: Approx. 0.75kg', 'Including:', 'IO Shield x 1 (P/N: 12AIO-MRZNV0-00R)', 'SATA power Cable x 1 (P/N: 25CRI-200B02-K1R)', 'Fansink x 1 (P/N: 12SF2-01A077-00R)'], 'Order Information': ['Fan version: 9MRZNVMIMR-SI (Box packing)'], 'Optional Kit': ['TPM 2.0 module: 9CTM000NR-00']}","{'1 x PCIe x16 (x8 signal) expansion slot', 'AMD Ryzen™ V1605B Embedded Processor', '1 x SATA 6Gb/s Port', 'Dual Channel DDR4, 2 x SO-DIMMs', '2 x GbE LAN Ports', '4 x DP 1.4, LVDS (Switch from DP) ports for multiple display', 'Mini-ITX form factor', '2 x COM Ports (RS-232)', '2 x COM Ports (RS-232/422/485 & RI/5V/12V)', 'Mini-ITX Embedded Motherboard with AMD Ryzen™ V1605B Embedded Processor, Dual Channel DDR4 memory, PCIe, 4 x COM, 1 x SATA 6Gb/s, 10 x USB'}",https://www.gigaipc.com/upload/catalog_list_pic/mITX-1605A_A10-Top-01-510x530px__24B06ZsfxS.png
iTXL-N97B,Industrial Motherboards,https://www.gigaipc.com/en/products-detail/iTXL-N97B/,"{'Form Factor': ['Thin Mini-ITX', '170W x 170D (mm)'], 'CPU': ['Intel Processor N97', 'Intel 7, 4 cores, up to 3.60 GHz', 'TDP 12W'], 'Socket': ['1 x FCBGA1264'], 'Memory': ['1 x DDR5 SO-DIMM socket, Max. Capacity 16 GB', 'Support Single Channel DDR5 4800 MHz memory modules'], 'Ethernet': ['2 x GbE LAN Ports (Realtek® RTL8111H)'], 'Video': ['Integrated Graphics Processor - Intel® UHD Graphics support:', '2 x HDMI 2.0 port, supporting a maximum resolution of 4096x2160 @60Hz', '1 x eDP port, supporting a maximum resolution of 3840x2160 @60Hz', '1 x LVDS port, supporting a maximum resolution of 1920x1200 @60Hz', '(3 independent display outputs)'], 'Audio': ['Realtek® ALC269'], 'Storage': ['1 x SATA 6Gb/s Port'], 'Expansion Slots': ['1 x 2280 M.2 M-Key (PCIe Gen 3x1, SATA 6Gb/s)', '1 x 2230 M.2 E-Key'], 'Internal I/O': ['1 x 4-pin ATX main power connector', '1 x SATA Power connector', '1 x CPU fan header', '1 x System fan header', '1 x Front panel header', '1 x Front panel audio header', '1 x 2W Speaker out header', '6 x USB 2.0 headers', '4 x COM headers (RS-232/422/485 & RI/5V/12V)', '1 x GPIO (8 bits) & SMBus header', '1 x Backlight Control header for eDP', '1 x Backlight Control header for LVDS', '1 x AT/ATX mode select jumper', '1 x ATX control header'], 'Rear l/O': ['2 x Audio Jacks (Headphone out, Mic in)', '2 x HDMI', '2 x RJ45 LAN Ports', '4 x USB 3.2 Gen 1', '1 x DC Jack (+12V~24VDC)'], 'TPM': ['Onboard TPM 2.0 security chip', 'INFINEON SLB9672VU2.0'], 'OS Compatibility': ['Windows 11 IoT Enterprise LTSC 2024(24H2) 64bits', 'Windows 10 IoT Enterprise LTSC 2021(21H2) 64bits'], 'Operating Properties': ['Operating temperature: 0°C to 60°C', 'Operating humidity: 60°C @ 20-95% (non-condensing)', 'Non-operating temperature: -40°C to 85°C', 'Non-operating humidity: 85°C @ 95% (non-condensing)'], 'Packing Content': ['Carton size: 465 x 351 x 217 (mm)', 'Packing Capacity: 10pcs', 'Single Box size: 221 x 178 x 65 (mm)', 'Including:', 'Standard IO Shield x 1 (P/N: 12AIO-MEHLJA-00R)', 'Low-Profile IO Shield x 1 (P/N: 12AIO-MJPLN0-00R)', 'SATA Power Cable x 1 (P/N: 25CRI-200B02-K1R)'], 'Order Information': ['9MADN9BTMR-SI (Box packing)']}","{'Thin Mini-ITX Embedded Motherboard with Intel® Processor N97, Single Channel DDR5 memory, 4 x COM, 1 x SATA 6Gb/s, 10 x USB', 'Intel® Processor N97', '4 x COM Ports (RS-232/422/485 & RI/5V/12V)', 'Thin Mini-ITX form factor', '2 x GbE LAN Ports', 'HDMI, eDP, LVDS ports for Multiple Display', '1 x SATA 6Gb/s Port', 'Single Channel DDR5, 1 x SO-DIMM'}",https://www.gigaipc.com/upload/catalog_list_pic/iTXL-N97B_MADN9BT_A10-Top-2000px__26F10S1aTI.webp
iTXL-N150B,Industrial Motherboards,https://www.gigaipc.com/en/products-detail/iTXL-N150B/,"{'Form Factor': ['Thin Mini-ITX', '170W x 170D (mm)'], 'CPU': ['Intel® Processor N150', 'Intel 7, 4 cores, up to 3.60 GHz', 'TDP 6W'], 'Socket': ['1 x FCBGA1264'], 'Memory': ['1 x DDR5 SO-DIMM socket, Max. Capacity 16 GB', 'Support Single Channel DDR5 4800 MHz memory modules'], 'Ethernet': ['2 x GbE LAN Ports (Realtek® RTL8111H)'], 'Video': ['Integrated Graphics Processor - Intel® Graphics support:', '2 x HDMI 2.0 port, supporting a maximum resolution of 4096x2160 @60Hz', '1 x eDP port, supporting a maximum resolution of 3840x2160 @60Hz', '1 x LVDS port, supporting a maximum resolution of 1920x1200 @60Hz', '(3 independent display outputs)'], 'Audio': ['Realtek® ALC269'], 'Storage': ['1 x SATA 6Gb/s Port'], 'Expansion Slots': ['1 x 2280 M.2 M-Key (PCIe Gen 3x1, SATA 6Gb/s)', '1 x 2230 M.2 E-Key'], 'Internal I/O': ['1 x 4-pin ATX main power connector', '1 x SATA Power connector', '1 x CPU fan header', '1 x System fan header', '1 x Front panel header', '1 x Front panel audio header', '1 x 2W Speaker out header', '6 x USB 2.0 headers', '4 x COM headers (RS-232/422/485 & RI/5V/12V)', '1 x GPIO (8 bits) & SMBus header', '1 x Backlight Control header for eDP', '1 x Backlight Control header for LVDS', '1 x AT/ATX mode select jumper', '1 x ATX control header'], 'Rear l/O': ['2 x Audio Jacks (Headphone out, Mic in)', '2 x HDMI', '2 x RJ45 LAN Ports', '4 x USB 3.2 Gen 1', '1 x DC Jack (+12V~24VDC)'], 'TPM': ['Onboard TPM 2.0 security chip', 'INFINEON SLB9672VU2.0'], 'OS Compatibility': ['Windows 11 IoT Enterprise 24H2 (x64)', 'Windows 11 IoT Enterprise LTSC 2024 (x64)', 'Windows 11 Enterprise LTSC 2024 (x64)'], 'Operating Properties': ['Operating temperature: 0°C to 60°C', 'Operating humidity: 60°C @ 20-95% (non-condensing)', 'Non-operating temperature: -40°C to 85°C', 'Non-operating humidity: 85°C @ 95% (non-condensing)'], 'Packing Content': ['Carton size: 465 x 351 x 217 (mm)', 'Packing Capacity: 10pcs', 'Single Box size: 221 x 178 x 65 (mm)', 'Including:', 'Standard IO Shield x 1 (P/N: 12AIO-MEHLJA-00R)', 'Low-Profile IO Shield x 1 (P/N: 12AIO-MJPLN0-00R)', 'SATA Power Cable x 1 (P/N: 25CRI-200B02-K1R)'], 'Order Information': ['9MTWN1ATMR-SI (Box packing)']}","{'4 x COM Ports (RS-232/422/485 & RI/5V/12V)', 'Thin Mini-ITX Embedded Motherboard with Intel® Processor N150, Single Channel DDR5 memory, 4 x COM, 1 x SATA 6Gb/s, 10 x USB', 'Thin Mini-ITX form factor', '2 x GbE LAN Ports', 'HDMI, eDP, LVDS ports for Multiple Display', 'Intel® Processor N150', '1 x SATA 6Gb/s Port', 'Single Channel DDR5, 1 x SO-DIMM'}",https://www.gigaipc.com/upload/catalog_list_pic/iTXL-N150B_MTWN1AT_A10-Top-340x353px__26A14G5KBF.webp
iTXL-H810A,Industrial Motherboards,https://www.gigaipc.com/en/products-detail/iTXL-H810A/,"{'Form Factor': ['Thin Mini-ITX', '170W x 170D (mm)'], 'CPU': ['Support for Intel® Core™ Ultra Processors (Series 2)', 'TDP under 65W'], 'Socket': ['1 x LGA 1851'], 'Chipset': ['Intel® H810 Chipset'], 'Memory': ['2 x DDR5 SO-DIMM/CSO-DIMM sockets, Max. Capacity 128 GB', 'Support Dual channel DDR5 5600/6400 MHz memory modules'], 'Ethernet': ['2 x GbE LAN Ports (Realtek RTL8111H)'], 'Video': ['Integrated Graphics Processor - depends on CPU:', '1 x HDMI 2.1 port, supporting a maximum resolution of 7680x4320 @60Hz', '1 x DP port, supporting a maximum resolution of 4096x2160 @60Hz', '1 x LVDS port, supporting a maximum resolution of 1920x1200 @60Hz', '(3 independent display outputs)'], 'Audio': ['Realtek® ALC897'], 'Storage': ['2 x SATA 6Gb/s Ports'], 'Expansion Slots': ['1 x 2280 M.2 M-Key (PCIe Gen4x4, SATA 6Gb/s)', '1 x 2230 M.2 E-Key (PCIe x1, USB 2.0)'], 'Internal I/O': ['1 x 4-pin ATX main power connector', '1 x SATA Power connector (5V only)', '1 x CPU fan header', '1 x System fan header', '1 x Front panel header', '1 x Front panel audio header', '1 x 2W Speaker out header', '1 x GPIO (8 bits) & SMBus header', '4 x USB 2.0 headers', '1 x COM header (RS-232)', '1 x COM header (RS-232/422/485 & RI/5V/12V)', '1 x Clear CMOS jumper', '1 x Backlight Control header', '1 x AT/ATX mode select jumper'], 'Rear l/O': ['2 x Audio Jacks (Line out, Mic in)', '1 x HDMI', '1 x Display Port', '2 x RJ45 LAN Ports', '2 x USB 3.2 Gen 2x1', '2 x USB 3.2 Gen 1', '1 x DC Jack (+12V/+19V~24VDC)'], 'TPM': ['Onboard TPM 2.0 security chip', 'INFINEON SLB9670VQ2.0'], 'OS Compatibility': ['Windows 11 IoT Enterprise LTSC 2024(24H2) 64bits', 'Windows 10 IoT Enterprise LTSC 2021(21H2) 64bits'], 'Operating Properties': ['Operating temperature: 0°C to 60°C', 'Operating humidity: 60°C @ 20-95% (non-condensing)', 'Non-operating temperature: -40°C to 85°C', 'Non-operating humidity: 85°C @ 95% (non-condensing)'], 'Packing Content': ['Carton size: 465 x 351 x 217 (mm)', 'Packing Capacity: 10pcs', 'Single Box size: 221 x 178 x 65 (mm)', 'Including:', 'Standard IO Shield x 1 (P/N: 12AIO-MH610A-00R)', 'Low-Profile IO Shield x 1 (P/N: 12AIO-MH610A-10R)', 'SATA Power Cable x 1 (P/N: 25CRI-300B01-K1R)'], 'Order Information': ['9MH810ATMR-SI (Box Packing)'], 'Optional Kit': ['CPU Cooler : 25ST0-037820-Y0R', 'CPU Cooler Backplate : 12KRH-0A1700-00R']}","{'Intel® H810 Express chipset', '2 x SATA 6Gb/s Ports', 'SupportIntel® Core™ Ultra processors (Series 2)', '2 x GbE LAN Ports', '1 x COM Port (RS-232/422/485 & RI/5V/12V)', 'Dual Channel DDR5, 2 x SO-DIMMs/CSO-DIMMs', '1 x COM Port (RS-232)', 'HDMI, Display Port, LVDS ports for Multiple Display', 'Thin Mini-ITX with Intel® H810 Chipset, support Intel® Core™ Ultra processors (Series 2), Dual Channel DDR5 Memory, 2 x COM, 8 x USB, 2 x SATA 6Gb/s, TPM on board', 'Thin Mini-ITX form factor'}",https://www.gigaipc.com/upload/catalog_list_pic/iTXL-H810A_MH810AT-A10-Top-340x353px__26A15tj6j4.webp
iTXL-H610C,Industrial Motherboards,https://www.gigaipc.com/en/products-detail/iTXL-H610C/,"{'Form Factor': ['Thin Mini-ITX', '170W x 170D (mm)'], 'CPU': ['Support for 14th/13th/12th Generation', 'Intel® Core™ i9/i7/i5/i3 processors, Pentium® & Celeron® processors in the LGA1700 package', 'TDP under 65W', 'L3 cache varies with CPU'], 'Socket': ['1 x LGA 1700'], 'Chipset': ['Intel® H610 Chipset'], 'Memory': ['2 x DDR5 SO-DIMM sockets, Max. Capacity 96 GB', 'Support Dual channel DDR5 5600 MHz memory modules'], 'Ethernet': ['2 x GbE LAN Ports (Realtek® RTL8111H)'], 'Video': ['Integrated Graphics Processor - Intel® HD Graphics support:', '1 x HDMI 2.0 port, supporting a maximum resolution of 4096x2160 @60Hz', '1 x DP port, supporting a maximum resolution of 4096x2160 @60Hz', '1 x LVDS port, supporting a maximum resolution of 1920x1200 @60Hz', '(3 independent display outputs)'], 'Audio': ['Realtek® ALC897'], 'Storage': ['2 x SATA 6Gb/s Ports'], 'Expansion Slots': ['1 x 2280 M.2 M-Key (PCIe x4)', '1 x 2230 M.2 E-Key (PCIe x1, USB 2.0)'], 'Internal I/O': ['1 x 4-pin ATX main power connector', '1 x SATA Power connector', '1 x CPU fan header', '1 x System fan header', '1 x Front panel header', '1 x Front panel audio header', '1 x 2W Speaker out header', '1 x GPIO (8 bits) & SMBus header', '4 x USB 2.0 headers', '1 x COM header (RS-232)', '1 x COM header (RS-232/422/485 & RI/5V/12V)', '1 x Clear CMOS jumper', '1 x Backlight Control header', '1 x AT/ATX mode select jumper'], 'Rear l/O': ['2 x Audio Jacks (Line out, Mic in)', '1 x HDMI', '1 x Display Port', '2 x RJ45 LAN Ports', '2 x USB 3.2 Gen 2x1', '2 x USB 3.2 Gen 1', '1 x DC Jack (+12V/+19V~24VDC)'], 'TPM': ['Onboard TPM 2.0 security chip', 'INFINEON SLB9670VQ2.0'], 'OS Compatibility': ['Windows® 11 IoT Enterprise LTSC 2024 (x64)', 'Windows® 10 IoT Enterprise LTSC 2021(21H2) (x64)'], 'Operating Properties': ['Operating temperature: 0°C to 60°C', 'Operating humidity: 60°C @ 20-95% (non-condensing)', 'Non-operating temperature: -40°C to 85°C', 'Non-operating humidity: 85°C @ 95% (non-condensing)'], 'Packing Content': ['Carton size: 465 x 351 x 217 (mm)', 'Packing Capacity: 10pcs', 'Single Box size: 221 x 178 x 65 (mm)', 'Including:', 'Standard IO Shield x 1 (P/N: 12AIO-MH610A-00R)', 'Low-Profile IO Shield x 1 (P/N: 12AIO-MH610A-10R)', 'SATA Power Cable x 1 (P/N: 25CRI-300B01-K1R)'], 'Order Information': ['9MH610CTMR-SI (Box Packing)'], 'Optional Kit': ['CPU Cooler : 25ST0-037820-Y0R', 'CPU Cooler Backplate : 12KRH-0A1700-00R']}","{'Dual Channel DDR5, 2 x SO-DIMMs', 'TPM on board', 'Intel® H610 Express chipset', 'Thin Mini-ITX with Intel® H610 Chipset, support 14th/13th/12th Generation Intel® Core™ Processor, Dual Channel DDR5 Memory, 2 x COM, 8 x USB, 2 x SATA 6Gb/s', 'HDMI, Display Port, LVDS ports for Multiple Display', '2 x SATA 6Gb/s Ports', '1 x COM Port (RS-232)', 'Thin Mini-ITX form factor', '2 x GbE LAN Ports', 'Support 14th/13th/12th Generation Intel® Core™ Processors', '1 x COM Port (RS-232/422/485 & RI/5V/12V)'}",https://www.gigaipc.com/upload/catalog_list_pic/iTXL-H610C-MH610CT-A10-Top-340x353px__25L26OW0su.webp
iTXL-N97A,Industrial Motherboards,https://www.gigaipc.com/en/products-detail/iTXL-N97A/,"{'Form Factor': ['Thin Mini-ITX', '170W x 170D (mm)'], 'CPU': ['Intel Processor N97', 'Intel 7, 4 cores, 6M Cache, up to 3.60 GHz'], 'Socket': ['1 x FCBGA1264'], 'Memory': ['1 x DDR4 SO-DIMM socket, Max. Capacity 16 GB', 'Support Single Channel DDR4 3200 MHz memory modules'], 'Ethernet': ['2 x GbE LAN Ports (Realtek® RTL8111H)'], 'Video': ['Integrated Graphics Processor - Intel® UHD Graphics support:', '2 x HDMI 2.0 port, supporting a maximum resolution of 4096x2160 @60Hz', '1 x eDP port, supporting a maximum resolution of 3840x2160 @60Hz', '1 x LVDS port, supporting a maximum resolution of 1920x1200 @60Hz', '(3 independent display outputs)'], 'Audio': ['Realtek® ALC269'], 'Storage': ['1 x SATA 6Gb/s Port'], 'Expansion Slots': ['1 x 2280 M.2 M-Key (SATA 6Gb/s)', '1 x 2230 M.2 E-Key'], 'Internal I/O': ['1 x 4-pin ATX main power connector', '1 x SATA Power connector', '1 x CPU fan header', '1 x System fan header', '1 x Front panel header', '1 x Front panel audio header', '1 x 2W Speaker out header', '6 x USB 2.0 headers', '4 x COM headers (RS-232/422/485 & RI/5V/12V)', '1 x GPIO (8 bits) & SMBus header', '1 x Backlight Control header for eDP', '1 x Backlight Control header for LVDS', '1 x AT/ATX mode select jumper', '1 x ATX control header'], 'Rear l/O': ['2 x Audio Jacks (Line out, Mic in)', '2 x HDMI', '2 x RJ45 LAN Ports', '4 x USB 3.2 Gen 1', '1 x DC Jack (+12V/+19~+24VDC)'], 'TPM': ['Onboard TPM 2.0 security chip', 'INFINEON SLB9672VU2.0'], 'OS Compatibility': ['Windows 10/11 (x64)'], 'Operating Properties': ['Operating temperature: 0°C to 60°C', 'Operating humidity: 0-90% (non-condensing)', 'Non-operating temperature: -40°C to 85°C', 'Non-operating humidity: 0%-95% (non-condensing)'], 'Packing Content': ['Carton size: 465 x 351 x 217 (mm)', 'Packing Capacity: 10pcs', 'Single Box size: 221 x 178 x 65 (mm)', 'Single Box weight: Approx. 0.8kg', 'Including:', 'Standard IO Shield x 1 (P/N: 12AIO-MEHLJA-00R)', 'Low-Profile IO Shield x 1 (P/N: 12AIO-MJPLN0-00R)', 'SATA Power Cable x 1 (P/N: 25CRI-200B02-K1R)'], 'Order Information': ['9MADN9ATMR-SI (Box packing)']}","{'Intel® Processor N97', '4 x COM Ports (RS-232/422/485 & RI/5V/12V)', 'Thin Mini-ITX Embedded Motherboard with Intel® Processor N97, Single Channel DDR4 memory, 4 x COM, 1 x SATA 6Gb/s, 10 x USB', 'Single Channel DDR4, 1 x SO-DIMM', 'Thin Mini-ITX form factor', '2 x GbE LAN Ports', '1 x SATA 6Gb/s Port', 'HDMI, eDP, LVDS ports for Multiple Display'}",https://www.gigaipc.com/upload/catalog_list_pic/iTXL-N97A_MADN9AT-A10-Top-510x530px__24B06Y3bCY.png
iTXL-H610A,Industrial Motherboards,https://www.gigaipc.com/en/products-detail/iTXL-H610A/,"{'Form Factor': ['Thin Mini-ITX', '170W x 170D (mm)'], 'CPU': ['Support for 14th/13th/12th Generation', 'Intel® Core™ i9/i7/i5/i3 processors, Pentium® & Celeron® processors in the LGA1700 package', 'TDP under 65W', 'L3 cache varies with CPU'], 'Socket': ['1 x LGA 1700'], 'Chipset': ['Intel® H610 Chipset'], 'Memory': ['2 x DDR4 SO-DIMM sockets, Max. Capacity 64 GB', 'Support Dual channel DDR4 3200 MHz memory modules'], 'Ethernet': ['2 x GbE LAN Ports'], 'Video': ['Integrated Graphics Processor - Intel® HD Graphics support:', '1 x HDMI 2.0 port, supporting a maximum resolution of 4096x2160 @60Hz', '1 x DP port, supporting a maximum resolution of 4096x2160 @60Hz', '1 x LVDS port, supporting a maximum resolution of 1920x1200 @60Hz', '(3 independent display outputs)'], 'Audio': ['Realtek® ALC897'], 'Storage': ['2 x SATA 6Gb/s Ports'], 'Expansion Slots': ['1 x 2280 M.2 M-Key (PCIe x4)', '1 x 2230 M.2 E-Key (PCIe x1, USB 2.0)'], 'Internal I/O': ['1 x 4-pin ATX main power connector', '1 x SATA Power connector', '1 x CPU fan header', '1 x System fan header', '1 x Front panel header', '1 x Front panel audio header', '1 x 2W Speaker out header', '1 x GPIO (8 bits) & SMBus header', '4 x USB 2.0 headers', '1 x COM header (RS-232)', '1 x COM header (RS-232/422/485 & RI/5V/12V)', '1 x Clear CMOS jumper', '1 x Backlight Control header', '1 x AT/ATX mode select jumper'], 'Rear l/O': ['2 x Audio Jacks (Line out, Mic in)', '1 x HDMI', '1 x Display Port', '2 x RJ45 LAN Ports', '2 x USB 3.2 Gen 2x1', '2 x USB 3.2 Gen 1', '1 x DC Jack (+12V/+19V~24VDC)'], 'TPM': ['1 x TPM header'], 'OS Compatibility': ['Windows 10/11 (x64)'], 'Operating Properties': ['Operating temperature: 0°C to 60°C', 'Operating humidity: 0-90% (non-condensing)', 'Non-operating temperature: -40°C to 85°C', 'Non-operating humidity: 0%-95% (non-condensing)'], 'Packing Content': ['Carton size: 465 x 351 x 217 (mm)', 'Packing Capacity: 10pcs', 'Single Box size: 221 x 178 x 65 (mm)', 'Including:', 'Standard IO Shield x 1 (P/N: 12AIO-MH610A-00R)', 'Low-Profile IO Shield x 1 (P/N: 12AIO-MQ47EA-20R)', 'SATA Power Cable x 1 (P/N: 25CRI-300B01-K1R)'], 'Order Information': ['9MH610ATMR-SI (Box Packing)'], 'Optional Kit': ['CPU Cooler : 25ST0-037820-Y0R', 'CPU Cooler Backplate : 12KRH-0A1700-00R', 'TPM 2.0 module: 9CTM010NR-00']}","{'Thin Mini-ITX with Intel® H610 Chipset, support 14th/13th/12th Generation Intel® Core™ Processor, Dual Channel DDR4 Memory, 2 x COM, 8 x USB, 2 x SATA 6Gb/s', 'Intel® H610 Express chipset', 'Dual Channel DDR4, 2 x SO-DIMMs', '2 x SATA 6Gb/s Ports', 'HDMI, Display Port, LVDS ports for Multiple Display', '1 x COM Port (RS-232)', 'Thin Mini-ITX form factor', '2 x GbE LAN Ports', 'Support 14th/13th/12th Generation Intel® Core™ Processors', '1 x COM Port (RS-232/422/485 & RI/5V/12V)'}",https://www.gigaipc.com/upload/catalog_list_pic/iTXL-H610A-MH610AT-A10-Top-510x530px__24B065eSHz.png
iTXL-6412A,Industrial Motherboards,https://www.gigaipc.com/en/products-detail/iTXL-6412A/,"{'Form Factor': ['Thin Mini-ITX', '170W x 170D(mm)'], 'CPU': ['Intel® Celeron® J6412 Processor', '10nm, 4 cores, 4 threads, up to 2.60 GHz', 'TDP 10W'], 'Socket': ['1 x FCBGA 1493'], 'Memory': ['2 x DDR4 SO-DIMM sockets, Max. Capacity 32 GB', 'Support Dual Channel DDR4 3200 MHz memory modules'], 'Ethernet': ['2 x GbE LAN Ports'], 'Video': ['Integrated Graphics Processor -', 'Intel® UHD Graphics for 10th Gen Intel® Processors:', '2 x HDMI 2.0 port, supporting a maximum resolution of 4096x2160 @60Hz', '1 x LVDS port, supporting a maximum resolution of 1920x1080 @60Hz', '1 x eDP port, supporting a maximum resolution of 4096x2160 @60Hz', '* eDP connector is alternative with LVDS port, only one can be worked at the same time', '(3 independent display outputs)'], 'Audio': ['Realtek® ALC897'], 'Storage': ['1 x SATA 6Gb/s Port'], 'Expansion Slots': ['1 x PCIe x1 (Gen3 x1)', '1 x 2280 M.2 M-Key (PCIe x2, SATA 6Gb/s)', '1 x 2230 M.2 E-Key (PCIe x1, USB 2.0)'], 'Internal I/O': ['1 x 4-pin ATX main power connector', '1 x SATA Power connector', '1 x CPU fan header', '1 x System fan header', '1 x Front panel header', '1 x Front panel audio header', '1 x 2W Speaker out header', '5 x USB 2.0 headers', '1 x Buzzer', '1 x COM header (RS-232/422/485 & RI/5V/12V)', '1 x COM header (RS-232 & RI/5V/12V)', '2 x COM headers (RS-232)', '1 x GPIO (8 bits) & SMBus header', '1 x Backlight Control header', '1 x AT/ATX mode select jumper', '1 x ATX control header'], 'Rear l/O': ['2 x Audio Jacks (Line out, Mic in)', '2 x HDMI', '2 x RJ45 LAN Ports', '3 x USB 3.2 Gen 1', '1 x USB 2.0', '1 x DC Jack (+12V/19~24VDC)'], 'OS Compatibility': ['Windows 10 (x64)'], 'Operating Properties': ['Operating temperature: 0°C to 60°C', 'Operating humidity: 0-90% (non-condensing)', 'Non-operating temperature: -40°C to 85°C', 'Non-operating humidity: 0%-95% (non-condensing)'], 'Packing Content': ['Carton size: 465 x 351 x 217 (mm)', 'Packing Capacity: 10pcs', 'Single Box size: 221 x 178 x 65 (mm)', 'Single Box weight: Approx. 0.7kg', 'Including:', 'Standard IO Shield x 1 (P/N: 12AIO-MEHLJA-00R)', 'Low-Profile IO Shield x 1 (P/N: 12AIO-MJPLN0-00R)', 'SATA Power cable x 1 (P/N: 25CRI-300B01-K1R)'], 'Order Information': ['9MEHLJATMR-SI (Box packing)']}","{'Dual Channel DDR4, 2 x SO-DIMMs', 'HDMI, eDP/LVDS ports for Multiple Display', 'Thin Mini-ITX form factor', '2 x GbE LAN Ports', 'Thin Mini-ITX Embedded Motherboard with Intel® Celeron® J6412 Processor, Dual Channel DDR4 memory, 4 x COM, 1 x SATA 6Gb/s, 9 x USB', '2 x COM Ports (RS-232)', 'Intel® Celeron® J6412 Processor', '1 x COM Port (RS-232/422/485 & RI/5V/12V)', '1 x COM Port (RS-232 & RI/5V/12V)', '1 x SATA 6Gb/s Port'}",https://www.gigaipc.com/upload/catalog_list_pic/iTXL-6412A_6210A_MEHLNAT-A10-Top-510x530px__24B066XvSW.png
iTXL-6210A,Industrial Motherboards,https://www.gigaipc.com/en/products-detail/iTXL-6210A/,"{'Form Factor': ['Thin Mini-ITX', '170W x 170D(mm)'], 'CPU': ['Intel® Celeron® N6210 Processor', '10nm, 2 cores, 2 threads, up to 2.60 GHz', 'TDP 6.5W'], 'Socket': ['1 x FCBGA 1493'], 'Memory': ['2 x DDR4 SO-DIMM sockets, Max. Capacity 32 GB', 'Support Dual Channel DDR4 3200 MHz memory modules'], 'Ethernet': ['2 x GbE LAN Ports'], 'Video': ['Integrated Graphics Processor -', 'Intel® UHD Graphics for 10th Gen Intel® Processors:', '2 x HDMI 2.0 port, supporting a maximum resolution of 4096x2160 @60Hz', '1 x LVDS port, supporting a maximum resolution of 1920x1080 @60Hz', '1 x eDP port, supporting a maximum resolution of 4096x2160 @60Hz', '* eDP connector is alternative with LVDS port, only one can be worked at the same time', '(3 independent display outputs)'], 'Audio': ['Realtek® ALC897'], 'Storage': ['1 x SATA 6Gb/s Port'], 'Expansion Slots': ['1 x PCIe x1 (Gen3 x1)', '1 x 2280 M.2 M-Key (PCIe x2, SATA 6Gb/s)', '1 x 2230 M.2 E-Key (PCIe x1, USB 2.0)'], 'Internal I/O': ['1 x 4-pin ATX main power connector', '1 x SATA Power connector', '1 x CPU fan header', '1 x System fan header', '1 x Front panel header', '1 x Front panel audio header', '1 x 2W Speaker out header', '5 x USB 2.0 headers', '1 x Buzzer', '1 x COM header (RS-232/422/485 & RI/5V/12V)', '1 x COM header (RS-232 & RI/5V/12V)', '2 x COM headers (RS-232)', '1 x GPIO (8 bits) & SMBus header', '1 x Backlight Control header', '1 x AT/ATX mode select jumper', '1 x ATX control header'], 'Rear l/O': ['2 x Audio Jacks (Line out, Mic in)', '2 x HDMI', '2 x RJ45 LAN Ports', '3 x USB 3.2 Gen 1', '1 x USB 2.0', '1 x DC Jack (+12V/19~24VDC)'], 'OS Compatibility': ['Windows 10 (x64)'], 'Operating Properties': ['Operating temperature: 0°C to 60°C', 'Operating humidity: 0-90% (non-condensing)', 'Non-operating temperature: -40°C to 85°C', 'Non-operating humidity: 0%-95% (non-condensing)'], 'Packing Content': ['Carton size: 465 x 351 x 217 (mm)', 'Packing Capacity: 10pcs', 'Single Box size: 221 x 178 x 65 (mm)', 'Single Box weight: Approx. 0.7kg', 'Including:', 'Standard IO Shield x 1 (P/N: 12AIO-MEHLJA-00R)', 'Low-Profile IO Shield x 1 (P/N: 12AIO-MJPLN0-00R)', 'SATA Power cable x 1 (P/N: 25CRI-300B01-K1R)'], 'Order Information': ['9MEHLNATMR-SI (Box packing)']}","{'1 x SATA 6Gb/s Port', 'Dual Channel DDR4, 2 x SO-DIMMs', 'HDMI, eDP/LVDS ports for Multiple Display', 'Thin Mini-ITX form factor', '2 x GbE LAN Ports', '1 x COM Port (RS-232 & RI/5V/12V)', '2 x COM Ports (RS-232)', '1 x COM Port (RS-232/422/485 & RI/5V/12V)', 'Intel® Celeron® N6210 Processor', 'Thin Mini-ITX Embedded Motherboard with Intel® Celeron® N6210 Processor, Dual Channel DDR4 memory, 4 x COM, 1 x SATA 6Gb/s, 9 x USB'}",https://www.gigaipc.com/upload/catalog_list_pic/iTXL-6412A_6210A_MEHLNAT-A10-Top-510x530px__24B06DoRRa.png
iTXL-1135G7A,Industrial Motherboards,https://www.gigaipc.com/en/products-detail/iTXL-1135G7A/,"{'Form Factor': ['Thin Mini-ITX', '170W x 170D(mm)'], 'CPU': ['Intel® Core™ i5-1135G7 Processor', '10nm SuperFin, 4 cores, 8 threads, up to 4.2 GHz', 'TDP 28W', '8 MB Smart Cache'], 'Socket': ['1 x FCBGA1449'], 'Memory': ['2 x DDR4 SO-DIMM sockets, Max. Capacity 64 GB', 'Support Dual Channel DDR4 3200 MHz memory modules'], 'Ethernet': ['1 x GbE LAN Port (Intel® I219V)', '1 x 2.5GbE LAN Port (Intel® I226V)'], 'Video': ['Integrated Graphics Processor - Intel® Iris® Xᵉ Graphics:', '4 x HDMI 2.0 ports, supporting a maximum resolution of 4096x2160 @60Hz', '1 x LVDS port, supporting a maximum resolution of 1920x1200 @60Hz', '1 x eDP port, supporting a maximum resolution of 4096x2304 @60Hz', '(4 independent display outputs)'], 'Audio': ['Realtek® ALC269'], 'Storage': ['1 x SATA 6Gb/s Port (SATA RAID 0/1)'], 'Expansion Slots': ['1 x 2280 M.2 M-Key (PCIe Gen 4x4, SATA 6Gb/s)', '1 x Full-size Mini PCIe with SIM slot', '1 x 2230 M.2 E-key'], 'Internal I/O': ['1 x 4-pin ATX main power connector', '1 x SATA Power connector', '1 x CPU fan header', '1 x System fan header', '1 x Front panel header', '1 x Front panel audio header', '4 x USB 2.0 headers', '2 x USB 3.2 Gen 1 headers', '4 x COM headers (RS-232/422/485 & RI/5V/12V)', '1 x 2W Speaker out header', '1 x Backlight Control header for eDP', '1 x Backlight Control header for LVDS', '1 x GPIO (8 bits) & SMBus header', '1 x Buzzer', '1 x AT/ATX mode select jumper'], 'Rear l/O': ['2 x Audio Jacks (Line out, Mic in)', '4 x HDMI', '2 x RJ45 LAN Ports', '2 x USB 3.2 Gen 2x1', '2 x USB 3.2 Gen 1', '1 x DC Jack (+12~24VDC)'], 'TPM': ['1 x TPM header (SPI)'], 'OS Compatibility': ['Windows 10/11 (x64)'], 'Operating Properties': ['Operating temperature: 0°C to 60°C', 'Operating humidity: 0-90% (non-condensing)', 'Non-operating temperature: -40°C to 85°C', 'Non-operating humidity: 0%-95% (non-condensing)'], 'Packing Content': ['Carton size: 465 x 351 x 217 (mm)', 'Packing Capacity: 10pcs', 'Single Box size: 221 x 178 x 65 (mm)', 'Single Box weight: Approx. 0.8kg', 'Including:', 'Standard IO Shield x 1 (P/N: 12AIO-MTGU3A-00R)', 'Low-Profile IO Shield x 1 (P/N: 12AIO-MTGU00-00R', 'SATA Power cable x 1 (P/N: 25CRI-300B01-K1R)'], 'Order Information': ['9MTGU5ATMR-SI (Box Packing)'], 'Optional Kit': ['TPM 2.0 module P/N: 9CTM010NR-00', 'TPM Cable P/N: 25CRZ-100600-S9R']}","{'Intel® Core™ i5-1135G7 Processor', '1 x GbE LAN Port', '4 x COM Ports (RS-232/422/485 & RI/5V/12V)', 'Dual Channel DDR4, 2 x SO-DIMMs', 'Thin Mini-ITX Embedded Motherboard with Intel® Core™ i5-1135G7 Processor, Dual Channel DDR4 memory, 4 x COM, 1 x SATA 6Gb/s, 10 x USB', 'Thin Mini-ITX form factor', '1 x 2.5GbE LAN Port', '1 x SATA 6Gb/s Port'}",https://www.gigaipc.com/upload/catalog_list_pic/iTXL-1135G7A_1115G4EA_MTGU5AT-A10-Top-510x530px__24B068aq3t.png
iTXL-1115G4EA,Industrial Motherboards,https://www.gigaipc.com/en/products-detail/iTXL-1115G4EA/,"{'Form Factor': ['Thin Mini-ITX', '170W x 170D(mm)'], 'CPU': ['Intel® Core™ i3-1115G4E Processor', '10nm SuperFin, 2 cores, 4 threads, up to 3.90 GHz', 'TDP 28W', '6 MB Smart Cache'], 'Socket': ['1 x FCBGA1449'], 'Memory': ['2 x DDR4 SO-DIMM sockets, Max. Capacity 64 GB', 'Support Dual Channel DDR4 3200 MHz memory modules'], 'Ethernet': ['1 x GbE LAN Port (Intel® I219V)', '1 x 2.5GbE LAN Port (Intel® I226V)'], 'Video': ['Integrated Graphics Processor - Intel® Iris® Xᵉ Graphics:', '4 x HDMI 2.0 ports, supporting a maximum resolution of 4096x2160 @60Hz', '1 x LVDS port, supporting a maximum resolution of 1920x1200 @60Hz', '1 x eDP port, supporting a maximum resolution of 4096x2304 @60Hz', '(4 independent display outputs)'], 'Audio': ['Realtek® ALC269'], 'Storage': ['1 x SATA 6Gb/s Port (SATA RAID 0/1)'], 'Expansion Slots': ['1 x 2280 M.2 M-Key (PCIe Gen 4x4, SATA 6Gb/s)', '1 x Full-size Mini PCIe with SIM slot', '1 x 2230 M.2 E-key'], 'Internal I/O': ['1 x 4-pin ATX main power connector', '1 x SATA Power connector', '1 x CPU fan header', '1 x System fan header', '1 x Front panel header', '1 x Front panel audio header', '4 x USB 2.0 headers', '2 x USB 3.2 Gen 1 headers', '4 x COM headers (RS-232/422/485 & RI/5V/12V)', '1 x 2W Speaker out header', '1 x Backlight Control header for eDP', '1 x Backlight Control header for LVDS', '1 x GPIO (8 bits) & SMBus header', '1 x Buzzer', '1 x AT/ATX mode select jumper'], 'Rear l/O': ['2 x Audio Jacks (Line out, Mic in)', '4 x HDMI', '2 x RJ45 LAN Ports', '2 x USB 3.2 Gen 2x1', '2 x USB 3.2 Gen 1', '1 x DC Jack (+12~24VDC)'], 'TPM': ['1 x TPM header (SPI)'], 'OS Compatibility': ['Windows 10/11 (x64)'], 'Operating Properties': ['Operating temperature: 0°C to 60°C', 'Operating humidity: 0-90% (non-condensing)', 'Non-operating temperature: -40°C to 85°C', 'Non-operating humidity: 0%-95% (non-condensing)'], 'Packing Content': ['Carton size: 465 x 351 x 217 (mm)', 'Packing Capacity: 10pcs', 'Single Box size: 221 x 178 x 65 (mm)', 'Single Box weight: Approx. 0.8kg', 'Including:', 'Standard IO Shield x 1 (P/N: 12AIO-MTGU3A-00R)', 'Low-Profile IO Shield x 1 (P/N: 12AIO-MTGU00-00R)', 'SATA Power cable x 1 (P/N: 25CRI-300B01-K1R)'], 'Order Information': ['9MTGU3ATMR-SI (Box Packing)'], 'Optional Kit': ['TPM 2.0 module P/N: 9CTM010NR-00', 'TPM Cable P/N: 25CRZ-100600-S9R']}","{'1 x GbE LAN Port', 'Thin Mini-ITX Embedded Motherboard with Intel® Core™ i3-1115G4E Processor, Dual Channel DDR4 memory, 4 x COM, 1 x SATA 6Gb/s, 10 x USB', 'Intel® Core™ i3-1115G4E Processor', '4 x COM Ports (RS-232/422/485 & RI/5V/12V)', 'Dual Channel DDR4, 2 x SO-DIMMs', 'Thin Mini-ITX form factor', '1 x 2.5GbE LAN Port', '1 x SATA 6Gb/s Port'}",https://www.gigaipc.com/upload/catalog_list_pic/iTXL-1135G7A_1115G4EA_MTGU5AT-A10-Top-510x530px__24B06mSz1W.png
iTXL-H42EA,Industrial Motherboards,https://www.gigaipc.com/en/products-detail/iTXL-H42EA/,"{'Form Factor': ['Thin Mini-ITX', '170W x 170D(mm)'], 'CPU': ['Support for 10th Generation', 'Intel® Core™ i9/i7/i5/i3 processors, Pentium® & Celeron® processors in the LGA1200 package', 'TDP under 65W', 'L3 cache varies with CPU'], 'Socket': ['1 x LGA 1200'], 'Chipset': ['Intel® H420E Express Chipset'], 'Memory': ['2 x DDR4 SO-DIMM sockets, Max. Capacity 64 GB', 'Support Dual channel DDR4 2933/2666/2400 MHz memory modules'], 'Ethernet': ['2 x GbE LAN Ports (Intel® I219V and Intel® I211AT)'], 'Video': ['Integrated Graphics Processor - Intel® HD Graphics support:', '1 x HDMI 2.0 port, supporting a maximum resolution of 4096x2160 @60Hz', '1 x DP port, supporting a maximum resolution of 4096x2160 @60Hz', '1 x LVDS port, supporting a maximum resolution of 1920x1080 @60Hz', '1 x eDP port, supporting a maximum resolution of 4096x2160 @60Hz', '* eDP connector is alternative with LVDS port, only one can be worked at the same time', '(2 independent display outputs)'], 'Audio': ['Realtek® ALC897'], 'Storage': ['4 x SATA 6Gb/s Ports'], 'Expansion Slots': ['1 x PCIe x16 (Gen3 x8)', '1 x 2280 M.2 M-Key (PCIe x2)', '1 x 2230 M.2 E-Key'], 'Internal I/O': ['1 x 4-pin ATX main power connector', '2 x SATA Power connectors', '1 x CPU fan header', '1 x System fan header', '1 x Front panel header', '1 x Front panel audio header', '1 x 2W Speaker out header', '5 x USB 2.0 headers', '1 x COM header (RS-232)', '1 x COM header (RS-232/422/485 & RI/5V/12V)', '1 x GPIO (8 bits) & SMBus header', '1 x Clear CMOS jumper', '1 x Backlight Control header', '1 x ATX Control header', '1 x AT/ATX mode select jumper'], 'Rear l/O': ['2 x Audio Jacks (Line out, Mic in)', '1 x HDMI', '1 x Display Port', '2 x RJ45 LAN Ports', '4 x USB 3.2 Gen 1', '1 x DC Jack (+12V/+19V~24VDC)'], 'TPM': ['1 x TPM header'], 'OS Compatibility': ['Windows 10 (x64)'], 'Operating Properties': ['Operating temperature: 0°C to 60°C', 'Operating humidity: 0-90% (non-condensing)', 'Non-operating temperature: -40°C to 85°C', 'Non-operating humidity: 0%-95% (non-condensing)'], 'Packing Content': ['Carton size: 465 x 351 x 217 (mm)', 'Packing Capacity: 10pcs', 'Single Box size: 221 x 178 x 65 (mm)', 'Including:', 'Standard IO Shield x 1 (P/N: 12AIO-MQ47EA-30R)', 'Low-Profile IO Shield x 1 (P/N: 12AIO-MQ47EA-20R)', 'SATA Power Cable x 2 (P/N: 25CRI-300B01-K1R)'], 'Order Information': ['9MH42EATMR-SI (Box Packing)'], 'Optional Kit': ['TPM 2.0 module: 9CTM000NR-00', 'TPM Cable : 25CRZ-100600-S9R']}","{'Support 10th Generation Intel® Core™ Processors', 'Intel® H420E Express chipset', 'Thin Mini-ITX with Intel® H420E Chipset, support 10th Generation Intel® Core™ Processor, Dual Channel DDR4 Memory, PCIe, 2 x COM, 9 x USB, 4 x SATA 6Gb/s', '4 x SATA 6Gb/s Ports', 'Dual Channel DDR4, 2 x SO-DIMMs', '1 x COM Port (RS-232)', 'Thin Mini-ITX form factor', '2 x GbE LAN Ports', 'HDMI, Display Port, eDP/LVDS ports for Multiple Display', '1 x COM Port (RS-232/422/485 & RI/5V/12V)', 'Realtek® Audio codec'}",https://www.gigaipc.com/upload/catalog_list_pic/iTXL-H42EA-A11-Top-510x530px__24B06b0LMQ.png
iTXL-4500A,Industrial Motherboards,https://www.gigaipc.com/en/products-detail/iTXL-4500A/,"{'Form Factor': ['Thin Mini-ITX', '170W x 170D(mm)'], 'CPU': ['Intel® Celeron® N4500 Processor', '10nm, 2 cores, 2 threads, up to 2.80 GHz', 'TDP 6W'], 'Socket': ['1 x FCBGA1338'], 'Memory': ['2 x DDR4 SO-DIMM sockets, Max. Capacity 16 GB', 'Support Dual channel DDR4 2933 MHz memory modules'], 'Ethernet': ['2 x GbE LAN Ports (Realtek® RTL8118-CG)'], 'Video': ['Integrated Graphics Processor - Intel® UHD Graphics:', '2 x HDMI 2.0 port, supporting a maximum resolution of 3840x2160 @60Hz', '1 x LVDS port, supporting a maximum resolution of 1920x1080 @60Hz', '1 x eDP port, supporting a maximum resolution of 4096x2160 @60Hz', '* eDP connector is alternative with LVDS port, only one can be worked at the same time', '(3 independent display outputs)'], 'Audio': ['Realtek® ALC897'], 'Storage': ['1 x SATA 6Gb/s Port'], 'Expansion Slots': ['1 x PCIe x1 (Gen3 x1)', '1 x 2280 M.2 M-Key (SATA 6Gb/s)', '1 x 2230 M.2 E-Key'], 'Internal I/O': ['1 x 4-pin ATX main power connector', '1 x ATX control header (For Standard ATX PSU use)', '1 x SATA power connector', '1 x System fan header', '1 x Front panel header', '1 x Front panel audio header', '1 x 2W Speaker out header', '6 x USB 2.0 headers', '1 x COM header (RS-232/422/485 & RI/5V/12V)', '3 x COM headers (RS-232)', '1 x GPIO (8 bits) & SMBus header', '1 x Backlight Control header', '1 x AT/ATX mode select jumper'], 'Rear l/O': ['2 x Audio Jacks (Line out, Mic in)', '2 x HDMI', '2 x RJ45 LAN Ports', '4 x USB 3.2 Gen 1', '1 x DC Jack (+12V~24VDC)'], 'OS Compatibility': ['Windows 10 (x64)'], 'Operating Properties': ['Operating temperature: 0°C to 60°C', 'Operating humidity: 0-90% (non-condensing)', 'Non-operating temperature: -40°C to 85°C', 'Non-operating humidity: 0%-95% (non-condensing)'], 'Packing Content': ['Carton size: 465 x 351 x 217 (mm)', 'Packing Capacity: 10pcs', 'Single Box size: 221 x 178 x 65 (mm)', 'Single Box weight: Approx. 0.55kg', 'Including:', 'Standard IO Shield x 1 (P/N: 12AIO-MEHLJA-00R)', 'Low-Profile IO Shield x 1 (P/N: 12AIO-MJPLN0-00R)', 'SATA Power cable x 1 (P/N: 25CRI-200B02-K1R)'], 'Order Information': ['9MJPLNATMR-SI (Box Packing)']}","{'3 x COM Ports (RS-232)', 'Dual Channel DDR4, 2 x SO-DIMMs', 'HDMI, eDP/LVDS ports for Multiple Display', 'Thin Mini-ITX form factor', '2 x GbE LAN Ports', 'Thin Mini-ITX Embedded Motherboard with Intel® Celeron® N4500 Processor, Dual Channel DDR4 memory, 4 x COM, 1 x SATA 6Gb/s, 10 x USB', 'Intel® Celeron® N4500 Processor', '1 x COM Port (RS-232/422/485 & RI/5V/12V)', '1 x SATA 6Gb/s Port', 'Realtek® Audio codec'}",https://www.gigaipc.com/upload/catalog_list_pic/iTXL-4500A_5105A_MJPLNBT_A10-Top-510x530px__24B06HyOS1.png
iTXL-5105A,Industrial Motherboards,https://www.gigaipc.com/en/products-detail/iTXL-5105A/,"{'Form Factor': ['Thin Mini-ITX', '170W x 170D(mm)'], 'CPU': ['Intel® Celeron® N5105 Processor', '10nm, 4 cores, 4 threads, up to 2.90 GHz', 'TDP 10W'], 'Socket': ['1 x FCBGA1338'], 'Memory': ['2 x DDR4 SO-DIMM sockets, Max. Capacity 16 GB', 'Support Dual channel DDR4 2933 MHz memory modules'], 'Ethernet': ['2 x GbE LAN Ports (Realtek® RTL8118-CG)'], 'Video': ['Integrated Graphics Processor - Intel® UHD Graphics:', '2 x HDMI 2.0 port, supporting a maximum resolution of 3840x2160 @60Hz', '1 x LVDS port, supporting a maximum resolution of 1920x1080 @60Hz', '1 x eDP port, supporting a maximum resolution of 4096x2160 @60Hz', '* eDP connector is alternative with LVDS port, only one can be worked at the same time', '(3 independent display outputs)'], 'Audio': ['Realtek® ALC897'], 'Storage': ['1 x SATA 6Gb/s Port'], 'Expansion Slots': ['1 x PCIe x1 (Gen3 x1)', '1 x 2280 M.2 M-Key (SATA 6Gb/s)', '1 x 2230 M.2 E-Key'], 'Internal I/O': ['1 x 4-pin ATX main power connector', '1 x ATX control header (For Standard ATX PSU use)', '1 x SATA Power connector', '1 x System fan header', '1 x Front panel header', '1 x Front panel audio header', '1 x 2W Speaker out header', '6 x USB 2.0 headers', '1 x COM header (RS-232/422/485 & RI/5V/12V)', '3 x COM headers (RS-232)', '1 x GPIO (8 bits) & SMBus header', '1 x Backlight Control header', '1 x AT/ATX mode select jumper'], 'Rear l/O': ['2 x Audio Jacks (Line out, Mic in)', '2 x HDMI', '2 x RJ45 LAN Ports', '4 x USB 3.2 Gen 1', '1 x DC Jack (+12V~24VDC)'], 'OS Compatibility': ['Windows 10 (x64)'], 'Operating Properties': ['Operating temperature: 0°C to 60°C', 'Operating humidity: 0-90% (non-condensing)', 'Non-operating temperature: -40°C to 85°C', 'Non-operating humidity: 0%-95% (non-condensing)'], 'Packing Content': ['Carton size: 465 x 351 x 217 (mm)', 'Packing Capacity: 10pcs', 'Single Box size: 221 x 178 x 65 (mm)', 'Single Box weight: Approx. 0.55kg', 'Including:', 'Standard IO Shield x 1 (P/N: 12AIO-MEHLJA-00R)', 'Low-Profile IO Shield x 1 (P/N: 12AIO-MJPLN0-00R)', 'SATA Power cable x 1 (P/N: 25CRI-200B02-K1R)'], 'Order Information': ['9MJPLNBTMR-SI (Box Packing)']}","{'Thin Mini-ITX Embedded Motherboard with Intel® Celeron® N5105 Processor, Dual Channel DDR4 Memory, 4 x COM, 1 x SATA 6Gb/s, 10 x USB', '3 x COM Ports (RS-232)', 'Dual Channel DDR4, 2 x SO-DIMMs', 'HDMI, eDP/LVDS ports for Multiple Display', 'Thin Mini-ITX form factor', '2 x GbE LAN Ports', 'Intel® Celeron® N5105 Processor', '1 x COM Port (RS-232/422/485 & RI/5V/12V)', '1 x SATA 6Gb/s Port', 'Realtek® Audio codec'}",https://www.gigaipc.com/upload/catalog_list_pic/iTXL-4500A_5105A_MJPLNBT_A10-Top-510x530px__24B06IbJz2.png
iTXL-Q47EA,Industrial Motherboards,https://www.gigaipc.com/en/products-detail/iTXL-Q47EA/,"{'Form Factor': ['Thin Mini-ITX', '170W x 170D(mm)'], 'CPU': ['Support for 10th Generation', 'Intel® Core™ i9/i7/i5/i3, Pentium® & Celeron® processors in the LGA1200 package', 'TDP under 65W', 'L3 cache varies with CPU'], 'Socket': ['1 x LGA 1200'], 'Chipset': ['Intel® Q470E Express Chipset'], 'Memory': ['2 x DDR4 SO-DIMM sockets, Max. Capacity 64 GB', 'Support Dual channel DDR4 2933/2666 MHz memory modules'], 'Ethernet': ['2 x GbE LAN Ports (Intel® I219LM and Intel® I211AT)'], 'Video': ['Integrated Graphics Processor - Intel® HD Graphics support:', '1 x HDMI 2.0 port, supporting a maximum resolution of 4096x2160 @60Hz', '1 x DP port, supporting a maximum resolution of 4096x2160 @60Hz', '1 x LVDS port, supporting a maximum resolution of 1920x1080 @60Hz', '1 x eDP port, supporting a maximum resolution of 4096x2160 @60Hz', '* eDP connector is alternative with LVDS port, only one can be worked at the same time', '(3 independent display outputs)'], 'Audio': ['Realtek® ALC897'], 'Storage': ['4 x SATA 6Gb/s Ports (RAID 0/1/5/10)'], 'Expansion Slots': ['1 x PCIe x16 (Gen3 x8)', '1 x 2280 M.2 M-Key (PCIe x4, SATA 6Gb/s)', '1 x 2230 M.2 E-Key'], 'Internal I/O': ['1 x 4-pin ATX main power connector', '2 x SATA Power connectors', '1 x CPU fan header', '1 x System fan header', '1 x Front panel header', '1 x Front panel audio header', '1 x 2W Speaker out header', '6 x USB 2.0 headers', '1 x COM header (RS-232)', '1 x COM header (RS-232/422/485 & RI/5V/12V)', '1 x GPIO (8 bits) & SMBus header', '1 x Clear CMOS jumper', '1 x Backlight Control header', '1 x ATX Control header', '1 x AT/ATX mode select jumper'], 'Rear l/O': ['2 x Audio Jacks (Line out, Mic in)', '1 x HDMI', '1 x Display Port', '2 x RJ45 LAN Ports', '4 x USB 3.2 Gen 1', '1 x DC Jack (+12V/+19~24VDC)'], 'TPM': ['1 x TPM header'], 'OS Compatibility': ['Windows 10 (x64)'], 'Operating Properties': ['Operating temperature: 0°C to 60°C', 'Operating humidity: 0-90% (non-condensing)', 'Non-operating temperature: -40°C to 85°C', 'Non-operating humidity: 0%-95% (non-condensing)'], 'Packing Content': ['Carton size: 465 x 351 x 217 (mm)', 'Packing Capacity: 10pcs', 'Single Box size: 221 x 178 x 65 (mm)', 'Including:', 'Standard IO Shield x 1 (P/N: 12AIO-MH610A-00R)', 'Low-Profile IO Shield x 1 (P/N: 12AIO-MQ47EA-20R)', 'SATA Power Cable x 2 (P/N: 25CRI-300B01-K1R)'], 'Order Information': ['9MQ47EATMR-SI (Box Packing)'], 'Optional Kit': ['TPM 2.0 module: 9CTM000NR-00', 'TPM Cable : 25CRZ-100600-S9R']}","{'Support 10th Generation Intel® Core™ Processors', '4 x SATA 6Gb/s Ports', 'Dual Channel DDR4, 2 x SO-DIMMs', '1 x COM Port (RS-232)', 'Thin Mini-ITX form factor', '2 x GbE LAN Ports', '1 x COM Port (RS-232/422/485 & RI/5V/12V)', 'HDMI, Display Port, eDP/LVDS ports for Multiple Display', 'Intel® Q470E Express chipset', 'Thin Mini-ITX with Intel® Q470E Chipset, support 10th Generation Intel® Core™ Processor, Dual Channel DDR4 Memory, PCIe, 2 x COM, 10 x USB, 4 x SATA 6Gb/s', 'Realtek® Audio codec'}",https://www.gigaipc.com/upload/catalog_list_pic/iTXL-Q470A_MQ47EAT-A10_Top-510x530px__24B06Xs3fN.png
iTXL-Q370A,Industrial Motherboards,https://www.gigaipc.com/en/products-detail/iTXL-Q370A/,"{'Form Factor': ['Thin Mini-ITX', '170W x 170D(mm)'], 'CPU': ['Support for 9th/8th Generation', 'Intel® Core™ i7/i5/i3, Pentium® & Celeron® processors in the LGA1151 package', 'TDP under 65W', 'L3 cache varies with CPU'], 'Socket': ['1 x LGA 1151'], 'Chipset': ['Intel® Q370 Express Chipset'], 'Memory': ['2 x DDR4 SO-DIMM sockets, Max. Capacity 32 GB', 'Support Dual channel DDR4 2666/2400 MHz memory modules'], 'Ethernet': ['1 x GbE LAN Port (Intel® I219LM)'], 'Video': ['Integrated Graphics Processor - depends on CPU :', '1 x HDMI 2.0 port, supporting a maximum resolution of 4096x2160 @60Hz', '1 x DP port, supporting a maximum resolution of 4096x2160 @60Hz', '1 x LVDS port, supporting a maximum resolution of 1920x1080 @60Hz', '(3 independent display outputs)'], 'Audio': ['Realtek® Audio Codec'], 'Storage': ['4 x SATA 6Gb/s Ports (RAID 0/1/5/10)'], 'Expansion Slots': ['1 x PCIe x4 (Gen3 x4)', '1 x 2280/2260 M.2 M-Key (PCIe x4, SATA 6Gb/s, Optane memory)', '1 x 2230 M.2 E-Key'], 'Internal I/O': ['1 x 2-pin ATX main power connector', '1 x SATA Power connector', '1 x CPU fan header', '1 x System fan header', '1 x Front panel header', '1 x Front panel audio header', '1 x 3W Speaker out header', '1 x DMIC header', '5 x USB 2.0 headers', '2 x USB 3.2 Gen 1 headers', '1 x COM header (RS-232)', '1 x FPD (For LVDS 19V)', '1 x FPD_SW 1x3 (For Panel Power SW)', '1 x LCD_VCC Pin header', '1 x Backlight Control header', '1 x Clear CMOS jumper'], 'Rear l/O': ['2 x Audio Jacks (Line out, Mic in)', '1 x HDMI', '1 x Display Port', '1 x RJ45 LAN Port', '3 x USB 3.2 Gen 1', '1 x USB 3.2 Gen 1 Type C', '1 x DC Jack (+12V/+19VDC)'], 'TPM': ['1 x TPM header'], 'OS Compatibility': ['Windows 10 (x64)'], 'Operating Properties': ['Operating temperature: 0°C to 60°C', 'Operating humidity: 0-90% (non-condensing)', 'Non-operating temperature: -40°C to 85°C', 'Non-operating humidity: 0%-95% (non-condensing)'], 'Packing Content': ['Carton size: 465 x 351 x 217 (mm)', 'Packing Capacity: 10pcs', 'Single Box size: 221 x 178 x 65 (mm)', 'Single Box weight: Approx. 0.55kg', 'Including:', 'IO Shield x 1 (P/N: 12AIO-MCH370-00R)', 'SATA Power cable x 1 (P/N: 25CRI-710300-K1R)'], 'Order Information': ['9MQ370ATMR-SI (Box Packing)'], 'Optional Kit': ['CPU Cooler : 25ST0-039520-Y0R', 'CPU Cooler Backplate : 12KRH-0A1155-30R', 'TPM 2.0 module: 9CTM000NR-00']}","{'HDMI 2.0, Display Port, LVDS ports for multiple display', '1 x GbE LAN Port', '4 x SATA 6Gb/s Ports', 'Dual Channel DDR4, 2 x SO-DIMMs', '1 x COM Port (RS-232)', 'Thin Mini-ITX form factor', 'Thin Mini-ITX with Intel® Q370 Chipset, support 9th/8th Generation Intel® Core™ Processors, Dual-channel DDR4 memory, PCIe, 1 x COM, 11 x USB, 4 x SATA 6Gb/s', 'Support 9th/8th Generation Intel® Core™ Processors'}",https://www.gigaipc.com/upload/catalog_list_pic/iTXL-Q370A-Top_510x530px__24B06CyOmn.png
QBiP-N150C,Industrial Motherboards,https://www.gigaipc.com/en/products-detail/QBiP-N150C/,"{'Form Factor': ['3.5"" SBC', '146W x 101.7D(mm)'], 'CPU': ['Intel® Processor N150', 'Intel 7, 4 cores, up to 3.60 GHz', 'TDP 6W'], 'Socket': ['1 x FCBGA1264'], 'Memory': ['1 x DDR5 SO-DIMM socket, Max. Capacity 16 GB', 'Support Single Channel DDR5 4800 MHz memory modules'], 'Ethernet': ['6 x 2.5GbE LAN Ports (Realtek® RTL8125D)'], 'Video': ['Integrated Graphics Processor - Intel® Graphics support:', '1 x HDMI 2.0 port, supporting a maximum resolution of 4096x2160 @60Hz'], 'Expansion Slots': ['1 x 2280 M.2 M-Key (PCIe Gen3x2)', '1 x 2230 M.2 E-Key'], 'Internal I/O': ['1 x 4-pin box power connector (DC in +12V~36VDC)', '1 x CPU fan header', '1 x COM header (RS-232)', '1 x AT/ATX mode select jumper', '1 x GPIO (8-bits) & SMBus header'], 'Front I/O': ['1 x HDMI', '2 x USB 3.2 Gen 2 (10 Gbps)', '2 x USB 2.0', '1 x Power button', '6 x LAN status LED'], 'Rear l/O': ['6 x RJ45 LAN Ports', '1 x Console Port (RS-232)(RJ45 Type)'], 'TPM': ['Onboard TPM 2.0 security chip', 'INFINEON SLB9670VQ2.0'], 'OS Compatibility': ['Windows 11 Enterprise LTSC 2024', 'Windows 11 IoT Enterprise LTSC 2024, x64', 'Windows 11 IoT Enterprise, version 24H2 x64'], 'Operating Properties': ['Operating temperature: 0°C to 60°C', 'Operating humidity: 60°C @ 20-95% (non-condensing)', 'Non-operating temperature: -40°C to 85°C', 'Non-operating humidity: 85°C @ 95% (non-condensing)'], 'Packing Content': ['Carton size: 465 x 351 x 217 (mm)', 'Packing Capacity: 10pcs', 'Single Box size: 221 x 178 x 65 (mm)', 'Single Box weight: Approx. 0.5kg'], 'Order Information': ['9MTWN1CSMR-SI (Box Packing)'], 'Optional Kit': ['Fanless sink P/N: 25ST1-300022-A7GR', 'Heat spreader P/N: 25ST1-113109-Y0R', 'Fansink P/N: 25ST4-123103-Y0R']}","{'6 x 2.5GbE LAN Ports', 'TPM on board', '3.5"" SubCompact Embedded Motherboard with Intel® Processor N150, Single Channel DDR5 memory, 6 x LAN, 2 x COM, 2 x USB 3.2 Gen 2 (10 Gbps), 2 x USB 2.0', '3.5"" SBC', '2 x COM Ports (RS-232)', 'Intel® Processor N150', 'Single Channel DDR5, 1 x SO-DIMM'}",https://www.gigaipc.com/upload/catalog_list_pic/QBiP-N150C-MTWN1CS-A10-Top-340x353px__26H07pQBLd.webp
QBiP-x7433REC,Industrial Motherboards,https://www.gigaipc.com/en/products-detail/QBiP-x7433REC/,"{'Form Factor': ['3.5"" SBC', '146W x 101.7D(mm)'], 'CPU': ['Intel® Atom® x7433RE Processor', 'Intel 7, 4 cores, up to 3.40 GHz', 'TDP 9W'], 'Socket': ['1 x FCBGA 1264'], 'Memory': ['1 x DDR5 SO-DIMM sockets, Max. Capacity 16 GB', 'Support Single channel DDR5 4800 MHz memory modules'], 'Ethernet': ['6 x 2.5GbE LAN Ports (RTL8125)'], 'Video': ['Integrated Graphics Processor -Intel® UHD Graphics:', '1 x HDMI port'], 'Expansion Slots': ['1 x 2280 M.2 M-Key (PCIe Gen3x2)', '1 x 2230 M.2 E-Key'], 'Internal I/O': ['1 x 4-pin box power connector (DC in +12V~36VDC)', '1 x CPU fan header', '1 x GPIO (8 bits) & SMBus header', '1 x COM header (RS-232)', '1 x AT/ATX mode select (default AT mode)', '1 x Buzzer'], 'Front I/O': ['6 x RJ45 LAN Ports', '1 x Console RJ45(RS-232) Port'], 'Rear l/O': ['1 x HDMI', '2 x USB 3.2 Gen2', '2 x USB 2.0', '1 x Power Button & HDD LED', '6 x LAN status LED'], 'TPM': ['Onboard TPM 2.0 security chip', 'INFINEON SLB9670VQ2.0'], 'OS Compatibility': ['Windows 10/11 (x64)'], 'Operating Properties': ['Operating temperature: 0°C to +60°C'], 'Remark': ['∗ All specifications are subject to change without notice. Please contact with your sales representative for more information.']}","{'6 x 2.5GbE LAN Ports', 'TPM on board', '3.5"" SBC', 'Intel® Atom® x7433RE Processor', 'DC input : 12V ~ 36V Full Range', '3.5"" SubCompact Embedded Motherboard with Intel® Atom® x7433RE Processor, Single Channel DDR5 memory, 6 x 2.5GbE LAN, TPM on board', 'Single Channel DDR5, 1 x SO-DIMM'}",https://www.gigaipc.com/upload/catalog_list_pic/QBiP-x7433REC-MASLECS-A10-Top-340x353px__26H07ZRXd6.png
QBiP-235UB,Industrial Motherboards,https://www.gigaipc.com/en/products-detail/QBiP-235UB/,"{'Form Factor': ['3.5"" SBC', '146W x 101.7D(mm)'], 'CPU': ['Intel® Core™ Ultra 5 Processor 235U', 'Intel® 3, 12 cores, 2P+8E+2LPE, 14 threads, up to 4.9 GHz, Vpro support', 'TDP 15W', '12 MB Smart Cache'], 'Socket': ['1 x FCBGA2049'], 'Memory': ['2 x DDR5 SO-DIMM sockets, Max. Capacity 96 GB', 'Support Dual Channel DDR5 5600 MHz memory modules', 'or', '2 x DDR5 CSO-DIMM sockets, Max. Capacity 128 GB', 'Support Dual Channel DDR5 6400 MHz memory modules'], 'Ethernet': ['2 x 2.5GbE LAN Ports (Intel® I226V & I226LM)'], 'Video': ['Integrated Graphics Processor - Intel® Graphics:', '2 x HDMI2.1 port, supporting a maximum resolution of 7680x4320 @60Hz (HDMI 2 port support HDMI CEC)', '1 x LVDS port, supporting a maximum resolution of 1920x1200 @60Hz', '(3 independent display outputs)'], 'Audio': ['Realtek® ALC269'], 'Storage': ['1 x SATA 6Gb/s Port (SATA RAID 0/1)'], 'Expansion Slots': ['1 x 2280 M.2 M-Key (PCIe Gen4x4, SATA 6Gb/s)', '1 x 2230 M.2 E-Key', '1 x Full-size Mini PCIe with SIM slot'], 'Internal I/O': ['1 x 4-pin box power connector (DC in +9V~36VDC)', '1 x SATA Power header', '1 x CPU fan header', '1 x System fan header', '1 x Front panel header', '1 x Front panel audio header', '1 x 2W Speaker out header', '4 x USB 2.0 headers', '3 x COM headers (RS-232/422/485)', '1 x Backlight Control header', '1 x AT/ATX mode select jumper', '1 x GPIO (8-bits) & SMBus header', '1 x CANBus header'], 'Rear l/O': ['1 x COM Port (RS-232/422/485 & RI/5V/12V)', '2 x HDMI', '2 x RJ45 LAN Ports', '4 x USB 3.2 Gen 2x1'], 'TPM': ['Onboard TPM 2.0 security chip', 'INFINEON SLB9672XU2.0'], 'OS Compatibility': ['Windows 10 IoT Enterprise LTSC 2021(21H2) 64bits', 'Windows 11 IoT Enterprise LTSC 2024(24H2) 64bits'], 'Operating Properties': ['Operating temperature: 0°C to 60°C', 'Operating humidity: 60°C @ 20-95% (non-condensing)', 'Non-operating temperature: -40°C to 85°C', 'Non-operating humidity: 85°C @ 95% (non-condensing)'], 'Packing Content': ['Carton size: 465 x 351 x 217 (mm)', 'Packing Capacity: 10pcs', 'Single Box size: 221 x 178 x 65 (mm)', 'Single Box weight: Approx. 0.5kg', 'Including:', 'SATA power Cable x 1 (P/N: 25CRI-200B02-K1R)', 'Thermal pad for Memory x 1 (P/N: 25ST3-290300-S7R)'], 'Order Information': ['9MARU5CSMR-SI (Box Packing)'], 'Optional Kit': ['Fanless sink P/N: 25ST1-113105-A7R', 'Heat spreader P/N: 25ST1-713000-Y0R', 'Fansink P/N: 25ST4-113104-A7R']}","{'Dual Channel DDR5, 2 x SO-DIMMs / CSO-DIMMs', 'Intel® Core™ Ultra 5 Processor 235U', '1 x CAN Bus header', 'Ultra-Fast M.2 with PCIe Gen4 x4 interface', '2 x 2.5GbE LAN Ports', '2 x HDMI, LVDS ports for multiple display', '4 x USB 3.2 Gen 2x1', '3.5"" SBC', '3 x COM Ports (RS-232/422/485)', '3.5"" SubCompact Board with Intel® Core™ Ultra 5 Processor 235U, Dual Channel DDR5 memory, 4 x COM, 1 x SATA 6Gb/s, 4 x USB 3.2 Gen 2x1, 4 x USB 2.0', '1 x COM Port (RS-232/422/485 & RI/5V/12V)', '1 x SATA 6Gb/s Port'}",https://www.gigaipc.com/upload/catalog_list_pic/QBiP-255UB_225UB-MARU5BS_MARU7BS-A10-Top-340x353px__26C16dvmrz.webp
QBiP-x7433REB,Industrial Motherboards,https://www.gigaipc.com/en/products-detail/QBiP-x7433REB/,"{'Form Factor': ['3.5"" SBC', '146W x 101.7D(mm)'], 'CPU': ['Intel® Atom® x7433RE Processor', 'Intel 7, 4 cores, up to 3.40 GHz', 'TDP 9W'], 'Socket': ['1 x FCBGA 1264'], 'Memory': ['1 x DDR5 SO-DIMM sockets, Max. Capacity 16 GB', 'Support Single channel DDR5 4800 MHz memory modules'], 'Ethernet': ['2 x 2.5GbE LAN Ports (Intel® I226IT)'], 'Video': ['Integrated Graphics Processor -Intel® UHD Graphics:', '1 x HDMI 2.0 port, supporting a maximum resolution of 4096x2160 @60Hz', '1 x VGA port, supporting a maximum resolution of 1920x1080 @60Hz', '(2 independent display outputs)'], 'Audio': ['Realtek® ALC269'], 'Storage': ['1 x SATA 6Gb/s Port'], 'Expansion Slots': ['1 x 2280 M.2 M-Key (PCIe Gen3x1, SATA 6Gb/s)', '1 x 2230 M.2 E-Key', '1 x 3052/3042 M.2 B-key with SIM Slot – 4G/5G Support', '1 x Vertical USB 2.0'], 'Internal I/O': ['1 x CPU fan header', '1 x SATA Power header', '1 x Front panel header', '1 x COM header (RS-232/422/485 & RI/5V/12V)', '1 x CANBus header', '1 x AT/ATX mode select jumper', '1 x GPIO (8 bits) header'], 'Front I/O': ['2 x RJ45 LAN Ports', '2 x USB 3.2 Gen 1', '2 x USB 2.0', '1 x HDMI', '1 x VGA', '1 x Remote control header', '2 x COM Ports (RS-232/422/485 & RI/5V/12V)', '1 x Power button with LED', '1 x Combo audio jack (Headphone & Headset)'], 'Side I/O': ['1 x 3-pin Terminal Block (DC in +9V~36VDC)'], 'TPM': ['Onboard TPM 2.0 security chip', 'Nuvoton NPCT764AABYX'], 'OS Compatibility': ['Windows 11 IoT Enterprise LTSC 2024(24H2) 64bits', 'Windows 10 IoT Enterprise LTSC 2021(21H2) 64bits', 'Ubuntu 22.04.5 LTS', 'Ubuntu 24.04.1 LTS', 'Ubuntu 24.10'], 'Operating Properties': ['Operating temperature: -20°C to 70°C', 'Operating humidity: 60°C @ 20-95% (non-condensing)', 'Non-operating temperature: -40°C to 85°C', 'Non-operating humidity: 85°C @ 95% (non-condensing)'], 'Packing Content': ['Carton size: 465 x 351 x 217 (mm)', 'Packing Capacity: 10pcs', 'Single Box size: 221 x 178 x 65 (mm)', 'Including:', 'SATA power Cable x 1 (P/N: 25CRI-200B02-K1R)'], 'Order Information': ['9MASLEBSMR-SI (Box Packing)'], 'Optional Kit': ['Heat spreader P/N: 25ST1-113109-Y0R', 'Fansink P/N: 25ST4-123103-Y0R']}","{'TPM on board', '2 x 2.5GbE LAN Ports', '3.5"" SBC', 'Intel® Atom® x7433RE Processor', '3.5” SubCompact Embedded Motherboard with Intel® Atom® x7433RE Processor, Single Channel DDR5 memory, CANBus, Remote control, 3 x COM, TPM on board', '3 x COM Ports (RS-232/422/485 & RI/5V/12V)', 'HDMI, VGA ports for multiple display', '1 x SATA 6Gb/s Port', 'Single Channel DDR5, 1 x SO-DIMM'}",https://www.gigaipc.com/upload/catalog_list_pic/QBiP-x7433REB_MASLEBS-A10-Top-340x353px__26D016WvjY.webp
QBiP-N150A,Industrial Motherboards,https://www.gigaipc.com/en/products-detail/QBiP-N150A/,"{'Form Factor': ['3.5"" SBC', '146W x 101.7D(mm)'], 'CPU': ['Intel® Processor N150', 'Intel 7, 4 cores, up to 3.60 GHz', 'TDP 6W'], 'Socket': ['1 x FCBGA1264'], 'Memory': ['1 x DDR5 SO-DIMM socket, Max. Capacity 16 GB', 'Support Single Channel DDR5 4800 MHz memory modules'], 'Ethernet': ['2 x 2.5GbE LAN Ports (Intel® I226V)'], 'Video': ['Integrated Graphics Processor - Intel® Graphics support:', '2 x HDMI 2.0 port, supporting a maximum resolution of 4096x2160 @60Hz', '1 x LVDS port, supporting a maximum resolution of 1920x1200 @60Hz', '(3 independent display outputs)'], 'Audio': ['Realtek® ALC897'], 'Storage': ['1 x SATA 6Gb/s Port'], 'Expansion Slots': ['1 x 2280 M.2 M-Key (PCIe x2)', '1 x 2230 M.2 E-Key', '1 x Full-size mini PCIe with SIM slot'], 'Internal I/O': ['1 x 4-pin box power connector (DC in +12V~36VDC)', '1 x SATA Power header', '1 x CPU fan header', '1 x Front panel header', '1 x Front panel audio header', '1 x 2W Speaker out header', '2 x USB 2.0 headers', '1 x COM header (RS-232/422/485 & RI/5V/12V)', '1 x COM header (RS-232/422/485)', '2 x COM headers (RS-232)', '1 x Backlight Control header', '1 x AT/ATX mode select jumper', '1 x GPIO (8-bits) & SMBus header', '1 x Buzzer header'], 'Rear l/O': ['1 x Headphone Jack', '2 x HDMI', '2 x RJ45 LAN Ports', '2 x USB 3.2 Gen 2x1', '2 x USB 2.0'], 'TPM': ['Onboard TPM 2.0 security chip', 'INFINEON SLB9670VQ2.0'], 'OS Compatibility': ['Windows 11 (x64)'], 'Operating Properties': ['Operating temperature: 0°C to 60°C', 'Operating humidity: 60°C @ 20-95% (non-condensing)', 'Non-operating temperature: -40°C to 85°C', 'Non-operating humidity: 85°C @ 95% (non-condensing)'], 'Packing Content': ['Carton size: 465 x 351 x 217 (mm)', 'Packing Capacity: 10pcs', 'Single Box size: 221 x 178 x 65 (mm)', 'Single Box weight: Approx. 0.5kg', 'Including:', 'SATA power Cable x 1 (P/N: 25CRI-200B02-K1R)'], 'Order Information': ['9MTWN1ASMR-SI (Box Packing)'], 'Optional Kit': ['Fanless sink P/N: 25ST1-12311I-A7R', 'Heat spreader P/N: 25ST1-113109-Y0R', 'Fansink P/N: 25ST4-123103-Y0R']}","{'TPM on board', '1 x COM Port (RS-232/422/485)', '2 x 2.5GbE LAN Ports', '3.5"" SubCompact Embedded Motherboard with Intel® Processor N150, Single Channel DDR5 memory, 4 x COM, 1 x SATA 6Gb/s, 2 x USB 3.2 Gen 2x1, 4 x USB 2.0', '3.5"" SBC', '2 x COM Ports (RS-232)', '1 x COM Port (RS-232/422/485 & RI/5V/12V)', 'Intel® Processor N150', '1 x SATA 6Gb/s Port', 'Single Channel DDR5, 1 x SO-DIMM'}",https://www.gigaipc.com/upload/catalog_list_pic/QBiP-N150A_MTWN1AS-A10-Top-340x353px__26A025ak53.webp
QBiP-255UB,Industrial Motherboards,https://www.gigaipc.com/en/products-detail/QBiP-255UB/,"{'Form Factor': ['3.5"" SBC', '146W x 101.7D(mm)'], 'CPU': ['Intel® Core™ Ultra 7 Processor 255U', 'Intel® 3, 12 cores, 2P+8E+2LPE, 14 threads, up to 5.20 GHz', 'TDP 15W', '12 MB Smart Cache'], 'Socket': ['1 x FCBGA2049'], 'Memory': ['2 x DDR5 SO-DIMM sockets, Max. Capacity 96 GB', 'Support Dual Channel DDR5 5600 MHz memory modules', 'or', '2 x DDR5 CSO-DIMM sockets, Max. Capacity 128 GB', 'Support Dual Channel DDR5 6400 MHz memory modules'], 'Ethernet': ['2 x 2.5GbE LAN Ports (Intel® I226V & I226LM)'], 'Video': ['Integrated Graphics Processor - Intel® Graphics:', '2 x HDMI2.1 port, supporting a maximum resolution of 7680x4320 @60Hz (HDMI 2 port support HDMI CEC)', '1 x LVDS port, supporting a maximum resolution of 1920x1200 @60Hz', '(3 independent display outputs)'], 'Audio': ['Realtek® ALC269'], 'Storage': ['1 x SATA 6Gb/s Port (SATA RAID 0/1)'], 'Expansion Slots': ['1 x 2280 M.2 M-Key (PCIe Gen4x4, SATA 6Gb/s)', '1 x 2230 M.2 E-Key', '1 x Full-size Mini PCIe with SIM slot'], 'Internal I/O': ['1 x 4-pin box power connector (DC in +9V~36VDC)', '1 x SATA Power header', '1 x CPU fan header', '1 x System fan header', '1 x Front panel header', '1 x Front panel audio header', '1 x 2W Speaker out header', '4 x USB 2.0 headers', '3 x COM headers (RS-232/422/485)', '1 x Backlight Control header', '1 x AT/ATX mode select jumper', '1 x GPIO (8-bits) & SMBus header', '1 x CANBus header'], 'Rear l/O': ['1 x COM Port (RS-232/422/485 & RI/5V/12V)', '2 x HDMI', '2 x RJ45 LAN Ports', '4 x USB 3.2 Gen 2x1'], 'TPM': ['Onboard TPM 2.0 security chip', 'INFINEON SLB9672XU2.0'], 'OS Compatibility': ['Windows 10/11 (x64)'], 'Operating Properties': ['Operating temperature: 0°C to 60°C', 'Operating humidity: 60°C @ 20-95% (non-condensing)', 'Non-operating temperature: -40°C to 85°C', 'Non-operating humidity: 85°C @ 95% (non-condensing)'], 'Packing Content': ['Carton size: 465 x 351 x 217 (mm)', 'Packing Capacity: 10pcs', 'Single Box size: 221 x 178 x 65 (mm)', 'Single Box weight: Approx. 0.5kg', 'Including:', 'SATA power Cable x 1 (P/N: 25CRI-200B02-K1R)', 'Thermal pad for Memory x 1 (P/N: 25ST3-290300-S7R)'], 'Order Information': ['9MARU7BSMR-SI (Box Packing)'], 'Optional Kit': ['Fanless sink P/N: 25ST1-113105-A7R', 'Heat spreader P/N: 25ST1-713000-Y0R', 'Fansink P/N: 25ST4-113104-A7R']}","{'Intel® Core™ Ultra 7 Processor 255U', 'Dual Channel DDR5, 2 x SO-DIMMs / CSO-DIMMs', '3.5"" SubCompact Board with Intel® Core™ Ultra 7 Processor 255U, Dual Channel DDR5 memory, 4 x COM, 1 x SATA 6Gb/s, 4 x USB 3.2 Gen 2x1, 4 x USB 2.0', '1 x CAN Bus header', 'Ultra-Fast M.2 with PCIe Gen4 x4 interface', '2 x 2.5GbE LAN Ports', '2 x HDMI, LVDS ports for multiple display', '4 x USB 3.2 Gen 2x1', '3.5"" SBC', '3 x COM Ports (RS-232/422/485)', '1 x COM Port (RS-232/422/485 & RI/5V/12V)', '1 x SATA 6Gb/s Port'}",https://www.gigaipc.com/upload/catalog_list_pic/QBiP-255UB_225UB-MARU5BS_MARU7BS-A10-Top-340x353px__25G24hKjCw.webp
QBiP-225UB,Industrial Motherboards,https://www.gigaipc.com/en/products-detail/QBiP-225UB/,"{'Form Factor': ['3.5"" SBC', '146W x 101.7D(mm)'], 'CPU': ['Intel® Core™ Ultra 5 Processor 225U', 'Intel® 3, 12 cores, 2P+8E+2LPE, 14 threads, up to 4.8 GHz', 'TDP 15W', '12 MB Smart Cache'], 'Socket': ['1 x FCBGA2049'], 'Memory': ['2 x DDR5 SO-DIMM sockets, Max. Capacity 96 GB', 'Support Dual Channel DDR5 5600 MHz memory modules', 'or', '2 x DDR5 CSO-DIMM sockets, Max. Capacity 128 GB', 'Support Dual Channel DDR5 6400 MHz memory modules'], 'Ethernet': ['2 x 2.5GbE LAN Ports (Intel® I226V & I226LM)'], 'Video': ['Integrated Graphics Processor - Intel® Graphics:', '2 x HDMI2.1 port, supporting a maximum resolution of 7680x4320 @60Hz (HDMI 2 port support HDMI CEC)', '1 x LVDS port, supporting a maximum resolution of 1920x1200 @60Hz', '(3 independent display outputs)'], 'Audio': ['Realtek® ALC269'], 'Storage': ['1 x SATA 6Gb/s Port (SATA RAID 0/1)'], 'Expansion Slots': ['1 x 2280 M.2 M-Key (PCIe Gen4x4, SATA 6Gb/s)', '1 x 2230 M.2 E-Key', '1 x Full-size Mini PCIe with SIM slot'], 'Internal I/O': ['1 x 4-pin box power connector (DC in +9V~36VDC)', '1 x SATA Power header', '1 x CPU fan header', '1 x System fan header', '1 x Front panel header', '1 x Front panel audio header', '1 x 2W Speaker out header', '4 x USB 2.0 headers', '3 x COM headers (RS-232/422/485)', '1 x Backlight Control header', '1 x AT/ATX mode select jumper', '1 x GPIO (8-bits) & SMBus header', '1 x CANBus header'], 'Rear l/O': ['1 x COM Port (RS-232/422/485 & RI/5V/12V)', '2 x HDMI', '2 x RJ45 LAN Ports', '4 x USB 3.2 Gen 2x1'], 'TPM': ['Onboard TPM 2.0 security chip', 'INFINEON SLB9672XU2.0'], 'OS Compatibility': ['Windows 10/11 (x64)'], 'Operating Properties': ['Operating temperature: 0°C to 60°C', 'Operating humidity: 60°C @ 20-95% (non-condensing)', 'Non-operating temperature: -40°C to 85°C', 'Non-operating humidity: 85°C @ 95% (non-condensing)'], 'Packing Content': ['Carton size: 465 x 351 x 217 (mm)', 'Packing Capacity: 10pcs', 'Single Box size: 221 x 178 x 65 (mm)', 'Single Box weight: Approx. 0.5kg', 'Including:', 'SATA power Cable x 1 (P/N: 25CRI-200B02-K1R)', 'Thermal pad for Memory x 1 (P/N: 25ST3-290300-S7R)'], 'Order Information': ['9MARU5BSMR-SI (Box Packing)'], 'Optional Kit': ['Fanless sink P/N: 25ST1-113105-A7R', 'Heat spreader P/N: 25ST1-713000-Y0R', 'Fansink P/N: 25ST4-113104-A7R']}","{'Dual Channel DDR5, 2 x SO-DIMMs / CSO-DIMMs', '1 x CAN Bus header', 'Ultra-Fast M.2 with PCIe Gen4 x4 interface', '2 x 2.5GbE LAN Ports', '2 x HDMI, LVDS ports for multiple display', '4 x USB 3.2 Gen 2x1', '3.5"" SubCompact Board with Intel® Core™ Ultra 5 Processor 225U, Dual Channel DDR5 memory, 4 x COM, 1 x SATA 6Gb/s, 4 x USB 3.2 Gen 2x1, 4 x USB 2.0', '3.5"" SBC', '3 x COM Ports (RS-232/422/485)', 'Intel® Core™ Ultra 5 Processor 225U', '1 x COM Port (RS-232/422/485 & RI/5V/12V)', '1 x SATA 6Gb/s Port'}",https://www.gigaipc.com/upload/catalog_list_pic/QBiP-255UB_225UB-MARU5BS_MARU7BS-A10-Top-340x353px__25G24aNzOD.webp
QBiP-155UB,Industrial Motherboards,https://www.gigaipc.com/en/products-detail/QBiP-155UB/,"{'Form Factor': ['3.5"" SBC', '146W x 101.7D(mm)'], 'CPU': ['Intel® Core™ Ultra 7 Processor 155U', 'Intel® 4, 12 cores, 2P+8E+2LPE, 14 threads, up to 4.8 GHz', 'TDP 15W', '12 MB Smart Cache'], 'Socket': ['1 x FCBGA2049'], 'Memory': ['2 x DDR5 SO-DIMM sockets, Max. Capacity 96 GB', 'Support Dual Channel DDR5 5600 MHz memory modules'], 'Ethernet': ['2 x 2.5GbE LAN Ports (Intel® I226V & I226LM)'], 'Video': ['Integrated Graphics Processor - Intel® Graphics:', '2 x HDMI2.1 port, supporting a maximum resolution of 7680x4320 @60Hz (HDMI 2 port support HDMI CEC)', '1 x LVDS port, supporting a maximum resolution of 1920x1200 @60Hz', '(3 independent display outputs)'], 'Audio': ['Realtek® ALC269'], 'Storage': ['1 x SATA 6Gb/s Port (SATA RAID 0/1)'], 'Expansion Slots': ['1 x 2280 M.2 M-Key (PCIe Gen4x4, SATA 6Gb/s)', '1 x 2230 M.2 E-Key', '1 x Full-size Mini PCIe with SIM slot'], 'Internal I/O': ['1 x 4-pin box power connector (DC in +9V~36VDC)', '1 x SATA Power header', '1 x CPU fan header', '1 x System fan header', '1 x Front panel header', '1 x Front panel audio header', '1 x 2W Speaker out header', '4 x USB 2.0 headers', '3 x COM headers (RS-232/422/485)', '1 x Backlight Control header', '1 x AT/ATX mode select jumper', '1 x GPIO (8-bits) & SMBus header', '1 x CANBus header'], 'Rear l/O': ['1 x COM Port (RS-232/422/485 & RI/5V/12V)', '2 x HDMI', '2 x RJ45 LAN Ports', '4 x USB 3.2 Gen 2x1'], 'TPM': ['Onboard TPM 2.0 security chip', 'INFINEON SLB9672XU2.0'], 'OS Compatibility': ['Windows 10/11 (x64)'], 'Operating Properties': ['Operating temperature: 0°C to 60°C', 'Operating humidity: 60°C @ 20-95% (non-condensing)', 'Non-operating temperature: -40°C to 85°C', 'Non-operating humidity: 85°C @ 95% (non-condensing)'], 'Packing Content': ['Carton size: 465 x 351 x 217 (mm)', 'Packing Capacity: 10pcs', 'Single Box size: 221 x 178 x 65 (mm)', 'Single Box weight: Approx. 0.5kg', 'Including:', 'SATA power Cable x 1 (P/N: 25CRI-200B02-K1R)', 'Thermal pad for Memory x 1 (P/N: 25ST3-290300-S7R)'], 'Order Information': ['9MMTU7BSMR-SI (Box Packing)'], 'Optional Kit': ['Fanless sink P/N: 25ST1-113105-A7R', 'Heat spreader P/N: 25ST1-713000-Y0R', 'Fansink P/N: 25ST4-113104-A7R']}","{'Dual Channel DDR5, 2 x SO-DIMMs', '1 x CAN Bus header', 'Ultra-Fast M.2 with PCIe Gen4 x4 interface', '2 x 2.5GbE LAN Ports', '2 x HDMI, LVDS ports for multiple display', '4 x USB 3.2 Gen 2x1', 'Intel® Core™ Ultra 7 Processor 155U', '3.5"" SubCompact Board with Intel® Core™ Ultra 7 Processor 155U, Dual Channel DDR5 memory, 4 x COM, 1 x SATA 6Gb/s, 4 x USB 3.2 Gen 2x1, 4 x USB 2.0', '3.5"" SBC', '3 x COM Ports (RS-232/422/485)', '1 x COM Port (RS-232/422/485 & RI/5V/12V)', '1 x SATA 6Gb/s Port'}",https://www.gigaipc.com/upload/catalog_list_pic/QBiP-125_155UB_MMTU7BS-A10_Top-340x353px__25F18teeYW.webp
QBiP-125UB,Industrial Motherboards,https://www.gigaipc.com/en/products-detail/QBiP-125UB/,"{'Form Factor': ['3.5"" SBC', '146W x 101.7D(mm)'], 'CPU': ['Intel® Core™ Ultra 5 Processor 125U', 'Intel® 4, 12 cores, 2P+8E+2LPE, 14 threads, up to 4.3 GHz', 'TDP 15W', '12 MB Smart Cache'], 'Socket': ['1 x FCBGA2049'], 'Memory': ['2 x DDR5 SO-DIMM sockets, Max. Capacity 96 GB', 'Support Dual Channel DDR5 5600 MHz memory modules'], 'Ethernet': ['2 x 2.5GbE LAN Ports (Intel® I226V & I226LM)'], 'Video': ['Integrated Graphics Processor - Intel® Graphics:', '2 x HDMI 2.1 ports, supporting a maximum resolution of 7680x4320 @60Hz (HDMI 2 port support HDMI CEC)', '1 x LVDS port, supporting a maximum resolution of 1920x1200 @60Hz', '(3 independent display outputs)'], 'Audio': ['Realtek® ALC269'], 'Storage': ['1 x SATA 6Gb/s Port (SATA RAID 0/1)'], 'Expansion Slots': ['1 x 2280 M.2 M-Key (PCIe Gen4x4, SATA 6Gb/s)', '1 x 2230 M.2 E-Key', '1 x Full-size Mini PCIe with SIM slot'], 'Internal I/O': ['1 x 4-pin box power connector (DC in +9V~36VDC)', '1 x SATA Power header', '1 x CPU fan header', '1 x System fan header', '1 x Front panel header', '1 x Front panel audio header', '1 x 2W Speaker out header', '4 x USB 2.0 headers', '3 x COM headers (RS-232/422/485)', '1 x Backlight Control header', '1 x AT/ATX mode select jumper', '1 x GPIO (8-bits) & SMBus header', '1 x CANBus header'], 'Rear l/O': ['1 x COM Port (RS-232/422/485 & RI/5V/12V)', '2 x HDMI', '2 x RJ45 LAN Ports', '4 x USB 3.2 Gen 2x1'], 'TPM': ['Onboard TPM 2.0 security chip', 'INFINEON SLB9672XU2.0'], 'OS Compatibility': ['Windows 10/11 (x64)'], 'Operating Properties': ['Operating temperature: 0°C to 60°C', 'Operating humidity: 60°C @ 20-95% (non-condensing)', 'Non-operating temperature: -40°C to 85°C', 'Non-operating humidity: 85°C @ 95% (non-condensing)'], 'Packing Content': ['Carton size: 465 x 351 x 217 (mm)', 'Packing Capacity: 10pcs', 'Single Box size: 221 x 178 x 65 (mm)', 'Single Box weight: Approx. 0.5kg', 'Including:', 'SATA power Cable x 1 (P/N: 25CRI-200B02-K1R)', 'Thermal pad for Memory x 1 (P/N: 25ST3-290300-S7R)'], 'Order Information': ['9MMTU5BSMR-SI (Box Packing)'], 'Optional Kit': ['Fanless sink P/N: 25ST1-113105-A7R', 'Heat spreader P/N: 25ST1-713000-Y0R', 'Fansink P/N: 25ST4-113104-A7R']}","{'Dual Channel DDR5, 2 x SO-DIMMs', '1 x CAN Bus header', 'Ultra-Fast M.2 with PCIe Gen4 x4 interface', 'Intel® Core™ Ultra 5 Processor 125U', '2 x 2.5GbE LAN Ports', '2 x HDMI, LVDS ports for multiple display', '3 x COM Ports (RS-232)', '4 x USB 3.2 Gen 2x1', '3.5"" SBC', '1 x COM Port (RS-232/422/485 & RI/5V/12V)', '3.5"" SubCompact Board with Intel® Core™ Ultra 5 Processor 125U, Dual Channel DDR5 memory, 4 x COM, 1 x SATA 6Gb/s, 4 x USB 3.2 Gen 2x1, 4 x USB 2.0', '1 x SATA 6Gb/s Port'}",https://www.gigaipc.com/upload/catalog_list_pic/QBiP-125_155UB_MMTU7BS-A10_Top-340x353px__25F18bcy40.webp
QBiP-1245EB,Industrial Motherboards,https://www.gigaipc.com/en/products-detail/QBiP-1245EB/,"{'Form Factor': ['3.5"" SBC', '146W x 101.7D(mm)'], 'CPU': ['Intel® Core™ i5-1245UE Processor', 'Intel® 7, 10 cores, 2P+8E, 12 threads, up to 4.4 GHz', 'TDP 15W', '12 MB Smart Cache'], 'Socket': ['1 x FCBGA1744'], 'Memory': ['2 x DDR4 SO-DIMM sockets, Max. Capacity 64 GB', 'Support Dual Channel DDR4 3200 MHz memory modules'], 'Ethernet': ['2 x 2.5GbE LAN Ports (Intel® I226V & I226LM)'], 'Video': ['Integrated Graphics Processor - Intel® Iris® Xe Graphics eligible :', '2 x HDMI 2.0 ports, supporting a maximum resolution of 4096x2160 @60Hz', '1 x LVDS port, supporting a maximum resolution of 1920x1200 @60Hz', '(3 independent display outputs)'], 'Audio': ['Realtek® ALC269'], 'Storage': ['1 x SATA 6Gb/s Port (SATA RAID 0/1)'], 'Expansion Slots': ['1 x 2280 M.2 M-Key (PCIe Gen4x4, SATA 6Gb/s)', '1 x 2230 M.2 E-Key', '1 x Full-size Mini PCIe with SIM slot'], 'Internal I/O': ['1 x 4-pin box power connector (DC in +9V~36VDC)', '1 x SATA Power header', '1 x CPU fan header', '1 x System fan header', '1 x Front panel header', '1 x Front panel audio header', '1 x 2W Speaker out header', '4 x USB 2.0 headers', '3 x COM headers (RS-232/422/485)', '1 x Backlight Control header', '1 x AT/ATX mode select jumper', '1 x GPIO (8-bits) & SMBus header'], 'Rear l/O': ['1 x COM Port (RS-232/422/485 & RI/5V/12V)', '2 x HDMI', '2 x RJ45 LAN Ports', '4 x USB 3.2 Gen 2x1'], 'TPM': ['Onboard TPM 2.0 security chip', 'INFINEON SLB9672VU2.0'], 'OS Compatibility': ['Windows 10/11 (x64)'], 'Operating Properties': ['Operating temperature: 0°C to +60°C', 'Operating humidity: 0-90% (non-condensing)', 'Non-operating temperature: -40°C to +85°C', 'Non-operating humidity: 0%-95% (non-condensing)'], 'Packing Content': ['Carton size: 465 x 351 x 217 (mm)', 'Packing Capacity: 10pcs', 'Single Box size: 221 x 178 x 65 (mm)', 'Single Box weight: Approx. 0.5kg', 'Including:', 'SATA power Cable x 1 (P/N: 25CRI-200B02-K1R)'], 'Order Information': ['9MADUACSMR-SI (Box Packing)'], 'Optional Kit': ['Fanless sink P/N: 25ST1-113105-A7R', 'Fansink P/N: 25ST4-113104-A7R', 'Heat spreader P/N: 25ST5-MADU00-Y0R']}","{'Ultra-Fast M.2 with PCIe Gen4 x4 interface', '2 x 2.5GbE LAN Ports', '3.5"" SubCompact Board with 12th Generation Intel® Core™ i5-1245UE Processor, Dual Channel DDR4 memory, 4 x COM, 1 x SATA 6Gb/s, 4 x USB 3.2 Gen 2x1, 4 x USB 2.0', 'Dual Channel DDR4, 2 x SO-DIMMs', '2 x HDMI, LVDS ports for multiple display', '3.5"" SBC', '3 x COM Ports (RS-232/422/485)', '4 x USB 3.2 Gen 2x1', 'Intel® Core™ i5-1245UE Processor', '1 x COM Port (RS-232/422/485 & RI/5V/12V)', '1 x SATA 6Gb/s Port'}",https://www.gigaipc.com/upload/catalog_list_pic/QBiP-1245EA_MADUACS_MRLU7BS_A10-Top-340x353px__25F03IuigZ.webp
QBiP-1365EB,Industrial Motherboards,https://www.gigaipc.com/en/products-detail/QBiP-1365EB/,"{'Form Factor': ['3.5"" SBC', '146W x 101.7D(mm)'], 'CPU': ['Intel® Core™ i7-1365UE Processor', 'Intel® 7, 10 cores, 2P+8E, 12 threads, up to 4.9 GHz', 'TDP 15W', '12 MB Smart Cache'], 'Socket': ['1 x FCBGA1744'], 'Memory': ['2 x DDR4 SO-DIMM sockets, Max. Capacity 64 GB', 'Support Dual Channel DDR4 3200 MHz memory modules'], 'Ethernet': ['2 x 2.5GbE LAN Ports (Intel® I226V & I226LM)'], 'Video': ['Integrated Graphics Processor - Intel® Iris® Xe Graphics eligible:', '2 x HDMI 2.0 ports, supporting a maximum resolution of 4096x2160 @60Hz', '1 x LVDS port, supporting a maximum resolution of 1920x1200 @60Hz', '(3 independent display outputs)'], 'Audio': ['Realtek® ALC269'], 'Storage': ['1 x SATA 6Gb/s Port (SATA RAID 0/1)'], 'Expansion Slots': ['1 x 2280 M.2 M-Key (PCIe Gen4x4, SATA 6Gb/s)', '1 x 2230 M.2 E-Key', '1 x Full-size Mini PCIe with SIM slot'], 'Internal I/O': ['1 x 4-pin box power connector (DC in +9V~36VDC)', '1 x SATA Power header', '1 x CPU fan header', '1 x System fan header', '1 x Front panel header', '1 x Front panel audio header', '1 x 2W Speaker out header', '4 x USB 2.0 headers', '3 x COM headers (RS-232/422/485)', '1 x Backlight Control header', '1 x AT/ATX mode select jumper', '1 x GPIO (8-bits) & SMBus header'], 'Rear l/O': ['1 x COM Port (RS-232/422/485 & RI/5V/12V)', '2 x HDMI', '2 x RJ45 LAN Ports', '4 x USB 3.2 Gen 2x1'], 'TPM': ['Onboard TPM 2.0 security chip', 'INFINEON SLB9672VU2.0'], 'OS Compatibility': ['Windows 10/11 (x64)'], 'Operating Properties': ['Operating temperature: 0°C to +60°C', 'Operating humidity: 0-90% (non-condensing)', 'Non-operating temperature: -40°C to +85°C', 'Non-operating humidity: 0%-95% (non-condensing)'], 'Packing Content': ['Carton size: 465 x 351 x 217 (mm)', 'Packing Capacity: 10pcs', 'Single Box size: 221 x 178 x 65 (mm)', 'Single Box weight: Approx. 0.5kg', 'Including:', 'SATA power Cable x 1 (P/N: 25CRI-200B02-K1R)'], 'Order Information': ['9MRLU7CSMR-SI (Box Packing)'], 'Optional Kit': ['Fanless Heatsink P/N: 25ST1-113105-A7R', 'Fansink P/N: 25ST4-113104-A7R']}","{'Intel® Core™ i7-1365UE Processor', 'Ultra-Fast M.2 with PCIe Gen4 x4 interface', '2 x 2.5GbE LAN Ports', 'Dual Channel DDR4, 2 x SO-DIMMs', '2 x HDMI, LVDS ports for multiple display', '4 x USB 3.2 Gen 2x1', '3.5"" SBC', '3 x COM Ports (RS-232/422/485)', '1 x COM Port (RS-232/422/485 & RI/5V/12V)', '3.5"" SubCompact Board with 13th Generation Intel® Core™ i7-1365UE Processor, Dual Channel DDR4 memory, 4 x COM, 1 x SATA 6Gb/s, 4 x USB 3.2 Gen 2x1, 4 x USB 2.0', '1 x SATA 6Gb/s Port'}",https://www.gigaipc.com/upload/catalog_list_pic/QBiP-1365EB_1335EB_1365EBT_1335EBT_A10-3D-Top-340x353px__25C17i5xUL.webp
QBiP-1335EB,Industrial Motherboards,https://www.gigaipc.com/en/products-detail/QBiP-1335EB/,"{'Form Factor': ['3.5"" SBC', '146W x 101.7D(mm)'], 'CPU': ['Intel® Core™ i5-1335UE Processor', 'Intel® 7, 10 cores, 2P+8E, 12 threads, up to 4.6 GHz', 'TDP 15W', '12 MB Smart Cache'], 'Socket': ['1 x FCBGA1744'], 'Memory': ['2 x DDR4 SO-DIMM sockets, Max. Capacity 64 GB', 'Support Dual Channel DDR4 3200 MHz memory modules'], 'Ethernet': ['2 x 2.5GbE LAN Ports (Intel® I226V & I226LM)'], 'Video': ['Integrated Graphics Processor - Intel® Iris® Xe Graphics eligible:', '2 x HDMI 2.0 ports, supporting a maximum resolution of 4096x2160 @60Hz', '1 x LVDS port, supporting a maximum resolution of 1920x1200 @60Hz', '(3 independent display outputs)'], 'Audio': ['Realtek® ALC269'], 'Storage': ['1 x SATA 6Gb/s Port (SATA RAID 0/1)'], 'Expansion Slots': ['1 x 2280 M.2 M-Key (PCIe Gen4x4, SATA 6Gb/s)', '1 x 2230 M.2 E-Key', '1 x Full-size Mini PCIe with SIM slot'], 'Internal I/O': ['1 x 4-pin box power connector (DC in +9V~36VDC)', '1 x SATA Power header', '1 x CPU fan header', '1 x System fan header', '1 x Front panel header', '1 x Front panel audio header', '1 x 2W Speaker out header', '4 x USB 2.0 headers', '3 x COM headers (RS-232/422/485)', '1 x Backlight Control header', '1 x AT/ATX mode select jumper', '1 x GPIO (8-bits) & SMBus header'], 'Rear l/O': ['1 x COM Port (RS-232/422/485 & RI/5V/12V)', '2 x HDMI', '2 x RJ45 LAN Ports', '4 x USB 3.2 Gen 2x1'], 'TPM': ['Onboard TPM 2.0 security chip', 'INFINEON SLB9672VU2.0'], 'OS Compatibility': ['Windows 10/11 (x64)'], 'Operating Properties': ['Operating temperature: 0°C to +60°C', 'Operating humidity: 0-90% (non-condensing)', 'Non-operating temperature: -40°C to +85°C', 'Non-operating humidity: 0%-95% (non-condensing)'], 'Packing Content': ['Carton size: 465 x 351 x 217 (mm)', 'Packing Capacity: 10pcs', 'Single Box size: 221 x 178 x 65 (mm)', 'Single Box weight: Approx. 0.5kg', 'Including:', 'SATA power Cable x 1 (P/N: 25CRI-200B02-K1R)'], 'Order Information': ['9MRLU5CSMR-SI (Box Packing)'], 'Optional Kit': ['Fanless Heatsink P/N: 25ST1-113105-A7R', 'Fansink P/N: 25ST4-113104-A7R']}","{'Intel® Core™ i5-1335UE Processor', '3.5"" SubCompact Board with 13th Generation Intel® Core™ i5-1335UE Processor, Dual Channel DDR4 memory, 4 x COM, 1 x SATA 6Gb/s, 4 x USB 3.2 Gen 2x1, 4 x USB 2.0', 'Ultra-Fast M.2 with PCIe Gen4 x4 interface', '2 x 2.5GbE LAN Ports', 'Dual Channel DDR4, 2 x SO-DIMMs', '2 x HDMI, LVDS ports for multiple display', '4 x USB 3.2 Gen 2x1', '3.5"" SBC', '3 x COM Ports (RS-232/422/485)', '1 x COM Port (RS-232/422/485 & RI/5V/12V)', '1 x SATA 6Gb/s Port'}",https://www.gigaipc.com/upload/catalog_list_pic/QBiP-1365EB_1335EB_1365EBT_1335EBT_A10-3D-Top-340x353px__25C17XckKj.webp
QBiP-x7433REA,Industrial Motherboards,https://www.gigaipc.com/en/products-detail/QBiP-x7433REA/,"{'Form Factor': ['3.5"" SBC', '146W x 101.7D(mm)'], 'CPU': ['Intel® Atom® x7433RE Processor', 'Intel 7, 4 cores, up to 3.40 GHz', 'TDP 9W'], 'Socket': ['1 x FCBGA 1264'], 'Memory': ['1 x DDR5 SO-DIMM sockets, Max. Capacity 16 GB', 'Support Single channel DDR5 4800 MHz memory modules'], 'Ethernet': ['2 x 2.5GbE LAN Ports (Intel® I225V)'], 'Video': ['Integrated Graphics Processor -Intel® UHD Graphics:', '2 x HDMI 2.0 port, supporting a maximum resolution of 4096x2160 @60Hz', '1 x LVDS port, supporting a maximum resolution of 1920x1200 @60Hz', '(3 independent display outputs)'], 'Audio': ['Realtek® ALC897'], 'Storage': ['1 x SATA 6Gb/s Port'], 'Expansion Slots': ['1 x 2280 M.2 M-Key (PCIe Gen3x2)', '1 x 2230 M.2 E-Key', '1 x Full-size Mini PCIe with SIM slot'], 'Internal I/O': ['1 x 4-pin box power connector (+12V~36VDC)', '1 x SATA Power header', '1 x CPU fan header', '1 x Front panel header', '1 x Front panel audio header', '1 x 2W Speaker out header', '2 x USB 2.0 headers', '2 x COM headers (RS-232)', '1 x COM header (RS-232/422/485)', '1 x COM header (RS-232/422/485 & RI/5V/12V)', '1 x Backlight Control header', '1 x AT/ATX mode select jumper', '1 x GPIO (8-bits) & SMBus header', '1 x Buzzer header'], 'Rear l/O': ['1 x Headphone Jack', '2 x HDMI', '2 x RJ45 LAN Ports', '2 x USB 3.2 Gen 2x1', '2 x USB 2.0'], 'TPM': ['Onboard TPM 2.0 security chip', 'INFINEON SLB9670VQ2.0'], 'OS Compatibility': ['Windows 10/11 (x64)'], 'Operating Properties': ['Operating temperature: -20°C to +70°C', 'Operating humidity: 0-90% (non-condensing)', 'Non-operating temperature: -40°C to +85°C', 'Non-operating humidity: 0%-95% (non-condensing)'], 'Packing Content': ['Carton size: 465 x 351 x 217 (mm)', 'Packing Capacity: 10pcs', 'Single Box size: 221 x 178 x 65 (mm)', 'Including:', 'SATA power Cable x 1 (P/N: 25CRI-200B02-K1R)'], 'Order Information': ['9MASLEASMR-SI (Box Packing)'], 'Optional Kit': ['Fanless sink P/N: 25ST1-12311I-A7R', 'Heat spreader P/N: 25ST1-113109-Y0R', 'Fansink P/N: 25ST4-123103-Y0R']}","{'TPM on board', '1 x COM Port (RS-232/422/485)', '2 x 2.5GbE LAN Ports', '3.5"" SubCompact Embedded Motherboard with Intel® Atom® x7433RE Processor, Single Channel DDR5 memory, 4 x COM, 1 x SATA 6Gb/s, 6 x USB, TPM on board', 'HDMI, LVDS ports for multiple display', '3.5"" SBC', 'Intel® Atom® x7433RE Processor', '2 x COM Ports (RS-232)', '1 x COM Port (RS-232/422/485 & RI/5V/12V)', '1 x SATA 6Gb/s Port', 'Single Channel DDR5, 1 x SO-DIMM'}",https://www.gigaipc.com/upload/catalog_list_pic/QBiP-X7433RE_MASLEAS-A10-TOP-340x353px__25D11CY0Mp.webp
QBiP-2314A,Industrial Motherboards,https://www.gigaipc.com/en/products-detail/QBiP-2314A/,"{'Form Factor': ['3.5"" SBC', '146W x 101.7D(mm)'], 'CPU': ['AMD Ryzen™ R2314 Embedded Processor', '14nm, 4 cores, 4 threads, 2.1 GHz, up to 3.5 GHz', 'TDP 25W'], 'Socket': ['1 x FP5'], 'Memory': ['2 x DDR4 SO-DIMM sockets, Max. Capacity 64 GB', 'Support Dual channel DDR4 2667 MHz memory modules'], 'Ethernet': ['2 x GbE LAN Ports (Realtek RTL8111H-CG)'], 'Video': ['Integrated Graphics Processor - AMD Radeon™ Graphics:', '4 x HDMI 2.0 ports, supporting a maximum resolution of 4096x2160 @60Hz', '1 x eDP port, supporting a maximum resolution of 3840x2160 @60Hz (Share from HDMI port 4)', '(4 independent display outputs)'], 'Audio': ['Realtek® ALC269'], 'Storage': ['1 x SATA 6Gb/s Port'], 'Expansion Slots': ['1 x 2280 M.2 M-Key (PCIe Gen 3x4, SATA 6Gb/s)', '1 x 2230 M.2 E-Key', '1 x Full-size Mini PCIe with SIM slot (PCIe x1 + USB2.0) -- support 3G/4G module'], 'Internal I/O': ['1 x 4-pin box power connector (DC in +9V~36VDC)', '1 x SATA Power header', '1 x CPU fan header', '1 x System fan header', '1 x Front panel header', '1 x Front panel audio header', '1 x 2W Speaker out header', '4 x USB 2.0 headers', '2 x COM headers (RS-232)', '1 x COM header (RS-232/422/485)', '1 x COM header (RS-232/422/485 & RI/5V/12V)', '1 x Backlight Control header', '1 x AT/ATX mode select jumper', '1 x GPIO (8-bits) & SMBus header'], 'Rear l/O': ['4 x HDMI', '2 x RJ45 LAN Ports', '2 x USB 3.2 Gen 2x1'], 'TPM': ['Onboard TPM 2.0 security chip', 'INFINEON SLB9665TT2.0'], 'OS Compatibility': ['Windows 10/11 (x64)'], 'Operating Properties': ['Operating temperature: 0°C to 60°C', 'Operating humidity: 0-90% (non-condensing)', 'Non-operating temperature: -40°C to +85°C', 'Non-operating humidity: 0%-95% (non-condensing)'], 'Packing Content': ['Carton size: 465 x 351 x 217 (mm)', 'Packing Capacity: 10pcs', 'Single Box size: 221 x 178 x 65 (mm)', 'Single Box weight: Approx. 0.4kg', 'Including:', 'SATA power Cable x 1 (P/N: 25CRI-200B02-K1R)'], 'Order Information': ['9MRZR2MSMR-SI (Box Packing)'], 'Optional Kit': ['Fanless sink P/N: 25ST1-113104-A7R', 'Heat spreader P/N: 25ST5-QP1600-A8R', 'Fansink P/N: 12SF2-01A073-00R']}","{'1 x COM Port (RS-232/422/485)', '3.5"" SubCompact Embedded Motherboard with AMD Ryzen™ R2314 Embedded Processor, Dual Channel DDR4 memory, 4 x COM, 1 x SATA 6Gb/s, 6 x USB', 'Dual Channel DDR4, 2 x SO-DIMMs', 'M.2 with SATA 6Gb/s or PCIe Gen 3x4', '3.5"" SBC', '2 x GbE LAN Ports', '4 x HDMI 2.0, eDP ports for multiple display', '2 x COM Ports (RS-232)', '1 x COM Port (RS-232/422/485 & RI/5V/12V)', 'AMD Ryzen™ R2314 Embedded Processor', '1 x SATA 6Gb/s Port'}",https://www.gigaipc.com/upload/catalog_list_pic/QBiP-2314A_MRZR2MS_A10-Top-340x353px__24H20uoc8b.png
QBiP-1360A,Industrial Motherboards,https://www.gigaipc.com/en/products-detail/QBiP-1360A/,"{'Form Factor': ['3.5"" SBC', '146W x 101.7D(mm)'], 'CPU': ['Intel® Core™ i7-1360P Processor', 'Intel 7, 12 cores, 16 threads, up to 5.0 GHz', 'TDP 28W', '18 MB Smart Cache'], 'Socket': ['1 x FCBGA1744'], 'Memory': ['2 x DDR5 SO-DIMM sockets, Max. Capacity 64 GB', 'Support Dual Channel DDR5 5200 MHz memory modules'], 'Ethernet': ['2 x 2.5GbE LAN Ports (Intel® I226V)'], 'Video': ['Integrated Graphics Processor - Intel® Iris® Xe Graphics eligible:', '2 x HDMI 2.1 ports, supporting a maximum resolution of 4096x2160 @60Hz', '2 x DP 1.4 ports, supporting a maximum resolution of 7680x4320 @30Hz', '1 x DP 1.4 through USB type C (8k), supporting a maximum resolution of 7680x4320 @30Hz', '1 x eDP port, supporting a maximum resolution of 4096x2160 @60Hz', '(4 independent display outputs)'], 'Audio': ['Realtek® ALC269'], 'Storage': ['1 x SATA 6Gb/s Port (SATA RAID 0/1)'], 'Expansion Slots': ['1 x 2280 M.2 M-Key (PCIe Gen 4x4, SATA 6Gb/s)', '1 x 2230 M.2 E-Key', '1 x 3052/3042 M.2 B-Key with SIM Slot (Support 5G only USB interface)', '1 x PCIe Gen 4x4 (Board to Wire connector)'], 'Internal I/O': ['1 x 4-pin box power connector (DC in +12V~24VDC)', '1 x SATA Power header', '2 x CPU fan headers', '1 x Front panel header', '1 x Front panel audio header', '1 x 2W Speaker out header', '4 x USB 2.0 headers', '1 x COM header (RS-232 & RI/5V/12V)', '1 x eDP power header'], 'Rear l/O': ['1 x USB type C (USB 3.2 Gen 2x1 + DP output-share with DP) & PD v3.0 Out -100W (Adapt 24V only), PD v3.0 Out 60W (Adapt 12V ~ 19V)', '1 x USB type C (USB 3.2 Gen 2x1, PD 3.0 input-100W)', '4 x USB 3.2 Gen 2x1', '2 x HDMI', '2 x DP', '2 x RJ45 LAN Ports'], 'TPM': ['Onboard TPM 2.0 security chip', 'INFINEON SLB9672VU2.0'], 'OS Compatibility': ['Windows 10/11 (x64)'], 'Operating Properties': ['Operating temperature: 0°C to +60°C', 'Operating humidity: 0-90% (non-condensing)', 'Non-operating temperature: -40°C to +85°C', 'Non-operating humidity: 0%-95% (non-condensing)'], 'Packing Content': ['Carton size: 465 x 351 x 217 (mm)', 'Packing Capacity: 10pcs', 'Single Box size: 221 x 178 x 65 (mm)', 'Single Box weight: Approx. 0.4kg', 'Including:', 'SATA power Cable x 1 (P/N: 25CRI-200B02-K1R)'], 'Order Information': ['9MRLP7ASMR-SI (Box Packing)'], 'Optional Kit': ['Fanless Heatsink P/N: 25ST1-1Z31Z3-A8R', 'Fansink P/N: 25ST4-3431Z0-A7R']}","{'2 x USB 3.2 Type C Gen 2x1', 'Dual Channel DDR5, 2 x SO-DIMMs', 'Intel® Core™ i7-1360P Processor', 'Ultra-Fast M.2 with PCIe Gen4 x4 interface', '2 x 2.5GbE LAN Ports', '3.5"" SBC', '4 x USB 3.2 Type A Gen 2x1', '3.5"" SubCompact Board with 13th Generation Intel® Core™ i7-1360P Processor, Dual Channel DDR5 memory, 1 x COM, 1 x SATA 6Gb/s, 4 x USB 3.2 Type A Gen 2x1, 2 x USB 3.2 Type C Gen 2x1, 4 x USB 2.0', '2 x HDMI, 2 x DP, eDP ports for multiple display', '1 x COM Port (RS-232 & RI/5V/12V)', '1 x SATA 6Gb/s Port'}",https://www.gigaipc.com/upload/catalog_list_pic/QBiP-1360A-MRLP7AS-A10-Top-340x353px__24G11jdk3V.png
QBiP-1340A,Industrial Motherboards,https://www.gigaipc.com/en/products-detail/QBiP-1340A/,"{'Form Factor': ['3.5"" SBC', '146W x 101.7D(mm)'], 'CPU': ['Intel® Core™ i5-1340P Processor', 'Intel 7, 12 cores, 16 threads, up to 4.60 GHz', 'TDP 28W', '12 MB Smart Cache'], 'Socket': ['1 x FCBGA1744'], 'Memory': ['2 x DDR5 SO-DIMM sockets, Max. Capacity 64 GB', 'Support Dual Channel DDR5 5200 MHz memory modules'], 'Ethernet': ['2 x 2.5GbE LAN Ports (Intel® I226V)'], 'Video': ['Integrated Graphics Processor - Intel® Iris® Xe Graphics eligible:', '2 x HDMI 2.1 ports, supporting a maximum resolution of 4096x2160 @60Hz', '2 x DP 1.4 ports, supporting a maximum resolution of 7680x4320 @30Hz', '1 x DP 1.4 through USB type C (8k), supporting a maximum resolution of 7680x4320 @30Hz', '1 x eDP port, supporting a maximum resolution of 4096x2160 @60Hz', '(4 independent display outputs)'], 'Audio': ['Realtek® ALC269'], 'Storage': ['1 x SATA 6Gb/s Port (SATA RAID 0/1)'], 'Expansion Slots': ['1 x 2280 M.2 M-Key (PCIe Gen 4x4, SATA 6Gb/s)', '1 x 2230 M.2 E-Key', '1 x 3052/3042 M.2 B-Key with SIM Slot (Support 5G only USB interface)', '1 x PCIe Gen 4x4 (Board to Wire connector)'], 'Internal I/O': ['1 x 4-pin box power connector (DC in +12V~24VDC)', '1 x SATA Power header', '2 x CPU fan headers', '1 x Front panel header', '1 x Front panel audio header', '1 x 2W Speaker out header', '4 x USB 2.0 headers', '1 x COM header (RS-232 & RI/5V/12V)', '1 x eDP power header'], 'Rear l/O': ['1 x USB type C (USB 3.2 Gen 2x1 + DP output-share with DP) & PD v3.0 Out -100W (Adapt 24V only), PD v3.0 Out 60W (Adapt 12V ~ 19V)', '1 x USB type C (USB 3.2 Gen 2x1, PD 3.0 input-100W)', '4 x USB 3.2 Gen 2x1', '2 x HDMI', '2 x DP', '2 x RJ45 LAN Ports'], 'TPM': ['Onboard TPM 2.0 security chip', 'INFINEON SLB9672VU2.0'], 'OS Compatibility': ['Windows 10/11 (x64)'], 'Operating Properties': ['Operating temperature: 0°C to +60°C', 'Operating humidity: 0-90% (non-condensing)', 'Non-operating temperature: -40°C to +85°C', 'Non-operating humidity: 0%-95% (non-condensing)'], 'Packing Content': ['Carton size: 465 x 351 x 217 (mm)', 'Packing Capacity: 10pcs', 'Single Box size: 221 x 178 x 65 (mm)', 'Single Box weight: Approx. 0.4kg', 'Including:', 'SATA power Cable x 1 (P/N: 25CRI-200B02-K1R)'], 'Order Information': ['9MRLP5ASMR-SI (Box Packing)'], 'Optional Kit': ['Fanless Heatsink P/N: 25ST1-1Z31Z3-A8R', 'Fansink P/N: 25ST4-3431Z0-A7R']}","{'2 x USB 3.2 Type C Gen 2x1', 'Dual Channel DDR5, 2 x SO-DIMMs', 'Intel® Core™ i5-1340P Processor', '3.5"" SubCompact Board with 13th Generation Intel® Core™ i5-1340P Processor, Dual Channel DDR5 memory, 1 x COM, 1 x SATA 6Gb/s, 4 x USB 3.2 Type A Gen 2x1, 2 x USB 3.2 Type C Gen 2x1, 4 x USB 2.0', 'Ultra-Fast M.2 with PCIe Gen4 x4 interface', '2 x 2.5GbE LAN Ports', '3.5"" SBC', '4 x USB 3.2 Type A Gen 2x1', '2 x HDMI, 2 x DP, eDP ports for multiple display', '1 x COM Port (RS-232 & RI/5V/12V)', '1 x SATA 6Gb/s Port'}",https://www.gigaipc.com/upload/catalog_list_pic/QBiP-1340A-MRLP5AS-A10-Top-340x353px__24G11uoBzL.png
QBiP-N97A,Industrial Motherboards,https://www.gigaipc.com/en/products-detail/QBiP-N97A/,"{'Form Factor': ['3.5"" SBC', '146W x 101.7D(mm)'], 'CPU': ['Intel Processor N97', 'Intel 7, 4 cores, up to 3.60 GHz', 'TDP 12W'], 'Socket': ['1 x FCBGA1264'], 'Memory': ['1 x DDR5 SO-DIMM socket, Max. Capacity 16 GB', 'Support Single Channel DDR5 4800 MHz memory modules'], 'Ethernet': ['2 x 2.5GbE LAN Ports (Intel® I225V)'], 'Video': ['Integrated Graphics Processor - Intel® UHD Graphics support:', '2 x HDMI 2.0 port, supporting a maximum resolution of 4096x2160 @60Hz', '1 x LVDS port, supporting a maximum resolution of 1920x1200 @60Hz', '(3 independent display outputs)'], 'Audio': ['Realtek® ALC897'], 'Storage': ['1 x SATA 6Gb/s Port'], 'Expansion Slots': ['1 x 2280 M.2 M-Key (PCIe x2)', '1 x 2230 M.2 E-Key', '1 x Full-size mini PCIe with SIM slot'], 'Internal I/O': ['1 x 4-pin box power connector (DC in +12V~36VDC)', '1 x SATA Power header', '1 x CPU fan header', '1 x Front panel header', '1 x Front panel audio header', '1 x 2W Speaker out header', '2 x USB 2.0 headers', '1 x COM header (RS-232/422/485 & RI/5V/12V)', '1 x COM header (RS-232/422/485)', '2 x COM headers (RS-232)', '1 x Backlight Control header', '1 x AT/ATX mode select jumper', '1 x GPIO (8-bits) & SMBus header', '1 x Buzzer header'], 'Rear l/O': ['1 x Headphone Jack', '2 x HDMI', '2 x RJ45 LAN Ports', '2 x USB 3.2 Gen 2x1', '2 x USB 2.0'], 'TPM': ['Onboard TPM 2.0 security chip', 'INFINEON SLB9670VQ2.0'], 'OS Compatibility': ['Windows 10/11 (x64)'], 'Operating Properties': ['Operating temperature: 0°C to +60°C', 'Operating humidity: 0-90% (non-condensing)', 'Non-operating temperature: -40°C to +85°C', 'Non-operating humidity: 0%-95% (non-condensing)'], 'Packing Content': ['Carton size: 465 x 351 x 217 (mm)', 'Packing Capacity: 10pcs', 'Single Box size: 221 x 178 x 65 (mm)', 'Single Box weight: Approx. 0.5kg', 'Including:', 'SATA power Cable x 1 (P/N: 25CRI-200B02-K1R)'], 'Order Information': ['9MADN9ASMR-SI (Box Packing)'], 'Optional Kit': ['Fanless sink P/N: 25ST1-12311I-A7R', 'Heat spreader P/N: 25ST1-113109-Y0R', 'Fansink P/N: 25ST4-123103-Y0R']}","{'Intel® Processor N97', 'TPM on board', '1 x COM Port (RS-232/422/485)', '3.5"" SubCompact Embedded Motherboard with Intel® Processor N97, Single Channel DDR5 memory, 4 x COM, 1 x SATA 6Gb/s, 2 x USB 3.2 Gen 2x1,', '2 x 2.5GbE LAN Ports', '3.5"" SBC', '2 x COM Ports (RS-232)', '1 x COM Port (RS-232/422/485 & RI/5V/12V)', '1 x SATA 6Gb/s Port', 'Single Channel DDR5, 1 x SO-DIMM'}",https://www.gigaipc.com/upload/catalog_list_pic/QBiP-N97A_MADN9AS-A10-Top-340x353px__24G02fwDz8.png
QBiP-1355B,Industrial Motherboards,https://www.gigaipc.com/en/products-detail/QBiP-1355B/,"{'Form Factor': ['3.5"" SBC', '146W x 101.7D(mm)'], 'CPU': ['Intel® Core™ i7-1355U Processor', 'Intel® 7, 10 cores, 2P+8E, 12 threads, up to 5.0 GHz', 'TDP 15W', '12 MB Smart Cache'], 'Socket': ['1 x FCBGA1744'], 'Memory': ['2 x DDR4 SO-DIMM sockets, Max. Capacity 64 GB', 'Support Dual Channel DDR4 3200 MHz memory modules'], 'Ethernet': ['2 x 2.5GbE LAN Ports (Intel® I226V)'], 'Video': ['Integrated Graphics Processor - Intel® Iris® Xe Graphics:', '2 x HDMI 2.0 ports, supporting a maximum resolution of 4096x2160 @60Hz', '1 x LVDS port, supporting a maximum resolution of 1920x1200 @60Hz', '(3 independent display outputs)'], 'Audio': ['Realtek® ALC269'], 'Storage': ['1 x SATA 6Gb/s Port (SATA RAID 0/1)'], 'Expansion Slots': ['1 x 2280 M.2 M-Key (PCIe Gen4x4, SATA 6Gb/s)', '1 x 2230 M.2 E-Key', '1 x Full-size Mini PCIe with SIM slot'], 'Internal I/O': ['1 x 4-pin box power connector (DC in +9V~36VDC)', '1 x SATA Power header', '1 x CPU fan header', '1 x System fan header', '1 x Front panel header', '1 x Front panel audio header', '1 x 2W Speaker out header', '4 x USB 2.0 headers', '3 x COM headers (RS-232/422/485)', '1 x Backlight Control header', '1 x AT/ATX mode select jumper', '1 x GPIO (8-bits) & SMBus header'], 'Rear l/O': ['1 x COM Port (RS-232/422/485 & RI/5V/12V)', '2 x HDMI', '2 x RJ45 LAN Ports', '4 x USB 3.2 Gen 2x1'], 'TPM': ['Onboard TPM 2.0 security chip', 'INFINEON SLB9672VU2.0'], 'OS Compatibility': ['Windows 10/11 (x64)'], 'Operating Properties': ['Operating temperature: 0°C to +60°C', 'Operating humidity: 0-90% (non-condensing)', 'Non-operating temperature: -40°C to +85°C', 'Non-operating humidity: 0%-95% (non-condensing)'], 'Packing Content': ['Carton size: 465 x 351 x 217 (mm)', 'Packing Capacity: 10pcs', 'Single Box size: 221 x 178 x 65 (mm)', 'Single Box weight: Approx. 0.5kg', 'Including:', 'SATA power Cable x 1 (P/N: 25CRI-200B02-K1R)'], 'Order Information': ['9MRLU7BSMR-SI (Box Packing)'], 'Optional Kit': ['Fanless sink P/N: 25ST1-113105-A7R', 'Fansink P/N: 25ST4-113104-A7R', 'Heat spreader P/N: 25ST5-MADU00-Y0R']}","{'Intel® Core™ i7-1355U Processor', '3.5” SubCompact Board with 13th Generation Intel® Core™ i7-1355U Processor, Dual Channel DDR4 memory, 4 x COM, 1 x SATA 6Gb/s, 4 x USB 3.2 Gen 2x1, 4 x USB 2.0', 'Ultra-Fast M.2 with PCIe Gen4 x4 interface', '2 x 2.5GbE LAN Ports', 'Dual Channel DDR4, 2 x SO-DIMMs', '2 x HDMI, LVDS ports for multiple display', '4 x USB 3.2 Gen 2x1', '3.5"" SBC', '3 x COM Ports (RS-232/422/485)', '1 x COM Port (RS-232/422/485 & RI/5V/12V)', '1 x SATA 6Gb/s Port'}",https://www.gigaipc.com/upload/catalog_list_pic/QBiP-1355B_1335B_1315EB_MRLU7BS_A10-Top-510x530px__24B062QlLR.png
QBiP-1335B,Industrial Motherboards,https://www.gigaipc.com/en/products-detail/QBiP-1335B/,"{'Form Factor': ['3.5"" SBC', '146W x 101.7D(mm)'], 'CPU': ['Intel® Core™ i5-1335U Processor', 'Intel® 7, 10 cores, 2P+8E, 12 threads, up to 4.6 GHz', 'TDP 15W', '12 MB Smart Cache'], 'Socket': ['1 x FCBGA1744'], 'Memory': ['2 x DDR4 SO-DIMM sockets, Max. Capacity 64 GB', 'Support Dual Channel DDR4 3200 MHz memory modules'], 'Ethernet': ['2 x 2.5GbE LAN Ports (Intel® I226V)'], 'Video': ['Integrated Graphics Processor - Intel® Iris® Xe Graphics:', '2 x HDMI 2.0 ports, supporting a maximum resolution of 4096x2160 @60Hz', '1 x LVDS port, supporting a maximum resolution of 1920x1200 @60Hz', '(3 independent display outputs)'], 'Audio': ['Realtek® ALC269'], 'Storage': ['1 x SATA 6Gb/s Port (SATA RAID 0/1)'], 'Expansion Slots': ['1 x 2280 M.2 M-Key (PCIe Gen4x4, SATA 6Gb/s)', '1 x 2230 M.2 E-Key', '1 x Full-size Mini PCIe with SIM slot'], 'Internal I/O': ['1 x 4-pin box power connector (DC in +9V~36VDC)', '1 x SATA Power header', '1 x CPU fan header', '1 x System fan header', '1 x Front panel header', '1 x Front panel audio header', '1 x 2W Speaker out header', '4 x USB 2.0 headers', '3 x COM headers (RS-232/422/485)', '1 x Backlight Control header', '1 x AT/ATX mode select jumper', '1 x GPIO (8-bits) & SMBus header'], 'Rear l/O': ['1 x COM Port (RS-232/422/485 & RI/5V/12V)', '2 x HDMI', '2 x RJ45 LAN Ports', '4 x USB 3.2 Gen 2x1'], 'TPM': ['Onboard TPM 2.0 security chip', 'INFINEON SLB9672VU2.0'], 'OS Compatibility': ['Windows 10/11 (x64)'], 'Operating Properties': ['Operating temperature: 0°C to +60°C', 'Operating humidity: 0-90% (non-condensing)', 'Non-operating temperature: -40°C to +85°C', 'Non-operating humidity: 0%-95% (non-condensing)'], 'Packing Content': ['Carton size: 465 x 351 x 217 (mm)', 'Packing Capacity: 10pcs', 'Single Box size: 221 x 178 x 65 (mm)', 'Single Box weight: Approx. 0.5kg', 'Including:', 'SATA power Cable x 1 (P/N: 25CRI-200B02-K1R)'], 'Order Information': ['9MRLU5BSMR-SI (Box Packing)'], 'Optional Kit': ['Fanless sink P/N: 25ST1-113105-A7R', 'Fansink P/N: 25ST4-113104-A7R', 'Heat spreader P/N: 25ST5-MADU00-Y0R']}","{'Ultra-Fast M.2 with PCIe Gen4 x4 interface', '2 x 2.5GbE LAN Ports', 'Dual Channel DDR4, 2 x SO-DIMMs', '3.5” SubCompact Board with 13th Generation Intel® Core™ i5-1335U Processor, Dual Channel DDR4 memory, 4 x COM, 1 x SATA 6Gb/s, 4 x USB 3.2 Gen 2x1, 4 x USB 2.0', '2 x HDMI, LVDS ports for multiple display', '3.5"" SBC', '3 x COM Ports (RS-232/422/485)', '4 x USB 3.2 Gen 2x1', 'Intel® Core™ i5-1335U Processor', '1 x COM Port (RS-232/422/485 & RI/5V/12V)', '1 x SATA 6Gb/s Port'}",https://www.gigaipc.com/upload/catalog_list_pic/QBiP-1355B_1335B_1315EB_MRLU7BS_A10-Top-510x530px__24B06HL5Jv.png
QBiP-1315EB,Industrial Motherboards,https://www.gigaipc.com/en/products-detail/QBiP-1315EB/,"{'Form Factor': ['3.5"" SBC', '146W x 101.7D(mm)'], 'CPU': ['Intel® Core™ i3-1315UE Processor', 'Intel® 7, 6 cores, 2P+4E, 8 threads, up to 4.5 GHz', 'TDP 15W', '10 MB Smart Cache'], 'Socket': ['1 x FCBGA1744'], 'Memory': ['2 x DDR4 SO-DIMM sockets, Max. Capacity 64 GB', 'Support Dual Channel DDR4 3200 MHz memory modules'], 'Ethernet': ['2 x 2.5GbE LAN Ports (Intel® I226V)'], 'Video': ['Integrated Graphics Processor - Intel® UHD Graphics for 13th Gen. Intel® Processors:', '2 x HDMI 2.0 ports, supporting a maximum resolution of 4096x2160 @60Hz', '1 x LVDS port, supporting a maximum resolution of 1920x1200 @60Hz', '(3 independent display outputs)'], 'Audio': ['Realtek® ALC269'], 'Storage': ['1 x SATA 6Gb/s Port (SATA RAID 0/1)'], 'Expansion Slots': ['1 x 2280 M.2 M-Key (PCIe Gen4x4, SATA 6Gb/s)', '1 x 2230 M.2 E-Key', '1 x Full-size Mini PCIe with SIM slot'], 'Internal I/O': ['1 x 4-pin box power connector (DC in +9V~36VDC)', '1 x SATA Power header', '1 x CPU fan header', '1 x System fan header', '1 x Front panel header', '1 x Front panel audio header', '1 x 2W Speaker out header', '4 x USB 2.0 headers', '3 x COM headers (RS-232/422/485)', '1 x Backlight Control header', '1 x AT/ATX mode select jumper', '1 x GPIO (8-bits) & SMBus header'], 'Rear l/O': ['1 x COM Port (RS-232/422/485 & RI/5V/12V)', '2 x HDMI', '2 x RJ45 LAN Ports', '4 x USB 3.2 Gen 2x1'], 'TPM': ['Onboard TPM 2.0 security chip', 'INFINEON SLB9672VU2.0'], 'OS Compatibility': ['Windows 10/11 (x64)'], 'Operating Properties': ['Operating temperature: 0°C to +60°C', 'Operating humidity: 0-90% (non-condensing)', 'Non-operating temperature: -40°C to +85°C', 'Non-operating humidity: 0%-95% (non-condensing)'], 'Packing Content': ['Carton size: 465 x 351 x 217 (mm)', 'Packing Capacity: 10pcs', 'Single Box size: 221 x 178 x 65 (mm)', 'Single Box weight: Approx. 0.5kg', 'Including:', 'SATA power Cable x 1 (P/N: 25CRI-200B02-K1R)'], 'Order Information': ['9MRLU3BSMR-SI (Box Packing)'], 'Optional Kit': ['Fanless sink P/N: 25ST1-113105-A7R', 'Fansink P/N: 25ST4-113104-A7R', 'Heat spreader P/N: 25ST5-MADU00-Y0R']}","{'3.5” SubCompact Board with 13th Generation Intel® Core™ i3-1315UE Processor, Dual Channel DDR4 memory, 4 x COM, 1 x SATA 6Gb/s, 4 x USB 3.2 Gen 2x1, 4 x USB 2.0', 'Ultra-Fast M.2 with PCIe Gen4 x4 interface', '2 x 2.5GbE LAN Ports', 'Intel® Core™ i3-1315UE Processor', 'Dual Channel DDR4, 2 x SO-DIMMs', '2 x HDMI, LVDS ports for multiple display', '3.5"" SBC', '3 x COM Ports (RS-232/422/485)', '4 x USB 3.2 Gen 2x1', 'Longevity support', '1 x COM Port (RS-232/422/485 & RI/5V/12V)', '1 x SATA 6Gb/s Port'}",https://www.gigaipc.com/upload/catalog_list_pic/QBiP-1355B_1335B_1315EB_MRLU7BS_A10-Top-510x530px__24B06r7gNO.png
QBiP-4200D,Industrial Motherboards,https://www.gigaipc.com/en/products-detail/QBiP-4200D/,"{'Form Factor': ['3.5"" SBC', '146W x 101.7D(mm)'], 'CPU': ['Intel® Pentium® N4200 Processor', '14nm, 4 cores, 4 threads, up to 2.50 GHz', 'TDP 6W'], 'Socket': ['1 x FCBGA 1296'], 'Memory': ['2 x DDR3L SO-DIMM sockets, Max. Capacity 8 GB', 'Support Dual channel DDR3L 1866 MHz memory modules'], 'Ethernet': ['2 x GbE LAN Ports (Realtek® RTL8111H)'], 'Video': ['Integrated Graphics Processor -Intel® HD Graphics 505:', '1 x HDMI 1.4 port, supporting a maximum resolution of 3840x2160 @30Hz', '1 x VGA port, supporting a maximum resolution of 1920x1080 @60Hz (with compatible displays)', '1 x LVDS port, supporting a maximum resolution of 1920x1200 @60Hz', '(3 independent display outputs)'], 'Audio': ['Realtek® ALC897'], 'Storage': ['1 x SATA 6Gb/s Port', '1 x eMMC 32GB'], 'Expansion Slots': ['1 x 2242 M.2 M-Key (SATA 6Gb/s)', '1 x Full-size Mini PCIe with SIM slot (PCIe x1 + USB2.0) -- support 3G/4G module'], 'Internal I/O': ['1 x 4-pin box power connector (+9V~36VDC)', '1 x SATA Power header', '1 x System fan header', '1 x Front panel header', '1 x 2W Speaker out header', '4 x USB 2.0 headers', '3 x COM headers (RS-232)', '1 x COM header (RS-232/422/485 & RI/5V/12V)', '1 x Backlight Control header', '1 x AT/ATX mode select jumper', '1 x GPIO (8-bits) & SMBus header', '1 x Buzzer header', '＊Conditional DC-input 9V support with :', '(1) SATA_PWR support 5V only', '(2) LVDS backlight cannot support', '(3) Total power consumption under 50W'], 'Rear l/O': ['1 x Headphone Jack', '1 x HDMI', '1 x VGA', '2 x RJ45 LAN Ports', '2 x USB 3.2 Gen 1'], 'TPM': ['1 x TPM header'], 'OS Compatibility': ['Windows 10 (x64)'], 'Operating Properties': ['Operating temperature: 0°C to +60°C', 'Operating humidity: 0-90% (non-condensing)', 'Non-operating temperature: -40°C to +85°C', 'Non-operating humidity: 0%-95% (non-condensing)'], 'Packing Content': ['Carton size: 465 x 351 x 217 (mm)', 'Packing Capacity: 10pcs', 'Single Box size: 221 x 178 x 65 (mm)', 'Including:', 'SATA power Cable x 1 (P/N: 25CRI-200B02-K1R)'], 'Order Information': ['9MAPLNASMR-SI (Box Packing)'], 'Optional Kit': ['Fanless Heatsink P/N: 25ST1-153109-A7R', 'Heat spreader P/N: 25ST5-CBAB00-A8R', 'TPM 2.0 module P/N: 9CTM000NR-00', 'TPM Cable P/N: 25CRZ-100600-S9R']}","{'HDMI, VGA, LVDS ports for multiple display', '3 x COM Ports (RS-232)', 'M.2 with SATA 6Gb/s', '3.5"" SBC', '2 x GbE LAN Ports', 'eMMC 32GB', 'Intel® Pentium® N4200 Processor', '3.5” SubCompact Embedded Motherboard with Intel® N4200 Processor, Dual Channel DDR3L memory, 4 x COM, 1 x SATA 6Gb/s, 6 x USB, eMMC', 'Dual Channel DDR3L, 2 x SO-DIMMs', '1 x COM Port (RS-232/422/485 & RI/5V/12V)', '1 x SATA 6Gb/s Port'}",https://www.gigaipc.com/upload/catalog_list_pic/QBiP-4200D_MAPLNAS_A10-EMMC-Top-510x530px__24B06snTY8.png
QBiP-4200E,Industrial Motherboards,https://www.gigaipc.com/en/products-detail/QBiP-4200E/,"{'Form Factor': ['3.5"" SBC', '146W x 101.7D(mm)'], 'CPU': ['Intel® Pentium® N4200 Processor', '14nm, 4 cores, 4 threads, up to 2.50 GHz', 'TDP 6W'], 'Socket': ['1 x FCBGA 1296'], 'Memory': ['2 x DDR3L SO-DIMM sockets, Max. Capacity 8 GB', 'Support Dual channel DDR3L 1866 MHz memory modules'], 'Ethernet': ['2 x GbE LAN Ports (Realtek® RTL8111H)'], 'Video': ['Integrated Graphics Processor -Intel® HD Graphics 505:', '1 x HDMI 1.4 port, supporting a maximum resolution of 3840x2160 @30Hz', '1 x VGA port, supporting a maximum resolution of 1920x1080 @60Hz (with compatible displays)', '1 x LVDS port, supporting a maximum resolution of 1920x1200 @60Hz', '(3 independent display outputs)'], 'Audio': ['Realtek® ALC897'], 'Storage': ['1 x SATA 6Gb/s Port'], 'Expansion Slots': ['1 x 2242 M.2 M-Key (SATA 6Gb/s)', '1 x Full-size Mini PCIe with SIM slot (PCIe x1 + USB2.0) -- support 3G/4G module'], 'Internal I/O': ['1 x 4-pin box power connector (+9V~36VDC)', '1 x SATA Power header', '1 x System fan header', '1 x Front panel header', '1 x 2W Speaker out header', '4 x USB 2.0 headers', '3 x COM headers (RS-232)', '1 x COM header (RS-232/422/485 & RI/5V/12V)', '1 x Backlight Control header', '1 x AT/ATX mode select jumper', '1 x GPIO (8-bits) & SMBus header', '1 x Buzzer header', '＊Conditional DC-input 9V support with :', '(1) SATA_PWR support 5V only', '(2) LVDS backlight cannot support', '(3) Total power consumption under 50W'], 'Rear l/O': ['1 x Headphone Jack', '1 x HDMI', '1 x VGA', '2 x RJ45 LAN Ports', '2 x USB 3.2 Gen 1'], 'TPM': ['1 x TPM header'], 'OS Compatibility': ['Windows 10 (x64)'], 'Operating Properties': ['Operating temperature: 0°C to +60°C', 'Operating humidity: 0-90% (non-condensing)', 'Non-operating temperature: -40°C to +85°C', 'Non-operating humidity: 0%-95% (non-condensing)'], 'Packing Content': ['Carton size: 465 x 351 x 217 (mm)', 'Packing Capacity: 10pcs', 'Single Box size: 221 x 178 x 65 (mm)', 'Including:', 'SATA power Cable x 1 (P/N: 25CRI-200B02-K1R)'], 'Order Information': ['9MAPLNBSMR-SI (Box Packing)'], 'Optional Kit': ['Fanless Heatsink P/N: 25ST1-153109-A7R', 'Heat spreader P/N: 25ST5-CBAB00-A8R', 'TPM 2.0 module P/N: 9CTM000NR-00', 'TPM Cable P/N: 25CRZ-100600-S9R']}","{'HDMI, VGA, LVDS ports for multiple display', '3 x COM Ports (RS-232)', '3.5” SubCompact Embedded Motherboard with Intel® N4200 Processor, Dual Channel DDR3L memory, 4 x COM, 1 x SATA 6Gb/s, 6 x USB', '3.5"" SBC', '2 x GbE LAN Ports', 'Intel® Pentium® N4200 Processor', 'M.2 with SATA 6Gb/s', 'Dual Channel DDR3L, 2 x SO-DIMMs', '1 x COM Port (RS-232/422/485 & RI/5V/12V)', '1 x SATA 6Gb/s Port'}",https://www.gigaipc.com/upload/catalog_list_pic/QBiP-3350B_MAPLNCS_A10-Top-510x530px__24B06PAzzQ.png
QBiP-3350B,Industrial Motherboards,https://www.gigaipc.com/en/products-detail/QBiP-3350B/,"{'Form Factor': ['3.5"" SBC', '146W x 101.7D(mm)'], 'CPU': ['Intel® Celeron® N3350 Processor', '14nm, 2 cores, 2 threads, up to 2.40 GHz', 'TDP 6W'], 'Socket': ['1 x FCBGA 1296'], 'Memory': ['2 x DDR3L SO-DIMM sockets, Max. Capacity 8 GB', 'Support Dual channel DDR3L 1866 MHz memory modules'], 'Ethernet': ['2 x GbE LAN Ports (Realtek® RTL8111H)'], 'Video': ['Integrated Graphics Processor -Intel® HD Graphics 500:', '1 x HDMI port, supporting a maximum resolution of 3840x2160 @30Hz', '1 x VGA port, supporting a maximum resolution of 1920x1080 @60Hz (with compatible displays)', '1 x LVDS port, supporting a maximum resolution of 1920x1200 @60Hz (18/24bits)', '(3 independent display outputs)'], 'Audio': ['Realtek® ALC897'], 'Storage': ['1 x SATA 6Gb/s Port'], 'Expansion Slots': ['1 x 2242 M.2 M-Key (SATA 6Gb/s)', '1 x Full-size Mini PCIe with SIM slot (PCIe x1 + USB2.0) -- support 3G/4G module'], 'Internal I/O': ['1 x 4-pin box power connector (+9V~36VDC)', '1 x SATA Power header', '1 x System fan header', '1 x Front panel header', '1 x 2W Speaker out header', '4 x USB 2.0 headers', '3 x COM headers (RS-232)', '1 x COM header (RS-232/422/485 & RI/5V/12V)', '1 x Backlight Control header', '1 x AT/ATX mode select jumper', '1 x GPIO (8-bits) & SMBus header', '1 x Buzzer header', '＊Conditional DC-input 9V support with :', '(1) SATA_PWR support 5V only', '(2) LVDS backlight cannot support', '(3) Total power consumption under 50W'], 'Rear l/O': ['1 x Headphone Jack', '1 x HDMI', '1 x VGA', '2 x RJ45 LAN Ports', '2 x USB 3.2 Gen 1'], 'TPM': ['1 x TPM header'], 'OS Compatibility': ['Windows 10 (x64)'], 'Operating Properties': ['Operating temperature: 0°C to 60°C', 'Operating humidity: 0-90% (non-condensing)', 'Non-operating temperature: -40°C to +85°C', 'Non-operating humidity: 0%-95% (non-condensing)'], 'Packing Content': ['Carton size: 465 x 351 x 217 (mm)', 'Packing Capacity: 10pcs', 'Single Box size: 221 x 178 x 65 (mm)', 'Including:', 'SATA power Cable x 1 (P/N: 25CRI-200B02-K1R)'], 'Order Information': ['9MAPLNCSMR-SI (Box Packing)'], 'Optional Kit': ['Fanless Heatsink P/N: 25ST1-153109-A7R', 'Heat spreader P/N: 25ST5-CBAB00-A8R', 'TPM 2.0 module P/N: 9CTM000NR-00', 'TPM Cable P/N: 25CRZ-100600-S9R']}","{'HDMI, VGA, LVDS ports for multiple display', '3 x COM Ports (RS-232)', 'Intel® Celeron® N3350 Processor', '3.5"" SBC', '2 x GbE LAN Ports', 'M.2 with SATA 6Gb/s', 'Dual Channel DDR3L, 2 x SO-DIMMs', '1 x COM Port (RS-232/422/485 & RI/5V/12V)', '3.5” SubCompact Embedded Motherboard with Intel® N3350 Processor, Dual Channel DDR3L memory, 4 x COM, 1 x SATA 6Gb/s, 6 x USB', '1 x SATA 6Gb/s Port'}",https://www.gigaipc.com/upload/catalog_list_pic/QBiP-3350B_MAPLNCS_A10-Top-510x530px__24B061O3Kr.png
QBiP-E3940B,Industrial Motherboards,https://www.gigaipc.com/en/products-detail/QBiP-E3940B/,"{'Form Factor': ['3.5"" SBC', '146W x 101.7D(mm)'], 'CPU': ['Intel® Atom® x5-E3940 Processor', '14nm, 4 cores, 4 threads, up to 1.8 GHz', 'TDP 9.5W', '2M Cache'], 'Socket': ['1 x FCBGA 1296'], 'Memory': ['2 x DDR3L SO-DIMM sockets, Max. Capacity 8 GB', 'Support Dual channel DDR3L 1866 MHz memory modules'], 'Ethernet': ['2 x GbE LAN Ports (Realtek® RTL8111H)'], 'Video': ['Integrated Graphics Processor - Intel® HD Graphics 500:', '1 x HDMI 1.4 port, supporting a maximum resolution of 3840x2160 @30Hz', '1 x VGA port, supporting a maximum resolution of 1920x1080 @60Hz (with compatible displays)', '1 x LVDS port, supporting a maximum resolution of 1920x1200 @60Hz', '(3 independent display outputs)'], 'Audio': ['Realtek® ALC897'], 'Storage': ['1 x SATA 6Gb/s Port'], 'Expansion Slots': ['1 x 2242 M.2 M-Key (SATA 6Gb/s)', '1 x Full-size Mini PCIe with SIM slot (PCIe x1 + USB2.0) -- support 3G module'], 'Internal I/O': ['1 x 4-pin box power connector (+9V~36VDC)', '1 x SATA Power header', '1 x System fan header', '1 x Front panel header', '1 x 2W Speaker out header', '4 x USB 2.0 headers', '3 x COM headers (RS-232)', '1 x COM header (RS-232/422/485 & RI/5V/12V)', '1 x Backlight Control header', '1 x AT/ATX mode select jumper', '1 x GPIO (8-bits) & SMBus header', '1 x Buzzer header', '＊Conditional DC-input 9V support with :', '(1) SATA_PWR support 5V only', '(2) LVDS backlight cannot support', '(3) Total power consumption under 50W'], 'Rear l/O': ['1 x Headphone Jack', '1 x HDMI', '1 x VGA', '2 x RJ45 LAN Ports', '2 x USB 3.2 Gen 1'], 'TPM': ['1 x TPM header'], 'OS Compatibility': ['Windows 10 (x64)'], 'Operating Properties': ['Operating temperature: 0°C to +60°C', 'Operating humidity: 0-90% (non-condensing)', 'Non-operating temperature: -40°C to +85°C', 'Non-operating humidity: 0%-95% (non-condensing)'], 'Packing Content': ['Carton size: 465 x 351 x 217 (mm)', 'Packing Capacity: 10pcs', 'Single Box size: 221 x 178 x 65 (mm)', 'Single Box weight: Approx. 0.35kg', 'Including:', 'SATA power Cable x 1 (P/N: 25CRI-200B02-K1R)'], 'Order Information': ['9MAPLEASMR-SI (Box Packing)'], 'Optional Kit': ['Fanless Heatsink P/N: 25ST1-113103-A7R', 'TPM 2.0 module P/N: 9CTM000NR-00', 'TPM Cable P/N: 25CRZ-100600-S9R']}","{'3.5” SubCompact Embedded Motherboard with Intel® x5-E3940 Processor, Dual Channel DDR3L memory, 4 x COM, 1 x SATA 6Gb/s, 6 x USB', 'HDMI, VGA, LVDS ports for multiple display', 'Intel® Atom® x5-E3940', '3 x COM Ports (RS-232)', '3.5"" SBC', '2 x GbE LAN Ports', 'M.2 with SATA 6Gb/s', 'Dual Channel DDR3L, 2 x SO-DIMMs', '1 x COM Port (RS-232/422/485 & RI/5V/12V)', '1 x SATA 6Gb/s Port'}",https://www.gigaipc.com/upload/catalog_list_pic/QBiP-E3940B_MAPLEAS_A10-Top-510x530px__24B06WcWYj.png
QBiP-1255A,Industrial Motherboards,https://www.gigaipc.com/en/products-detail/QBiP-1255A/,"{'Form Factor': ['3.5"" SBC', '146W x 101.7D(mm)'], 'CPU': ['Intel® Core™ i7-1255U Processor', '10nm Enhanced Superfin (Intel 7), 10 cores, 12 threads, up to 4.7 GHz', 'TDP 15W'], 'Socket': ['1 x FCBGA1744'], 'Memory': ['2 x DDR4 SO-DIMM sockets, Max. Capacity 64 GB', 'Support Dual Channel DDR4 3200 MHz memory modules'], 'Ethernet': ['2 x 2.5GbE LAN Ports (Intel® I226V)'], 'Video': ['Integrated Graphics Processor - Intel® Iris® Xᵉ Graphics:', '2 x HDMI 2.0 ports, supporting a maximum resolution of 4096x2160 @60Hz', '1 x LVDS port, supporting a maximum resolution of 1920x1200 @60Hz', '(3 independent display outputs)'], 'Audio': ['Realtek® Audio Codec'], 'Storage': ['1 x SATA 6Gb/s Port (SATA RAID 0/1)'], 'Expansion Slots': ['1 x 2280 M.2 M-Key (PCIe Gen 4x4, SATA 6Gb/s)', '1 x 2230 M.2 E-Key', '1 x Full-size Mini PCIe with SIM slot'], 'Internal I/O': ['1 x 4-pin box power connector (DC in +9V~36VDC)', '1 x SATA Power header', '1 x CPU fan header', '1 x System fan header', '1 x Front panel header', '1 x Front panel audio header', '1 x 2W Speaker out header', '4 x USB 2.0 headers', '3 x COM headers (RS-232/422/485)', '1 x Backlight Control header', '1 x AT/ATX mode select jumper', '1 x GPIO (8-bits) & SMBus header'], 'Rear l/O': ['1 x COM Port (RS-232/422/485 & RI/5V/12V)', '2 x HDMI', '2 x RJ45 LAN Ports', '4 x USB 3.2 Gen 2x1'], 'TPM': ['1 x TPM header (SPI)'], 'OS Compatibility': ['Windows 10/11 (x64)'], 'Operating Properties': ['Operating temperature: 0°C to +60°C', 'Operating humidity: 0-90% (non-condensing)', 'Non-operating temperature: -40°C to +85°C', 'Non-operating humidity: 0%-95% (non-condensing)'], 'Packing Content': ['Carton size: 465 x 351 x 217 (mm)', 'Packing Capacity: 10pcs', 'Single Box size: 221 x 178 x 65 (mm)', 'Single Box weight: Approx. 0.5kg', 'Including:', 'SATA power Cable x 1 (P/N: 25CRI-200B02-K1R)'], 'Order Information': ['9MADU7ASMR-SI (Box Packing)'], 'Optional Kit': ['Fansink P/N: 25ST4-113104-A7R', 'Fanless sink P/N: 25ST1-113110-A7R', 'Heat spreader P/N: 25ST5-MADU00-Y0R', 'TPM 2.0 module P/N: 9CTM010NR-00', 'TPM Cable P/N: 25CRZ-100600-S9R']}","{'Intel® Core™ i7-1255U Processor', '3.5” SubCompact Board with 12th Generation Intel® Core™ i7-1255U Processor, Dual Channel DDR4 memory, 4 x COM, 1 x SATA 6Gb/s, 4 x USB 3.2 Gen 2x1, 4 x USB 2.0', '2 x 2.5GbE LAN Ports', 'Dual Channel DDR4, 2 x SO-DIMMs', 'Ultra-Fast M.2 with PCIe Gen 4x4 interface', '2 x HDMI, LVDS ports for multiple display', '3.5"" SBC', '3 x COM Ports (RS-232/422/485)', '4 x USB 3.2 Gen 2x1', '1 x COM Port (RS-232/422/485 & RI/5V/12V)', '1 x SATA 6Gb/s Port'}",https://www.gigaipc.com/upload/catalog_list_pic/QBiP-1215UEA-1235A-1255A_MADU7AS-A10-Top-510x530px__24B06iW0mm.png
QBiP-1235A,Industrial Motherboards,https://www.gigaipc.com/en/products-detail/QBiP-1235A/,"{'Form Factor': ['3.5"" SBC', '146W x 101.7D(mm)'], 'CPU': ['Intel® Core™ i5-1235U Processor', '10nm Enhanced Superfin (Intel 7), 10 cores, 12 threads, up to 4.4 GHz', 'TDP 15W'], 'Socket': ['1 x FCBGA1744'], 'Memory': ['2 x DDR4 SO-DIMM sockets, Max. Capacity 64 GB', 'Support Dual Channel DDR4 3200 MHz memory modules'], 'Ethernet': ['2 x 2.5GbE LAN Ports (Intel® I226V)'], 'Video': ['Integrated Graphics Processor - Intel® Iris® Xᵉ Graphics:', '2 x HDMI 2.0 ports, supporting a maximum resolution of 4096x2160 @60Hz', '1 x LVDS port, supporting a maximum resolution of 1920x1200 @60Hz', '(3 independent display outputs)'], 'Audio': ['Realtek® Audio Codec'], 'Storage': ['1 x SATA 6Gb/s Port (SATA RAID 0/1)'], 'Expansion Slots': ['1 x 2280 M.2 M-Key (PCIe Gen 4x4, SATA 6Gb/s)', '1 x 2230 M.2 E-Key', '1 x Full-size Mini PCIe with SIM slot'], 'Internal I/O': ['1 x 4-pin box power connector (DC in +9V~36VDC)', '1 x SATA Power header', '1 x CPU fan header', '1 x System fan header', '1 x Front panel header', '1 x Front panel audio header', '1 x 2W Speaker out header', '4 x USB 2.0 headers', '3 x COM headers (RS-232/422/485)', '1 x Backlight Control header', '1 x AT/ATX mode select jumper', '1 x GPIO (8-bits) & SMBus header'], 'Rear l/O': ['1 x COM Port (RS-232/422/485 & RI/5V/12V)', '2 x HDMI', '2 x RJ45 LAN Ports', '4 x USB 3.2 Gen 2x1'], 'TPM': ['1 x TPM header (SPI)'], 'OS Compatibility': ['Windows 10/11 (x64)'], 'Operating Properties': ['Operating temperature: 0°C to +60°C', 'Operating humidity: 0-90% (non-condensing)', 'Non-operating temperature: -40°C to +85°C', 'Non-operating humidity: 0%-95% (non-condensing)'], 'Packing Content': ['Carton size: 465 x 351 x 217 (mm)', 'Packing Capacity: 10pcs', 'Single Box size: 221 x 178 x 65 (mm)', 'Single Box weight: Approx. 0.5kg', 'Including:', 'SATA power Cable x 1 (P/N: 25CRI-200B02-K1R)'], 'Order Information': ['9MADU5ASMR-SI (Box Packing)'], 'Optional Kit': ['Fansink P/N: 25ST4-113104-A7R', 'Fanless sink P/N: 25ST1-113110-A7R', 'Heat spreader P/N: 25ST5-MADU00-Y0R', 'TPM 2.0 module P/N: 9CTM010NR-00', 'TPM Cable P/N: 25CRZ-100600-S9R']}","{'3.5” SubCompact Board with 12th Generation Intel® Core™ i5-1235U Processor, Dual Channel DDR4 memory, 4 x COM, 1 x SATA 6Gb/s, 4 x USB 3.2 Gen 2x1, 4 x USB 2.0', 'Intel® Core™ i5-1235U Processor', '2 x 2.5GbE LAN Ports', 'Dual Channel DDR4, 2 x SO-DIMMs', 'Ultra-Fast M.2 with PCIe Gen 4x4 interface', '2 x HDMI, LVDS ports for multiple display', '3.5"" SBC', '3 x COM Ports (RS-232/422/485)', '4 x USB 3.2 Gen 2x1', '1 x COM Port (RS-232/422/485 & RI/5V/12V)', '1 x SATA 6Gb/s Port'}",https://www.gigaipc.com/upload/catalog_list_pic/QBiP-1215UEA-1235A-1255A_MADU7AS-A10-Top-510x530px__24B062k970.png
QBiP-1215EA,Industrial Motherboards,https://www.gigaipc.com/en/products-detail/QBiP-1215EA/,"{'Form Factor': ['3.5"" SBC', '146W x 101.7D(mm)'], 'CPU': ['Intel® Core™ i3-1215UE Processor', '10nm Enhanced Superfin (Intel 7), 6 cores, 8 threads, up to 4.4 GHz', 'TDP 15W'], 'Socket': ['1 x FCBGA1744'], 'Memory': ['2 x DDR4 SO-DIMM sockets, Max. Capacity 64 GB', 'Support Dual Channel DDR4 3200 MHz memory modules'], 'Ethernet': ['2 x 2.5GbE LAN Ports (Intel® I226V)'], 'Video': ['Integrated Graphics Processor - Intel® UHD Graphics:', '2 x HDMI 2.0 ports, supporting a maximum resolution of 4096x2160 @60Hz', '1 x LVDS port, supporting a maximum resolution of 1920x1200 @60Hz', '(3 independent display outputs)'], 'Audio': ['Realtek® Audio Codec'], 'Storage': ['1 x SATA 6Gb/s Port (SATA RAID 0/1)'], 'Expansion Slots': ['1 x 2280 M.2 M-Key (PCIe Gen 4x4, SATA 6Gb/s)', '1 x 2230 M.2 E-Key', '1 x Full-size Mini PCIe with SIM slot'], 'Internal I/O': ['1 x 4-pin box power connector (DC in +9V~36VDC)', '1 x SATA Power header', '1 x CPU fan header', '1 x System fan header', '1 x Front panel header', '1 x Front panel audio header', '1 x 2W Speaker out header', '4 x USB 2.0 headers', '3 x COM headers (RS-232/422/485)', '1 x Backlight Control header', '1 x AT/ATX mode select jumper', '1 x GPIO (8-bits) & SMBus header'], 'Rear l/O': ['1 x COM Port (RS-232/422/485 & RI/5V/12V)', '2 x HDMI', '2 x RJ45 LAN Ports', '4 x USB 3.2 Gen 2x1'], 'TPM': ['1 x TPM header (SPI)'], 'OS Compatibility': ['Windows 10/11 (x64)'], 'Operating Properties': ['Operating temperature: 0°C to +60°C', 'Operating humidity: 0-90% (non-condensing)', 'Non-operating temperature: -40°C to +85°C', 'Non-operating humidity: 0%-95% (non-condensing)'], 'Packing Content': ['Carton size: 465 x 351 x 217 (mm)', 'Packing Capacity: 10pcs', 'Single Box size: 221 x 178 x 65 (mm)', 'Single Box weight: Approx. 0.5kg', 'Including:', 'SATA power Cable x 1 (P/N: 25CRI-200B02-K1R)'], 'Order Information': ['9MADU3ASMR-SI (Box Packing)'], 'Optional Kit': ['Fansink P/N: 25ST4-113104-A7R', 'Fanless sink P/N: 25ST1-113110-A7R', 'Heat spreader P/N: 25ST5-MADU00-Y0R', 'TPM 2.0 module P/N: 9CTM010NR-00', 'TPM Cable P/N: 25CRZ-100600-S9R']}","{'3.5” SubCompact Board with 12th Generation Intel® Core™ i3-1215UE Processor, Dual Channel DDR4 memory, 4 x COM, 1 x SATA 6Gb/s, 4 x USB 3.2 Gen 2x1, 4 x USB 2.0', '2 x 2.5GbE LAN Ports', 'Dual Channel DDR4, 2 x SO-DIMMs', 'Ultra-Fast M.2 with PCIe Gen 4x4 interface', '2 x HDMI, LVDS ports for multiple display', '3.5"" SBC', '3 x COM Ports (RS-232/422/485)', '4 x USB 3.2 Gen 2x1', 'Intel® Core™ i3-1215UE Processor', '1 x COM Port (RS-232/422/485 & RI/5V/12V)', '1 x SATA 6Gb/s Port'}",https://www.gigaipc.com/upload/catalog_list_pic/QBiP-1215UEA-1235A-1255A_MADU7AS-A10-Top-510x530px__24B06AFuSH.png
QBiP-x6413EA,Industrial Motherboards,https://www.gigaipc.com/en/products-detail/QBiP-x6413EA/,"{'Form Factor': ['3.5"" SBC', '146W x 101.7D(mm)'], 'CPU': ['Intel® Atom® x6413E Processor', '10nm, 4 cores, 4 threads, up to 3.0 GHz', 'TDP 9W'], 'Socket': ['1 x FCBGA 1493'], 'Memory': ['2 x DDR4 SO-DIMM sockets, Max. Capacity 32 GB', 'Support Dual Channel DDR4 3200 MHz memory modules'], 'Ethernet': ['2 x GbE LAN Ports (Intel® I210AT)'], 'Video': ['Integrated Graphics Processor -', 'Intel® UHD Graphics for 10th Gen Intel® Processors:', '2 x HDMI 2.0 port, supporting a maximum resolution of 4096x2160 @60Hz', '1 x LVDS port, supporting a maximum resolution of 1920x1200 @60Hz', '(3 independent display outputs)'], 'Audio': ['Realtek® Audio Codec'], 'Storage': ['1 x SATA 6Gb/s Port'], 'Expansion Slots': ['1 x 2280 M.2 M-Key (PCIe x2, SATA 6Gb/s)', '1 x Full-size mini PCIe with SIM slot'], 'Internal I/O': ['1 x 4-pin box power connector (DC in +9V~36VDC)', '1 x SATA Power header', '1 x CPU fan header', '1 x Front panel header', '1 x Front panel audio header', '1 x 2W Speaker out header', '2 x USB 2.0 headers', '1 x COM header (RS-232/422/485 & RI/5V/12V)', '1 x COM header (RS-232/422/485)', '2 x COM headers (RS-232)', '1 x Backlight Control header', '1 x AT/ATX mode select jumper', '1 x GPIO (8 bits) & SMBus header', '1 x Buzzer header', '＊Conditional DC-input 9V support with :', '(1) SATA_PWR support 5V only', '(2) LVDS backlight cannot support', '(3) Total power consumption under 50W'], 'Rear l/O': ['1 x Headphone Jack', '2 x HDMI', '2 x RJ45 LAN Ports', '4 x USB 3.2 Gen 1'], 'OS Compatibility': ['Windows 10 (x64)'], 'Operating Properties': ['Operating temperature: 0°C to +60°C', 'Operating humidity: 0-90% (non-condensing)', 'Non-operating temperature: -40°C to +85°C', 'Non-operating humidity: 0%-95% (non-condensing)'], 'Packing Content': ['Carton size: 465 x 351 x 217 (mm)', 'Packing Capacity: 10pcs', 'Single Box size: 221 x 178 x 65 (mm)', 'Single Box weight: Approx. 0.5kg', 'Including:', 'SATA power Cable x 1 (P/N: 25CRI-200B02-K1R)'], 'Order Information': ['9MEHLEASMR-SI (Box Packing)'], 'Optional Kit': ['Fanless Heatsink P/N: 25ST1-12311E-A7R']}","{'3.5” SubCompact Embedded Motherboard with Intel® Atom® x6413E Processor, Dual Channel DDR4 memory, 4 x COM, 1 x SATA 6Gb/s, 4 x USB 3.2 Gen 1, 2 x USB 2.0', '1 x COM Port (RS-232/422/485)', 'Dual Channel DDR4, 2 x SO-DIMMs', 'M.2 with PCIe x2, SATA 6Gb/s', '2 x HDMI, LVDS ports for multiple display', '3.5"" SBC', '2 x GbE LAN Ports', 'Intel® Atom® x6413E', '2 x COM Ports (RS-232)', '1 x COM Port (RS-232/422/485 & RI/5V/12V)', '1 x SATA 6Gb/s Port'}",https://www.gigaipc.com/upload/catalog_list_pic/QBiP-x6413EA_MEHLEAS-A10-Top-510x530px__24B06cNRkr.png
QBiP-1505A,Industrial Motherboards,https://www.gigaipc.com/en/products-detail/QBiP-1505A/,"{'Form Factor': ['3.5"" SBC', '146W x 101.7D(mm)'], 'CPU': ['AMD Ryzen™ R1505G Embedded Processor', '14nm, 2 cores, 4 threads, 2.4 GHz, up to 3.3 GHz', 'TDP 25W'], 'Socket': ['1 x FP5 type 1 BGA'], 'Memory': ['2 x DDR4 SO-DIMM sockets, Max. Capacity 32 GB', 'Support Dual channel DDR4 2400 MHz memory modules'], 'Ethernet': ['2 x GbE LAN Ports (Realtek RTL8111HS)'], 'Video': ['Integrated Graphics Processor - AMD® Radeon™ Vega 3 Graphics:', '3 x HDMI 2.0 ports, supporting a maximum resolution of 4096x2160 @60Hz', '1 x eDP port, supporting a maximum resolution of 3840x2160 @60Hz (Share from HDMI)', '(3 independent display outputs)'], 'Audio': ['Realtek® Audio Codec'], 'Storage': ['1 x SATA 6Gb/s Port'], 'Expansion Slots': ['1 x 2280 M.2 M-Key (PCIe Gen 3x4, SATA 6Gb/s)', '1 x 2230 M.2 E-Key', '1 x Full-size Mini PCIe with SIM slot'], 'Internal I/O': ['1 x 4-pin box power connector (DC in +9V~36VDC)', '1 x SATA Power header', '1 x CPU fan header', '1 x System fan header', '1 x Front panel header', '1 x Front panel audio header', '1 x 2W Speaker out header', '4 x USB 2.0 headers', '2 x COM headers (RS-232)', '2 x COM headers (RS-232/422/485 & RI/5V/12V)', '1 x Backlight Control header', '1 x AT/ATX mode select jumper', '1 x eDP/HDMI jumper', '1 x GPIO (8 bits) & SMBus header', '1 x Buzzer'], 'Rear l/O': ['3 x HDMI', '2 x RJ45 LAN Ports', '2 x USB 3.2 Gen 1'], 'TPM': ['Onboard TPM 2.0 security chip', 'INFINEON SLB9665TT2.0'], 'OS Compatibility': ['Windows 10 (x64)'], 'Operating Properties': ['Operating temperature: 0°C to 60°C', 'Operating humidity: 0-90% (non-condensing)', 'Non-operating temperature: -40°C to +85°C', 'Non-operating humidity: 0%-95% (non-condensing)'], 'Packing Content': ['Carton size: 465 x 351 x 217 (mm)', 'Packing Capacity: 10pcs', 'Single Box size: 221 x 178 x 65 (mm)', 'Single Box weight: Approx. 0.5kg', 'Including:', 'SATA power Cable x 1 (P/N: 25CRI-200B02-K1R)'], 'Order Information': ['9MRZNROSMR-SI (Box Packing)'], 'Optional Kit': ['Fanless Heatsink P/N:25ST1-113104-A7R', 'Fansink P/N: 12SF2-01A073-00R', 'Heat spreader P/N: 25ST5-QP1600-A8R']}","{'3 x HDMI 2.0, eDP ports for multiple display', 'Dual Channel DDR4, 2 x SO-DIMMs', 'M.2 with SATA 6Gb/s or PCIe Gen 3x4', '3.5"" SBC', '2 x GbE LAN Ports', '3.5” SubCompact Embedded Motherboard with AMD Ryzen™ R1505G Embedded Processor, Dual Channel DDR4 memory, 4 x COM, 1 x SATA 6Gb/s, 6 x USB', 'AMD Ryzen™ R1505G Embedded Processor', '2 x COM Ports (RS-232)', '2 x COM Ports (RS-232/422/485 & RI/5V/12V)', '1 x SATA 6Gb/s Port'}",https://www.gigaipc.com/upload/catalog_list_pic/QBiP-1505A_MRZNROS-A21-Top-510x530px__24B06Hg5zh.png
QBiP-1185G7EB,Industrial Motherboards,https://www.gigaipc.com/en/products-detail/QBiP-1185G7EB/,"{'Form Factor': ['3.5"" SBC', '146W x 101.7D(mm)'], 'CPU': ['Intel® Core™ i7-1185G7E Processor', '10nm SuperFin, 4 cores, 8 threads, up to 4.4 GHz', 'vPro support, TDP 28W', '12 MB Smart Cache'], 'Socket': ['1 x FCBGA1449'], 'Memory': ['2 x DDR4 SO-DIMM sockets, Max. Capacity 64 GB', 'Support Dual Channel DDR4 3200 MHz memory modules'], 'Ethernet': ['2 x GbE LAN Ports (Intel® I219LM and Intel® I211AT)'], 'Video': ['Integrated Graphics Processor - Intel® Iris® Xᵉ Graphics:', '2 x HDMI 2.0 ports, supporting a maximum resolution of 4096x2160 @60Hz', '1 x LVDS port, supporting a maximum resolution of 1920x1200 @60Hz', '(3 independent display outputs)'], 'Audio': ['Realtek® Audio Codec'], 'Storage': ['1 x SATA 6Gb/s Port (SATA RAID 0/1)'], 'Expansion Slots': ['1 x 2280 M.2 M-Key (PCIe x2, SATA 6Gb/s)', '1 x 2230 M.2 E-Key', '1 x Full-size Mini PCIe with SIM slot', '1 x PCIe x1 (Board to Wire connector, PCIe Gen3 x1)'], 'Internal I/O': ['1 x 4-pin box power connector (DC in +9V~48VDC)', '1 x SATA Power header', '1 x CPU fan header', '1 x System fan header', '1 x Front panel header', '1 x Front panel audio header', '1 x 2W Speaker out header', '4 x USB 2.0 headers', '3 x COM headers (RS-232/422/485)', '1 x Backlight Control header', '1 x AT/ATX mode select jumper', '1 x GPIO (8-bits) & SMBus header', '1 x SPI header'], 'Rear l/O': ['1 x COM Port (RS-232/422/485 & RI/5V/12V)', '2 x HDMI', '2 x RJ45 LAN Ports', '4 x USB 3.2 Gen 2x1'], 'TPM': ['1 x TPM header'], 'OS Compatibility': ['Windows 10/11 (x64)'], 'Operating Properties': ['Operating temperature: 0°C to +60°C', 'Operating humidity: 0-90% (non-condensing)', 'Non-operating temperature: -40°C to +85°C', 'Non-operating humidity: 0%-95% (non-condensing)'], 'Packing Content': ['Carton size: 465 x 351 x 217 (mm)', 'Packing Capacity: 10pcs', 'Single Box size: 221 x 178 x 65 (mm)', 'Single Box weight: Approx. 0.4kg', 'Including:', 'SATA power Cable x 1 (P/N: 25CRI-200B02-K1R)'], 'Order Information': ['9MTGU7DSMR-SI (Box Packing)'], 'Optional Kit': ['Fansink P/N: 25ST4-113101-A7R', 'Fanless sink P/N: 25ST1-1Z3101-AFR', 'Heat spreader P/N: 25ST5-111500-Y0R', 'TPM 2.0 module P/N: 9CTM010NR-00', 'TPM Cable P/N: 25CRZ-100600-S9R']}","{'Intel® Core™ i7-1185G7E Processor with vPro support', '3.5” SubCompact Board with 11th Generation Intel® Core™ i7-1185G7E Processor, Dual Channel DDR4 memory, 4 x COM, 1 x SATA 6Gb/s, 4 x USB 3.2 Gen 2x1, 4 x USB 2.0', '4 x USB 3.2 Gen 2x1', 'Dual Channel DDR4, 2 x SO-DIMMs', '2 x HDMI, LVDS ports for multiple display', '3.5"" SBC', '2 x GbE LAN Ports', '3 x COM Ports (RS-232/422/485)', '1 x COM Port (RS-232/422/485 & RI/5V/12V)', 'Ultra-Fast M.2 with PCIe Gen3 x2 interface', '1 x SATA 6Gb/s Port'}",https://www.gigaipc.com/upload/catalog_list_pic/QBiP-1165G7B_1135G7B_1115G4EB-A10-Top_510x530px__24B06DWjc2.png
QBiP-1145G7EB,Industrial Motherboards,https://www.gigaipc.com/en/products-detail/QBiP-1145G7EB/,"{'Form Factor': ['3.5"" SBC', '146W x 101.7D(mm)'], 'CPU': ['Intel® Core™ i5-1145G7E Processor', '10nm SuperFin, 4 cores, 8 threads, up to 4.1 GHz', 'vPro support, TDP 28W', '8 MB Smart Cache'], 'Socket': ['1 x FCBGA1449'], 'Memory': ['2 x DDR4 SO-DIMM sockets, Max. Capacity 64 GB', 'Support Dual Channel DDR4 3200 MHz memory modules'], 'Ethernet': ['2 x GbE LAN Ports (Intel® I219LM and Intel® I211AT)'], 'Video': ['Integrated Graphics Processor - Intel® Iris® Xᵉ Graphics:', '2 x HDMI 2.0 ports, supporting a maximum resolution of 4096x2160 @60Hz', '1 x LVDS port, supporting a maximum resolution of 1920x1200 @60Hz', '(3 independent display outputs)'], 'Audio': ['Realtek® Audio Codec'], 'Storage': ['1 x SATA 6Gb/s Port (SATA RAID 0/1)'], 'Expansion Slots': ['1 x 2280 M.2 M-Key (PCIe x2, SATA 6Gb/s)', '1 x 2230 M.2 E-Key', '1 x Full-size Mini PCIe with SIM slot', '1 x PCIe x1 (Board to Wire connector, PCIe Gen3 x1)'], 'Internal I/O': ['1 x 4-pin box power connector (DC in +9V~48VDC)', '1 x SATA Power header', '1 x CPU fan header', '1 x System fan header', '1 x Front panel header', '1 x Front panel audio header', '1 x 2W Speaker out header', '4 x USB 2.0 headers', '3 x COM headers (RS-232/422/485)', '1 x Backlight Control header', '1 x AT/ATX mode select jumper', '1 x GPIO (8-bits) & SMBus header', '1 x SPI header'], 'Rear l/O': ['1 x COM Port (RS-232/422/485 & RI/5V/12V)', '2 x HDMI', '2 x RJ45 LAN Ports', '4 x USB 3.2 Gen 2x1'], 'TPM': ['1 x TPM header'], 'OS Compatibility': ['Windows 10/11 (x64)'], 'Operating Properties': ['Operating temperature: 0°C to +60°C', 'Operating humidity: 0-90% (non-condensing)', 'Non-operating temperature: -40°C to +85°C', 'Non-operating humidity: 0%-95% (non-condensing)'], 'Packing Content': ['Carton size: 465 x 351 x 217 (mm)', 'Packing Capacity: 10pcs', 'Single Box size: 221 x 178 x 65 (mm)', 'Single Box weight: Approx. 0.4kg', 'Including:', 'SATA power Cable x 1 (P/N: 25CRI-200B02-K1R)'], 'Order Information': ['9MTGU5DSMR-SI (Box Packing)'], 'Optional Kit': ['Fansink P/N: 25ST4-113101-A7R', 'Fanless sink P/N: 25ST1-1Z3101-AFR', 'Heat spreader P/N: 25ST5-111500-Y0R', 'TPM 2.0 module P/N: 9CTM010NR-00', 'TPM Cable P/N: 25CRZ-100600-S9R']}","{'Intel® Core™ i5-1145G7E Processor with vPro support', '3.5” SubCompact Board with 11th Generation Intel® Core™ i5-1145G7E Processor, Dual Channel DDR4 memory, 4 x COM, 1 x SATA 6Gb/s, 4 x USB 3.2 Gen 2x1, 4 x USB 2.0', 'Dual Channel DDR4, 2 x SO-DIMMs', '2 x HDMI, LVDS ports for multiple display', '4 x USB 3.2 Gen 2x1', '3.5"" SBC', '2 x GbE LAN Ports', '3 x COM Ports (RS-232/422/485)', '1 x COM Port (RS-232/422/485 & RI/5V/12V)', 'Ultra-Fast M.2 with PCIe Gen3 x2 interface', '1 x SATA 6Gb/s Port'}",https://www.gigaipc.com/upload/catalog_list_pic/QBiP-1165G7B_1135G7B_1115G4EB-A10-Top_510x530px__24B06vS0JX.png
QBiP-2718A,Industrial Motherboards,https://www.gigaipc.com/en/products-detail/QBiP-2718A/,"{'Form Factor': ['3.5"" SBC', '146W x 101.7D(mm)'], 'CPU': ['AMD Ryzen™ V2718 Embedded Processor', '7nm, 8 cores, 16 threads, 1.7 GHz, up to 4.15 GHz', 'TDP 25W'], 'Socket': ['1 x FP6 BGA'], 'Memory': ['2 x DDR4 SO-DIMM sockets, Max. Capacity 64 GB', 'Support Dual channel DDR4 3200 MHz memory modules'], 'Ethernet': ['2 x GbE LAN Ports (Realtek® RTL8118-CG)'], 'Video': ['Integrated Graphics Processor - AMD Radeon™ Graphics:', '4 x HDMI 2.1 ports, supporting a maximum resolution of 4096x2160 @144Hz', '(4 independent display outputs)'], 'Audio': ['Realtek® Audio Codec'], 'Storage': ['1 x SATA 6Gb/s Port'], 'Expansion Slots': ['1 x 2280 M.2 M-Key (PCIe x4, SATA 6Gb/s)', '1 x 2230 M.2 E-Key', '1 x Full-size Mini PCIe with SIM slot (PCIe x1 + USB2.0) -- support 3G/4G module'], 'Internal I/O': ['1 x 4-pin box power connector (DC in +9V~48VDC)', '1 x SATA Power header', '1 x CPU fan header', '1 x Front panel header', '1 x Front panel audio header', '1 x 2W Speaker out header', '2 x USB 2.0 headers', '3 x COM headers (RS-232/422/485)', '1 x COM header (RS-232/422/485 & RI/5V/12V)', '1 x AT/ATX mode select jumper', '1 x GPIO (8-bits) header'], 'Rear l/O': ['4 x HDMI', '2 x RJ45 LAN Ports', '2 x USB 3.2 Gen 2x1', '2 x USB 2.0'], 'TPM': ['1 x TPM header (LPC)'], 'OS Compatibility': ['Windows 10 (x64)'], 'Operating Properties': ['Operating temperature: 0°C to 60°C', 'Operating humidity: 0-90% (non-condensing)', 'Non-operating temperature: -40°C to +85°C', 'Non-operating humidity: 0%-95% (non-condensing)'], 'Packing Content': ['Carton size: 465 x 351 x 217 (mm)', 'Packing Capacity: 10pcs', 'Single Box size: 221 x 178 x 65 (mm)', 'Including:', 'SATA power Cable x 1 (P/N: 25CRI-200B02-K1R)'], 'Order Information': ['9MRZV2MSMR-SI (Box Packing)'], 'Optional Kit': ['Fansink P/N: 12SF2-01A091-00R', 'Heat spreader P/N: 25ST5-111500-Y0R', 'TPM 2.0 module P/N: 9CTM000NR-00', 'TPM Cable P/N: 25CRZ-100600-S9R']}","{'4 x HDMI 2.1 ports for multiple display', 'Dual Channel DDR4, 2 x SO-DIMMs', 'AMD Ryzen™ V2718 Embedded Processor', '3.5"" SBC', '2 x GbE LAN Ports', '3 x COM Ports (RS-232/422/485)', '3.5” SubCompact Embedded Motherboard with AMD Ryzen™ V2718 Embedded Processor, Dual Channel DDR4 memory, 4 x COM, 1 x SATA 6Gb/s, 6 x USB', '1 x COM Port (RS-232/422/485 & RI/5V/12V)', '1 x SATA 6Gb/s Port', 'M.2 with SATA 6Gb/s or PCIe x4'}",https://www.gigaipc.com/upload/catalog_list_pic/QBiP-2718A-A10-Top-01-510x530px__24B06kVMm9.png
QBiP-6412A,Industrial Motherboards,https://www.gigaipc.com/en/products-detail/QBiP-6412A/,"{'Form Factor': ['3.5"" SBC', '146W x 101.7D(mm)'], 'CPU': ['Intel® Celeron® J6412 Processor', '10nm, 4 cores, 4 threads, up to 2.60 GHz', 'TDP 10W'], 'Socket': ['1 x FCBGA 1493'], 'Memory': ['2 x DDR4 SO-DIMM sockets, Max. Capacity 32 GB', 'Support Dual Channel DDR4 3200 MHz memory modules'], 'Ethernet': ['2 x GbE LAN Ports (Intel® I210AT)'], 'Video': ['Integrated Graphics Processor -', 'Intel® UHD Graphics for 10th Gen Intel® Processors:', '2 x HDMI 2.0 port, supporting a maximum resolution of 4096x2160 @60Hz', '1 x LVDS port, supporting a maximum resolution of 1920x1200 @60Hz', '(3 independent display outputs)'], 'Audio': ['Realtek® Audio Codec'], 'Storage': ['1 x SATA 6Gb/s Port'], 'Expansion Slots': ['1 x 2280 M.2 M-Key (PCIe x2, SATA 6Gb/s)', '1 x Full-size mini PCIe with SIM slot'], 'Internal I/O': ['1 x 4-pin box power connector (+12V~36VDC)', '1 x SATA Power header', '1 x CPU fan header', '1 x Front panel header', '1 x Front panel audio header', '1 x 2W Speaker out header', '2 x USB 2.0 headers', '1 x COM header (RS-232/422/485 & RI/5V/12V)', '1 x COM header (RS-232/422/485)', '2 x COM headers (RS-232)', '1 x Backlight Control header', '1 x AT/ATX mode select jumper', '1 x GPIO (8 bits) & SMBus header', '1 x Buzzer header'], 'Rear l/O': ['1 x Headphone Jack', '2 x HDMI', '2 x RJ45 LAN Ports', '4 x USB 3.2 Gen 1'], 'OS Compatibility': ['Windows 10 (x64)'], 'Operating Properties': ['Operating temperature: 0°C to +60°C', 'Operating humidity: 0-90% (non-condensing)', 'Non-operating temperature: -40°C to +85°C', 'Non-operating humidity: 0%-95% (non-condensing)'], 'Packing Content': ['Carton size: 465 x 351 x 217 (mm)', 'Packing Capacity: 10pcs', 'Single Box size: 221 x 178 x 65 (mm)', 'Single Box weight: Approx. 0.5kg', 'Including:', 'SATA power Cable x 1 (P/N: 25CRI-200B02-K1R)'], 'Order Information': ['9MEHLJASMR-SI (Box Packing)'], 'Optional Kit': ['Fanless Heatsink P/N: 25ST1-12311B-A7R', 'Fansink P/N: 25ST4-1231Z0-A7R', 'Heat spreader P/N: 25ST5-641200-Y0R']}","{'3.5” SubCompact Embedded Motherboard with Intel® Celeron® J6412 Processor, Dual Channel DDR4 memory, 4 x COM, 1 x SATA 6Gb/s, 4 x USB 3.2 Gen 1, 2 x USB 2.0', '1 x COM Port (RS-232/422/485)', '4 x USB 3.2 Gen 1', 'Dual Channel DDR4, 2 x SO-DIMMs', '2 x HDMI, LVDS ports for multiple display', '3.5"" SBC', '2 x GbE LAN Ports', '2 x COM Ports (RS-232)', 'Intel® Celeron® J6412 Processor', '1 x COM Port (RS-232/422/485 & RI/5V/12V)', '1 x SATA 6Gb/s Port'}",https://www.gigaipc.com/upload/catalog_list_pic/QBiP-6412A_6210A_MEHLNAS_A10_Top-510x530px__24D10bUGus.png
QBiP-6210A,Industrial Motherboards,https://www.gigaipc.com/en/products-detail/QBiP-6210A/,"{'Form Factor': ['3.5"" SBC', '146W x 101.7D(mm)'], 'CPU': ['Intel® Celeron® N6210 Processor', '10nm, 2 cores, 2 threads, up to 2.60 GHz', 'TDP 6.5W'], 'Socket': ['1 x FCBGA 1493'], 'Memory': ['2 x DDR4 SO-DIMM sockets, Max. Capacity 32 GB', 'Support Dual Channel DDR4 3200 MHz memory modules'], 'Ethernet': ['2 x GbE LAN Ports (Intel® I210AT)'], 'Video': ['Integrated Graphics Processor -', 'Intel® UHD Graphics for 10th Gen Intel® Processors:', '2 x HDMI 2.0 port, supporting a maximum resolution of 4096x2160 @60Hz', '1 x LVDS port, supporting a maximum resolution of 1920x1200 @60Hz', '(3 independent display outputs)'], 'Audio': ['Realtek® Audio Codec'], 'Storage': ['1 x SATA 6Gb/s Port'], 'Expansion Slots': ['1 x 2280 M.2 M-Key (PCIe x2, SATA 6Gb/s)', '1 x Full-size mini PCIe with SIM slot'], 'Internal I/O': ['1 x 4-pin box power connector (+12V~36VDC)', '1 x SATA Power header', '1 x CPU fan header', '1 x Front panel header', '1 x Front panel audio header', '1 x 2W Speaker out header', '2 x USB 2.0 headers', '1 x COM header (RS-232/422/485 & RI/5V/12V)', '1 x COM header (RS-232/422/485)', '2 x COM headers (RS-232)', '1 x Backlight Control header', '1 x AT/ATX mode select jumper', '1 x GPIO (8 bits) & SMBus header', '1 x Buzzer header'], 'Rear l/O': ['1 x Headphone Jack', '2 x HDMI', '2 x RJ45 LAN Ports', '4 x USB 3.2 Gen 1'], 'OS Compatibility': ['Windows 10 (x64)'], 'Operating Properties': ['Operating temperature: 0°C to +60°C', 'Operating humidity: 0-90% (non-condensing)', 'Non-operating temperature: -40°C to +85°C', 'Non-operating humidity: 0%-95% (non-condensing)'], 'Packing Content': ['Carton size: 465 x 351 x 217 (mm)', 'Packing Capacity: 10pcs', 'Single Box size: 221 x 178 x 65 (mm)', 'Single Box weight: Approx. 0.5kg', 'Including:', 'SATA power Cable x 1 (P/N: 25CRI-200B02-K1R)'], 'Order Information': ['9MEHLNASMR-SI (Box Packing)'], 'Optional Kit': ['Fanless Heatsink P/N: 25ST1-12311B-A7R', 'Fansink P/N: 25ST4-1231Z0-A7R', 'Heat spreader P/N: 25ST5-641200-Y0R']}","{'1 x COM Port (RS-232/422/485)', '3.5” SubCompact Embedded Motherboard with Intel® Celeron® N6210 Processor, Dual Channel DDR4 memory, 4 x COM, 1 x SATA 6Gb/s, 4 x USB 3.2 Gen 1, 2 x USB 2.0', '4 x USB 3.2 Gen 1', 'Dual Channel DDR4, 2 x SO-DIMMs', '2 x HDMI, LVDS ports for multiple display', '3.5"" SBC', '2 x GbE LAN Ports', '2 x COM Ports (RS-232)', '1 x COM Port (RS-232/422/485 & RI/5V/12V)', 'Intel® Celeron® N6210 Processor', '1 x SATA 6Gb/s Port'}",https://www.gigaipc.com/upload/catalog_list_pic/QBiP-6412A_6210A_MEHLNAS_A10_Top-510x530px__24B06ymMif.png
QBiP-8665A,Industrial Motherboards,https://www.gigaipc.com/en/products-detail/QBiP-8665A/,"{'Form Factor': ['3.5"" SBC', '146W x 101.7D(mm)'], 'CPU': ['Intel® Core™ i7-8665UE Processor', '14nm, 4 cores, 8 threads, up to 4.40 GHz', 'vPro support, TDP 15W', '8 MB Smart Cache'], 'Socket': ['1 x FCBGA1528'], 'Memory': ['2 x DDR4 SO-DIMM sockets, Max. Capacity 64 GB', 'Support Dual Channel DDR4 2400 MHz memory modules'], 'Ethernet': ['2 x GbE LAN Ports (Intel® I219LM and Intel® I211AT)'], 'Video': ['Integrated Graphics Processor - Intel® UHD Graphics 620:', '2 x HDMI 1.4 ports, supporting a maximum resolution of 4096x2304 @24Hz', '1 x LVDS port, supporting a maximum resolution of 1920x1080 @60Hz', '(3 independent display outputs)'], 'Audio': ['Realtek® Audio Codec'], 'Storage': ['2 x SATA 6Gb/s Ports (SATA RAID 0/1/5)'], 'Expansion Slots': ['1 x 2280 M.2 M-Key (PCIe x4, SATA 6Gb/s)', '1 x 2230 M.2 E-Key', '1 x Full-size Mini PCIe with SIM slot (PCIe x1 + USB2.0) -- support 3G/4G module'], 'Internal I/O': ['1 x 4-pin box power connector (DC in +9V~36VDC) (+48VDC for Optional)', '2 x SATA Power headers', '1 x CPU fan header', '1 x System fan header', '1 x Front panel header', '1 x Front panel audio header', '1 x 2W Speaker out header', '2 x USB 2.0 headers', '3 x COM headers (RS-232)', '1 x Backlight Control header', '1 x AT/ATX mode select jumper', '1 x GPIO (8-bits) & SMBus header'], 'Rear l/O': ['1 x COM Port (RS-232/422/485 & RI/5V/12V)', '2 x HDMI', '2 x RJ45 LAN Ports', '4 x USB 3.2 Gen 2x1'], 'TPM': ['1 x TPM header'], 'OS Compatibility': ['Windows 10 (x64)'], 'Operating Properties': ['Operating temperature: 0°C to +60°C', 'Operating humidity: 0-90% (non-condensing)', 'Non-operating temperature: -40°C to +85°C', 'Non-operating humidity: 0%-95% (non-condensing)'], 'Packing Content': ['Carton size: 465 x 351 x 217 (mm)', 'Packing Capacity: 10pcs', 'Single Box size: 221 x 178 x 65 (mm)', 'Single Box weight: Approx. 0.4kg', 'Including:', 'SATA power Cable x 1 (P/N: 25CRI-200B02-K1R)'], 'Order Information': ['9MWHLUDSMR-SI (Box Packing)'], 'Optional Kit': ['Fanless Heatsink P/N: 25ST1-153108-A7R', 'Fansink P/N: 25ST4-113100-A7R', 'Heat spreader P/N: 25ST5-8265A0-A8R', 'TPM 2.0 module P/N: 9CTM000NR-00', 'TPM Cable P/N: 25CRZ-100600-S9R']}","{'Ultra-Fast M.2 with PCIe Gen3 x4 interface', '3.5” SubCompact Board with 8th Generation Intel® Core™ i7-8665UE Processor, Dual Channel DDR4 memory, 4 x COM, 2 x SATA 6Gb/s, 4 x USB 3.2 Gen 2x1, 2 x USB 2.0', '3 x COM Ports (RS-232)', 'Dual Channel DDR4, 2 x SO-DIMMs', '2 x SATA 6Gb/s Ports', '2 x HDMI, LVDS ports for multiple display', '3.5"" SBC', '2 x GbE LAN Ports', '4 x USB 3.2 Gen 2x1', 'Intel® Core™ i7-8665UE Processor', '1 x COM Port (RS-232/422/485 & RI/5V/12V)'}",https://www.gigaipc.com/upload/catalog_list_pic/QBiP-8665A_8365A_A20_MWHLUAS_Top_510x530px__24B06Uz6LM.png
QBiP-8365A,Industrial Motherboards,https://www.gigaipc.com/en/products-detail/QBiP-8365A/,"{'Form Factor': ['3.5"" SBC', '146W x 101.7D(mm)'], 'CPU': ['Intel® Core™ i5-8365UE Processor', '14nm, 4 cores, 8 threads, up to 4.10 GHz', 'vPro support, TDP 15W', '6 MB Smart Cache'], 'Socket': ['1 x FCBGA1528'], 'Memory': ['2 x DDR4 SO-DIMM sockets, Max. Capacity 64 GB', 'Support Dual Channel DDR4 2400 MHz memory modules'], 'Ethernet': ['2 x GbE LAN Ports (Intel® I219LM and Intel® I211AT)'], 'Video': ['Integrated Graphics Processor - Intel® UHD Graphics 620:', '2 x HDMI 1.4 ports, supporting a maximum resolution of 4096x2304 @24Hz', '1 x LVDS port, supporting a maximum resolution of 1920x1080 @60Hz', '(3 independent display outputs)'], 'Audio': ['Realtek® Audio Codec'], 'Storage': ['2 x SATA 6Gb/s Ports (SATA RAID 0/1/5)'], 'Expansion Slots': ['1 x 2280 M.2 M-Key (PCIe x4, SATA 6Gb/s)', '1 x 2230 M.2 E-Key', '1 x Full-size Mini PCIe with SIM slot (PCIe x1 + USB2.0) -- support 3G/4G module'], 'Internal I/O': ['1 x 4-pin box power connector (DC in +9V~36VDC) (+48VDC for Optional)', '2 x SATA Power headers', '1 x CPU fan header', '1 x System fan header', '1 x Front panel header', '1 x Front panel audio header', '1 x 2W Speaker out header', '2 x USB 2.0 headers', '3 x COM headers (RS-232)', '1 x Backlight Control header', '1 x AT/ATX mode select jumper', '1 x GPIO (8-bits) & SMBus header'], 'Rear l/O': ['1 x COM Port (RS-232/422/485 & RI/5V/12V)', '2 x HDMI', '2 x RJ45 LAN Ports', '4 x USB 3.2 Gen 2x1'], 'TPM': ['1 x TPM header'], 'OS Compatibility': ['Windows 10 (x64)'], 'Operating Properties': ['Operating temperature: 0°C to +60°C', 'Operating humidity: 0-90% (non-condensing)', 'Non-operating temperature: -40°C to +85°C', 'Non-operating humidity: 0%-95% (non-condensing)'], 'Packing Content': ['Carton size: 465 x 351 x 217 (mm)', 'Packing Capacity: 10pcs', 'Single Box size: 221 x 178 x 65 (mm)', 'Single Box weight: Approx. 0.4kg', 'Including:', 'SATA power Cable x 1 (P/N: 25CRI-200B02-K1R)'], 'Order Information': ['9MWHLUESMR-SI (Box Packing)'], 'Optional Kit': ['Fanless Heatsink P/N: 25ST1-153108-A7R', 'Fansink P/N: 25ST4-113100-A7R', 'Heat spreader P/N: 25ST5-8265A0-A8R', 'TPM 2.0 module P/N: 9CTM000NR-00', 'TPM Cable P/N: 25CRZ-100600-S9R']}","{'Ultra-Fast M.2 with PCIe Gen3 x4 interface', '3 x COM Ports (RS-232)', 'Dual Channel DDR4, 2 x SO-DIMMs', '2 x SATA 6Gb/s Ports', 'Intel® Core™ i5-8365UE Processor', '3.5"" SBC', '2 x GbE LAN Ports', '2 x HDMI, LVDS ports for multiple display', '4 x USB 3.2 Gen 2x1', '3.5” SubCompact Board with 8th Generation Intel® Core™ i5-8365UE Processor, Dual Channel DDR4 memory, 4 x COM, 2 x SATA 6Gb/s, 4 x USB 3.2 Gen 2x1, 2 x USB 2.0', '1 x COM Port (RS-232/422/485 & RI/5V/12V)'}",https://www.gigaipc.com/upload/catalog_list_pic/QBiP-8665A_8365A_A20_MWHLUAS_Top_510x530px__24B063lq3T.png
QBiP-1165G7A,Industrial Motherboards,https://www.gigaipc.com/en/products-detail/QBiP-1165G7A/,"{'Form Factor': ['3.5"" SBC', '146W x 101.7D(mm)'], 'CPU': ['Intel® Core™ i7-1165G7 Processor', '10nm SuperFin, 4 cores, 8 threads, up to 4.7 GHz', 'TDP 28W', '12 MB Smart Cache'], 'Socket': ['1 x FCBGA1449'], 'Memory': ['2 x DDR4 SO-DIMM sockets, Max. Capacity 64 GB', 'Support Dual Channel DDR4 3200 MHz memory modules'], 'Ethernet': ['2 x GbE LAN Ports (Intel® I219V and Intel® I211AT)'], 'Video': ['Integrated Graphics Processor - Intel® Iris® Xᵉ Graphics:', '2 x HDMI 2.0 ports, supporting a maximum resolution of 4096x2160 @60Hz', '2 x DP 1.4 ports, supporting a maximum resolution of 7680x4320 @30Hz', '1 x DP 1.4 through USB type C (8k), supporting a maximum resolution of 7680x4320 @30Hz', '1 x eDP port, supporting a maximum resolution of 4096x2304 @60Hz', '(4 independent display outputs)'], 'Audio': ['Realtek® Audio Codec'], 'Storage': ['1 x SATA 6Gb/s Port (SATA RAID 0/1)'], 'Expansion Slots': ['1 x 2280 M.2 M-Key (PCIe x2, SATA 6Gb/s)', '1 x 2230 M.2 E-Key', '1 x 3052 M.2 B-Key with SIM Slot (Support 5G)', '1 x PCIe x4 (Board to Wire connector)'], 'Internal I/O': ['1 x 4-pin box power connector (DC in +12V~24VDC)', '1 x SATA Power header', '1 x CPU fan header', '1 x Front panel header', '1 x Front panel audio header', '1 x 2W Speaker out header', '4 x USB 2.0 headers', '1 x COM header (RS-232 & RI/5V/12V)', '1 x eDP power header'], 'Rear l/O': ['1 x USB type C (USB 3.2 Gen 2x1 + DP output-share with DP) & PD Out -100W', '1 x USB type C (USB 3.2 Gen 2x1, PD input-100W)', '4 x USB 3.2 Gen 2x1', '2 x HDMI', '2 x DP', '2 x RJ45 LAN Ports'], 'TPM': ['1 x TPM header'], 'OS Compatibility': ['Windows 10/11 (x64)'], 'Operating Properties': ['Operating temperature: 0°C to +60°C', 'Operating humidity: 0-90% (non-condensing)', 'Non-operating temperature: -40°C to +85°C', 'Non-operating humidity: 0%-95% (non-condensing)'], 'Packing Content': ['Carton size: 465 x 351 x 217 (mm)', 'Packing Capacity: 10pcs', 'Single Box size: 221 x 178 x 65 (mm)', 'Single Box weight: Approx. 0.4kg', 'Including:', 'SATA power Cable x 1 (P/N: 25CRI-200B02-K1R)'], 'Order Information': ['9MTGU7ASMR-SI (Box Packing)'], 'Optional Kit': ['Fanless Heatsink P/N: 25ST1-1Z3101-AFR', 'Fansink P/N: 25ST4-113101-A7R', 'Heat spreader P/N: 25ST5-111500-Y0R', 'TPM 2.0 module P/N: 9CTM010NR-00', 'TPM Cable P/N: 25CRZ-100600-S9R']}","{'3.5” SubCompact Board with 11th Generation Intel® Core™ i7-1165G7 Processor, Dual Channel DDR4 memory, 1 x COM, 1 x SATA 6Gb/s, 4 x USB 3.2 Type A Gen 2x1, 2 x USB 3.2 Type C Gen 2x1, 4 x USB 2.0', '2 x USB 3.2 Type C Gen 2x1', 'Intel® Core™ i7-1165G7 Processor', 'Dual Channel DDR4, 2 x SO-DIMMs', '3.5"" SBC', '2 x GbE LAN Ports', '4 x USB 3.2 Type A Gen 2x1', '1 x COM Port (RS-232 & RI/5V/12V)', '2 x HDMI, 2 x DP, eDP ports for multiple display', 'Ultra-Fast M.2 with PCIe Gen3 x2 interface', '1 x SATA 6Gb/s Port'}",https://www.gigaipc.com/upload/catalog_list_pic/QBiP-1165G7A_1135G7A_1115G4EA-A10-Top-510x530px__24B064YGUw.png
QBiP-1135G7A,Industrial Motherboards,https://www.gigaipc.com/en/products-detail/QBiP-1135G7A/,"{'Form Factor': ['3.5"" SBC', '146W x 101.7D(mm)'], 'CPU': ['Intel® Core™ i5-1135G7 Processor', '10nm SuperFin, 4 cores, 8 threads, up to 4.2 GHz', 'TDP 28W', '8 MB Smart Cache'], 'Socket': ['1 x FCBGA1449'], 'Memory': ['2 x DDR4 SO-DIMM sockets, Max. Capacity 64 GB', 'Support Dual Channel DDR4 3200 MHz memory modules'], 'Ethernet': ['2 x GbE LAN Ports (Intel® I219V and Intel® I211AT)'], 'Video': ['Integrated Graphics Processor - Intel® Iris® Xᵉ Graphics:', '2 x HDMI 2.0 ports, supporting a maximum resolution of 4096x2160 @60Hz', '2 x DP 1.4 ports, supporting a maximum resolution of 7680x4320 @30Hz', '1 x DP 1.4 through USB type C (8k), supporting a maximum resolution of 7680x4320 @30Hz', '1 x eDP port, supporting a maximum resolution of 4096x2304 @60Hz', '(4 independent display outputs)'], 'Audio': ['Realtek® Audio Codec'], 'Storage': ['1 x SATA 6Gb/s Port (SATA RAID 0/1)'], 'Expansion Slots': ['1 x 2280 M.2 M-Key (PCIe x2, SATA 6Gb/s)', '1 x 2230 M.2 E-Key', '1 x 3052 M.2 B-Key with SIM Slot (Support 5G)', '1 x PCIe x4 (Board to Wire connector)'], 'Internal I/O': ['1 x 4-pin box power connector (DC in +12V~24VDC)', '1 x SATA Power header', '1 x CPU fan header', '1 x Front panel header', '1 x Front panel audio header', '1 x 2W Speaker out header', '4 x USB 2.0 headers', '1 x COM header (RS-232 & RI/5V/12V)', '1 x eDP power header'], 'Rear l/O': ['1 x USB type C (USB 3.2 Gen 2x1 + DP output-share with DP) & PD Out -100W', '1 x USB type C (USB 3.2 Gen 2x1, PD input-100W)', '4 x USB 3.2 Gen 2x1', '2 x HDMI', '2 x DP', '2 x RJ45 LAN Ports'], 'TPM': ['1 x TPM header'], 'OS Compatibility': ['Windows 10/11 (x64)'], 'Operating Properties': ['Operating temperature: 0°C to +60°C', 'Operating humidity: 0-90% (non-condensing)', 'Non-operating temperature: -40°C to +85°C', 'Non-operating humidity: 0%-95% (non-condensing)'], 'Packing Content': ['Carton size: 465 x 351 x 217 (mm)', 'Packing Capacity: 10pcs', 'Single Box size: 221 x 178 x 65 (mm)', 'Single Box weight: Approx. 0.4kg', 'Including:', 'SATA power Cable x 1 (P/N: 25CRI-200B02-K1R)'], 'Order Information': ['9MTGU5ASMR-SI (Box Packing)'], 'Optional Kit': ['Fanless Heatsink P/N: 25ST1-1Z3101-AFR', 'Fansink P/N: 25ST4-113101-A7R', 'Heat spreader P/N: 25ST5-111500-Y0R', 'TPM 2.0 module P/N: 9CTM010NR-00', 'TPM Cable P/N: 25CRZ-100600-S9R']}","{'3.5” SubCompact Board with 11th Generation Intel® Core™ i5-1135G7 Processor, Dual Channel DDR4 memory, 1 x COM, 1 x SATA 6Gb/s, 4 x USB 3.2 Type A Gen 2x1, 2 x USB 3.2 Type C Gen 2x1, 4 x USB 2.0', '2 x USB 3.2 Type C Gen 2x1', 'Intel® Core™ i5-1135G7 Processor', 'Dual Channel DDR4, 2 x SO-DIMMs', '3.5"" SBC', '2 x GbE LAN Ports', '4 x USB 3.2 Type A Gen 2x1', '1 x COM Port (RS-232 & RI/5V/12V)', '2 x HDMI, 2 x DP, eDP ports for multiple display', 'Ultra-Fast M.2 with PCIe Gen3 x2 interface', '1 x SATA 6Gb/s Port'}",https://www.gigaipc.com/upload/catalog_list_pic/QBiP-1165G7A_1135G7A_1115G4EA-A10-Top-510x530px__24B06RCsTY.png
QBiP-1115G4EA,Industrial Motherboards,https://www.gigaipc.com/en/products-detail/QBiP-1115G4EA/,"{'Form Factor': ['3.5"" SBC', '146W x 101.7D(mm)'], 'CPU': ['Intel® Core™ i3-1115G4E Processor', '10nm SuperFin, 2 cores, 4 threads, up to 3.90 GHz', 'TDP 28W', '6 MB Smart Cache'], 'Socket': ['1 x FCBGA1449'], 'Memory': ['2 x DDR4 SO-DIMM sockets, Max. Capacity 64 GB', 'Support Dual Channel DDR4 3200 MHz memory modules'], 'Ethernet': ['2 x GbE LAN Ports (Intel® I219V and Intel® I211AT)'], 'Video': ['Integrated Graphics Processor - Intel® UHD Graphics:', '2 x HDMI 2.0 ports, supporting a maximum resolution of 4096x2160 @60Hz', '2 x DP 1.4 ports, supporting a maximum resolution of 7680x4320 @30Hz', '1 x DP 1.4 through USB type C (8k), supporting a maximum resolution of 7680x4320 @30Hz', '1 x eDP port, supporting a maximum resolution of 4096x2304 @60Hz', '(4 independent display outputs)'], 'Audio': ['Realtek® Audio Codec'], 'Storage': ['1 x SATA 6Gb/s Port (SATA RAID 0/1)'], 'Expansion Slots': ['1 x 2280 M.2 M-Key (PCIe x2, SATA 6Gb/s)', '1 x 2230 M.2 E-Key', '1 x 3052 M.2 B-Key with SIM Slot (Support 5G)', '1 x PCIe x4 (Board to Wire connector)'], 'Internal I/O': ['1 x 4-pin box power connector (DC in +12V~24VDC)', '1 x SATA Power header', '1 x CPU fan header', '1 x Front panel header', '1 x Front panel audio header', '1 x 2W Speaker out header', '4 x USB 2.0 headers', '1 x COM header (RS-232 & RI/5V/12V)', '1 x eDP power header'], 'Rear l/O': ['1 x USB type C (USB 3.2 Gen 2x1 + DP output-share with DP) & PD Out -100W', '1 x USB type C (USB 3.2 Gen 2x1, PD input-100W)', '4 x USB 3.2 Gen 2x1', '2 x HDMI', '2 x DP', '2 x RJ45 LAN Ports'], 'TPM': ['1 x TPM header'], 'OS Compatibility': ['Windows 10/11 (x64)'], 'Operating Properties': ['Operating temperature: 0°C to +60°C', 'Operating humidity: 0-90% (non-condensing)', 'Non-operating temperature: -40°C to +85°C', 'Non-operating humidity: 0%-95% (non-condensing)'], 'Packing Content': ['Carton size: 465 x 351 x 217 (mm)', 'Packing Capacity: 10pcs', 'Single Box size: 221 x 178 x 65 (mm)', 'Single Box weight: Approx. 0.4kg', 'Including:', 'SATA power Cable x 1 (P/N: 25CRI-200B02-K1R)'], 'Order Information': ['9MTGU3ASMR-SI (Box Packing)'], 'Optional Kit': ['Fanless Heatsink P/N: 25ST1-1Z3101-AFR', 'Fansink P/N: 25ST4-113101-A7R', 'Heat spreader P/N: 25ST5-111500-Y0R', 'TPM 2.0 module P/N: 9CTM010NR-00', 'TPM Cable P/N: 25CRZ-100600-S9R']}","{'3.5” SubCompact Board with 11th Generation Intel® Core™ i3-1115G4E Processor, Dual Channel DDR4 memory, 1 x COM, 1 x SATA 6Gb/s, 4 x USB 3.2 Type A Gen 2x1, 2 x USB 3.2 Type C Gen 2x1, 4 x USB 2.0', '2 x USB 3.2 Type C Gen 2x1', 'Intel® Core™ i3-1115G4E Processor', 'Dual Channel DDR4, 2 x SO-DIMMs', '3.5"" SBC', '2 x GbE LAN Ports', '4 x USB 3.2 Type A Gen 2x1', '1 x COM Port (RS-232 & RI/5V/12V)', '2 x HDMI, 2 x DP, eDP ports for multiple display', 'Ultra-Fast M.2 with PCIe Gen3 x2 interface', '1 x SATA 6Gb/s Port'}",https://www.gigaipc.com/upload/catalog_list_pic/QBiP-1165G7A_1135G7A_1115G4EA-A10-Top-510x530px__24B06zJMaJ.png
QBiP-1165G7B,Industrial Motherboards,https://www.gigaipc.com/en/products-detail/QBiP-1165G7B/,"{'Form Factor': ['3.5"" SBC', '146W x 101.7D(mm)'], 'CPU': ['Intel® Core™ i7-1165G7 Processor', '10nm SuperFin, 4 cores, 8 threads, up to 4.7 GHz', 'TDP 28W', '12 MB Smart Cache'], 'Socket': ['1 x FCBGA1449'], 'Memory': ['2 x DDR4 SO-DIMM sockets, Max. Capacity 64 GB', 'Support Dual Channel DDR4 3200 MHz memory modules'], 'Ethernet': ['2 x GbE LAN Ports (Intel® I219V and Intel® I211AT)'], 'Video': ['Integrated Graphics Processor - Intel® Iris® Xᵉ Graphics:', '2 x HDMI 2.0 ports, supporting a maximum resolution of 4096x2160 @60Hz', '1 x LVDS port, supporting a maximum resolution of 1920x1200 @60Hz', '(3 independent display outputs)'], 'Audio': ['Realtek® Audio Codec'], 'Storage': ['1 x SATA 6Gb/s Port (SATA RAID 0/1)'], 'Expansion Slots': ['1 x 2280 M.2 M-Key (PCIe x2, SATA 6Gb/s)', '1 x 2230 M.2 E-Key', '1 x Full-size Mini PCIe with SIM slot', '1 x PCIe x1 (Board to Wire connector, PCIe Gen3 x1)'], 'Internal I/O': ['1 x 4-pin box power connector (DC in +9V~48VDC)', '1 x SATA Power header', '1 x CPU fan header', '1 x System fan header', '1 x Front panel header', '1 x Front panel audio header', '1 x 2W Speaker out header', '4 x USB 2.0 headers', '3 x COM headers (RS-232/422/485)', '1 x Backlight Control header', '1 x AT/ATX mode select jumper', '1 x GPIO (8-bits) & SMBus header', '1 x SPI header'], 'Rear l/O': ['1 x COM Port (RS-232/422/485 & RI/5V/12V)', '2 x HDMI', '2 x RJ45 LAN Ports', '4 x USB 3.2 Gen 2x1'], 'TPM': ['1 x TPM header'], 'OS Compatibility': ['Windows 10/11 (x64)'], 'Operating Properties': ['Operating temperature: 0°C to +60°C', 'Operating humidity: 0-90% (non-condensing)', 'Non-operating temperature: -40°C to +85°C', 'Non-operating humidity: 0%-95% (non-condensing)'], 'Packing Content': ['Carton size: 465 x 351 x 217 (mm)', 'Packing Capacity: 10pcs', 'Single Box size: 221 x 178 x 65 (mm)', 'Single Box weight: Approx. 0.4kg', 'Including:', 'SATA power Cable x 1 (P/N: 25CRI-200B02-K1R)'], 'Order Information': ['9MTGU7BSMR-SI (Box Packing)'], 'Optional Kit': ['Fanless Heatsink P/N: 25ST1-1Z3101-AFR', 'Fansink P/N: 25ST4-113101-A7R', 'Heat spreader P/N: 25ST5-111500-Y0R', 'TPM 2.0 module P/N: 9CTM010NR-00', 'TPM Cable P/N: 25CRZ-100600-S9R']}","{'Intel® Core™ i7-1165G7 Processor', '4 x USB 3.2 Gen 2x1', 'Dual Channel DDR4, 2 x SO-DIMMs', '2 x HDMI, LVDS ports for multiple display', '3.5"" SBC', '2 x GbE LAN Ports', '3 x COM Ports (RS-232/422/485)', '1 x COM Port (RS-232/422/485 & RI/5V/12V)', '3.5” SubCompact Board with 11th Generation Intel® Core™ i7-1165G7 Processor, Dual Channel DDR4 memory, 4 x COM, 1 x SATA 6Gb/s, 4 x USB 3.2 Gen 2x1, 4 x USB 2.0', 'Ultra-Fast M.2 with PCIe Gen3 x2 interface', '1 x SATA 6Gb/s Port'}",https://www.gigaipc.com/upload/catalog_list_pic/QBiP-1165G7B_1135G7B_1115G4EB-A10-Top-510x530px__24B06ahjLl.png
QBiP-1135G7B,Industrial Motherboards,https://www.gigaipc.com/en/products-detail/QBiP-1135G7B/,"{'Form Factor': ['3.5"" SBC', '146W x 101.7D(mm)'], 'CPU': ['Intel® Core™ i5-1135G7 Processor', '10nm SuperFin, 4 cores, 8 threads, up to 4.2 GHz', 'TDP 28W', '8 MB Smart Cache'], 'Socket': ['1 x FCBGA1449'], 'Memory': ['2 x DDR4 SO-DIMM sockets, Max. Capacity 64 GB', 'Support Dual Channel DDR4 3200 MHz memory modules'], 'Ethernet': ['2 x GbE LAN Ports (Intel® I219V and Intel® I211AT)'], 'Video': ['Integrated Graphics Processor - Intel® Iris® Xᵉ Graphics:', '2 x HDMI 2.0 ports, supporting a maximum resolution of 4096x2160 @60Hz', '1 x LVDS port, supporting a maximum resolution of 1920x1200 @60Hz', '(3 independent display outputs)'], 'Audio': ['Realtek® Audio Codec'], 'Storage': ['1 x SATA 6Gb/s Port (SATA RAID 0/1)'], 'Expansion Slots': ['1 x 2280 M.2 M-Key (PCIe x2, SATA 6Gb/s)', '1 x 2230 M.2 E-Key', '1 x Full-size Mini PCIe with SIM slot', '1 x PCIe x1 (Board to Wire connector, PCIe Gen3 x1)'], 'Internal I/O': ['1 x 4-pin box power connector (DC in +9V~48VDC)', '1 x SATA Power header', '1 x CPU fan header', '1 x System fan header', '1 x Front panel header', '1 x Front panel audio header', '1 x 2W Speaker out header', '4 x USB 2.0 headers', '3 x COM headers (RS-232/422/485)', '1 x Backlight Control header', '1 x AT/ATX mode select jumper', '1 x GPIO (8-bits) & SMBus header', '1 x SPI header'], 'Rear l/O': ['1 x COM Port (RS-232/422/485 & RI/5V/12V)', '2 x HDMI', '2 x RJ45 LAN Ports', '4 x USB 3.2 Gen 2x1'], 'TPM': ['1 x TPM header'], 'OS Compatibility': ['Windows 10/11 (x64)'], 'Operating Properties': ['Operating temperature: 0°C to +60°C', 'Operating humidity: 0-90% (non-condensing)', 'Non-operating temperature: -40°C to +85°C', 'Non-operating humidity: 0%-95% (non-condensing)'], 'Packing Content': ['Carton size: 465 x 351 x 217 (mm)', 'Packing Capacity: 10pcs', 'Single Box size: 221 x 178 x 65 (mm)', 'Single Box weight: Approx. 0.4kg', 'Including:', 'SATA power Cable x 1 (P/N: 25CRI-200B02-K1R)'], 'Order Information': ['9MTGU5BSMR-SI (Box Packing)'], 'Optional Kit': ['Fanless Heatsink P/N: 25ST1-1Z3101-AFR', 'Fansink P/N: 25ST4-113101-A7R', 'Heat spreader P/N: 25ST5-111500-Y0R', 'TPM 2.0 module P/N: 9CTM010NR-00', 'TPM Cable P/N: 25CRZ-100600-S9R']}","{'3.5” SubCompact Board with 11th Generation Intel® Core™ i5-1135G7 Processor, Dual Channel DDR4 memory, 4 x COM, 1 x SATA 6Gb/s, 4 x USB 3.2 Gen 2x1, 4 x USB 2.0', 'Intel® Core™ i5-1135G7 Processor', '4 x USB 3.2 Gen 2x1', 'Dual Channel DDR4, 2 x SO-DIMMs', '2 x HDMI, LVDS ports for multiple display', '3.5"" SBC', '2 x GbE LAN Ports', '3 x COM Ports (RS-232/422/485)', '1 x COM Port (RS-232/422/485 & RI/5V/12V)', 'Ultra-Fast M.2 with PCIe Gen3 x2 interface', '1 x SATA 6Gb/s Port'}",https://www.gigaipc.com/upload/catalog_list_pic/QBiP-1165G7B_1135G7B_1115G4EB-A10-Top-510x530px__24B066KL1V.png
QBiP-1115G4EB,Industrial Motherboards,https://www.gigaipc.com/en/products-detail/QBiP-1115G4EB/,"{'Form Factor': ['3.5"" SBC', '146W x 101.7D(mm)'], 'CPU': ['Intel® Core™ i3-1115G4E Processor', '10nm SuperFin, 2 cores, 4 threads, up to 3.90 GHz', 'TDP 28W', '6 MB Smart Cache'], 'Socket': ['1 x FCBGA1449'], 'Memory': ['2 x DDR4 SO-DIMM sockets, Max. Capacity 64 GB', 'Support Dual Channel DDR4 3200 MHz memory modules'], 'Ethernet': ['2 x GbE LAN Ports (Intel® I219V and Intel® I211AT)'], 'Video': ['Integrated Graphics Processor - Intel® UHD Graphics:', '2 x HDMI 2.0 ports, supporting a maximum resolution of 4096x2160 @60Hz', '1 x LVDS port, supporting a maximum resolution of 1920x1200 @60Hz', '(3 independent display outputs)'], 'Audio': ['Realtek® Audio Codec'], 'Storage': ['1 x SATA 6Gb/s Port (SATA RAID 0/1)'], 'Expansion Slots': ['1 x 2280 M.2 M-Key (PCIe x2, SATA 6Gb/s)', '1 x 2230 M.2 E-Key', '1 x Full-size Mini PCIe with SIM slot', '1 x PCIe x1 (Board to Wire connector, PCIe Gen3 x1)'], 'Internal I/O': ['1 x 4-pin box power connector (DC in +9V~48VDC)', '1 x SATA Power header', '1 x CPU fan header', '1 x System fan header', '1 x Front panel header', '1 x Front panel audio header', '1 x 2W Speaker out header', '4 x USB 2.0 headers', '3 x COM headers (RS-232/422/485)', '1 x Backlight Control header', '1 x AT/ATX mode select jumper', '1 x GPIO (8-bits) & SMBus header', '1 x SPI header'], 'Rear l/O': ['1 x COM Port (RS-232/422/485 & RI/5V/12V)', '2 x HDMI', '2 x RJ45 LAN Ports', '4 x USB 3.2 Gen 2x1'], 'TPM': ['1 x TPM header'], 'OS Compatibility': ['Windows 10/11 (x64)'], 'Operating Properties': ['Operating temperature: 0°C to +60°C', 'Operating humidity: 0-90% (non-condensing)', 'Non-operating temperature: -40°C to +85°C', 'Non-operating humidity: 0%-95% (non-condensing)'], 'Packing Content': ['Carton size: 465 x 351 x 217 (mm)', 'Packing Capacity: 10pcs', 'Single Box size: 221 x 178 x 65 (mm)', 'Single Box weight: Approx. 0.4kg', 'Including:', 'SATA power Cable x 1 (P/N: 25CRI-200B02-K1R)'], 'Order Information': ['9MTGU3BSMR-SI (Box Packing)'], 'Optional Kit': ['Fanless Heatsink P/N: 25ST1-1Z3101-AFR', 'Fansink P/N: 25ST4-113101-A7R', 'Heat spreader P/N: 25ST5-111500-Y0R', 'TPM 2.0 module P/N: 9CTM010NR-00', 'TPM Cable P/N: 25CRZ-100600-S9R']}","{'Intel® Core™ i3-1115G4E Processor', '3.5” SubCompact Board with 11th Generation Intel® Core™ i3-1115G4E Processor, Dual Channel DDR4 memory, 4 x COM, 1 x SATA 6Gb/s, 4 x USB 3.2 Gen 2x1, 4 x USB 2.0', '4 x USB 3.2 Gen 2x1', 'Dual Channel DDR4, 2 x SO-DIMMs', '2 x HDMI, LVDS ports for multiple display', '3.5"" SBC', '2 x GbE LAN Ports', '3 x COM Ports (RS-232/422/485)', '1 x COM Port (RS-232/422/485 & RI/5V/12V)', 'Ultra-Fast M.2 with PCIe Gen3 x2 interface', '1 x SATA 6Gb/s Port'}",https://www.gigaipc.com/upload/catalog_list_pic/QBiP-1165G7B_1135G7B_1115G4EB-A10-Top-510x530px__24B06N9fQ6.png
QBiP-8565A,Industrial Motherboards,https://www.gigaipc.com/en/products-detail/QBiP-8565A/,"{'Form Factor': ['3.5"" SBC', '146W x 101.7D(mm)'], 'CPU': ['Intel® Core™ i7-8565U Processor', '14nm, 4 cores, 8 threads, up to 4.6 GHz', 'TDP 15W', '8 MB Smart Cache'], 'Socket': ['1 x FCBGA 1528'], 'Memory': ['2 x DDR4 SO-DIMM sockets, Max. Capacity 64 GB', 'Support Dual Channel DDR4 2400 MHz memory modules'], 'Ethernet': ['2 x GbE LAN Ports (Intel® I219V and Intel® I211AT)'], 'Video': ['Integrated Graphics Processor - Intel® UHD Graphics 620:', '2 x HDMI 1.4 ports, supporting a maximum resolution of 4096x2304 @24Hz', '1 x LVDS port, supporting a maximum resolution of 1920x1080 @60Hz', '(3 independent display outputs)'], 'Audio': ['Realtek® Audio Codec'], 'Storage': ['2 x SATA 6Gb/s Ports (SATA RAID 0/1/5)'], 'Expansion Slots': ['1 x 2280 M.2 M-Key (PCIe x4, SATA 6Gb/s)', '1 x 2230 M.2 E-Key', '1 x Full-size Mini PCIe with SIM slot (PCIe x1 + USB2.0) -- support 3G/4G module'], 'Internal I/O': ['1 x 4-pin box power connector (DC in +9V~36VDC) (+48VDC for Optional)', '2 x SATA Power headers', '1 x CPU fan header', '1 x System fan header', '1 x Front panel header', '1 x Front panel audio header', '1 x 2W speaker out header', '2 x USB 2.0 headers', '3 x COM headers (RS-232)', '1 x Backlight Control header', '1 x AT/ATX mode select jumper', '1 x GPIO (8-bits) & SMBus header'], 'Rear l/O': ['1 x COM Port (RS-232/422/485 & RI/5V/12V)', '2 x HDMI', '2 x RJ45 LAN Ports', '4 x USB 3.2 Gen 2x1'], 'TPM': ['1 x TPM header'], 'OS Compatibility': ['Windows 10 (x64)'], 'Operating Properties': ['Operating temperature: 0°C to +60°C', 'Operating humidity: 0-90% (non-condensing)', 'Non-operating temperature: -40°C to +85°C', 'Non-operating humidity: 0%-95% (non-condensing)'], 'Packing Content': ['Carton size: 465 x 351 x 217 (mm)', 'Packing Capacity: 10pcs', 'Single Box size: 221 x 178 x 65 (mm)', 'Single Box weight: Approx. 0.4kg', 'Including:', 'SATA power Cable x 1 (P/N: 25CRI-200B02-K1R)'], 'Order Information': ['9MWHLUASMR-SI (Box Packing)'], 'Optional Kit': ['Fanless Heatsink P/N: 25ST1-153108-A7R', 'Fansink P/N: 25ST4-113100-A7R', 'Heat spreader P/N: 25ST5-8265A0-A8R', 'TPM 2.0 module P/N: 9CTM000NR-00', 'TPM Cable P/N: 25CRZ-100600-S9R']}","{'Ultra-Fast M.2 with PCIe Gen3 x4 interface', '3 x COM Ports (RS-232)', 'Dual Channel DDR4, 2 x SO-DIMMs', '2 x SATA 6Gb/s Ports', '2 x HDMI, LVDS ports for multiple display', '3.5"" SBC', 'Intel® Core™ i7-8565U Processor', '2 x GbE LAN Ports', '4 x USB 3.2 Gen 2x1', '3.5” SubCompact Board with 8th Generation Intel® Core™ i7-8565U Processor, Dual Channel DDR4 memory, 4 x COM, 2 x SATA 6Gb/s, 4 x USB 3.2 Gen 2x1, 2 x USB 2.0', '1 x COM Port (RS-232/422/485 & RI/5V/12V)'}",https://www.gigaipc.com/upload/catalog_list_pic/QBiP-8565A-8265A_8145A_A20_MWHLUAS_Top_510x530px__24B06tRlXg.png
QBiP-8265A,Industrial Motherboards,https://www.gigaipc.com/en/products-detail/QBiP-8265A/,"{'Form Factor': ['3.5"" SBC', '146W x 101.7D(mm)'], 'CPU': ['Intel® Core™ i5-8265U Processor', '14nm, 4 cores, 8 threads, up to 3.9 GHz', 'TDP 15W', '6 MB Smart Cache'], 'Socket': ['1 x FCBGA 1528'], 'Memory': ['2 x DDR4 SO-DIMM sockets, Max. Capacity 64 GB', 'Support Dual Channel DDR4 2400 MHz memory modules'], 'Ethernet': ['2 x GbE LAN Ports (Intel® I219V and Intel® I211AT)'], 'Video': ['Integrated Graphics Processor - Intel® UHD Graphics 620:', '2 x HDMI 1.4 ports, supporting a maximum resolution of 4096x2304 @24Hz', '1 x LVDS port, supporting a maximum resolution of 1920x1080 @60Hz', '(3 independent display outputs)'], 'Audio': ['Realtek® Audio Codec'], 'Storage': ['2 x SATA 6Gb/s Ports (SATA RAID 0/1/5)'], 'Expansion Slots': ['1 x 2280 M.2 M-Key (PCIe x4, SATA 6Gb/s)', '1 x 2230 M.2 E-Key', '1 x Full-size Mini PCIe with SIM slot (PCIe x1 + USB2.0) -- support 3G/4G module'], 'Internal I/O': ['1 x 4-pin box power connector (DC in +9V~36VDC) (+48VDC for Optional)', '2 x SATA Power headers', '1 x CPU fan header', '1 x System fan header', '1 x Front panel header', '1 x Front panel audio header', '1 x 2W Speaker out header', '2 x USB 2.0 headers', '3 x COM headers (RS-232)', '1 x Backlight Control header', '1 x AT/ATX mode select jumper', '1 x GPIO (8-bits) & SMBus header'], 'Rear l/O': ['1 x COM Port (RS-232/422/485 & RI/5V/12V)', '2 x HDMI', '2 x RJ45 LAN Ports', '4 x USB 3.2 Gen 2x1'], 'TPM': ['1 x TPM header'], 'OS Compatibility': ['Windows 10 (x64)'], 'Operating Properties': ['Operating temperature: 0°C to +60°C', 'Operating humidity: 0-90% (non-condensing)', 'Non-operating temperature: -40°C to +85°C', 'Non-operating humidity: 0%-95% (non-condensing)'], 'Packing Content': ['Carton size: 465 x 351 x 217 (mm)', 'Packing Capacity: 10pcs', 'Single Box size: 221 x 178 x 65 (mm)', 'Single Box weight: Approx. 0.4kg', 'Including:', 'SATA power Cable x 1 (P/N: 25CRI-200B02-K1R)'], 'Order Information': ['9MWHLUBSMR-SI (Box Packing)'], 'Optional Kit': ['Fanless Heatsink P/N: 25ST1-153108-A7R', 'Fansink P/N: 25ST4-113100-A7R', 'Heat spreader P/N: 25ST5-8265A0-A8R', 'TPM 2.0 module P/N: 9CTM000NR-00', 'TPM Cable P/N: 25CRZ-100600-S9R']}","{'Ultra-Fast M.2 with PCIe Gen3 x4 interface', 'Intel® Core™ i5-8265U Processor', '3 x COM Ports (RS-232)', 'Dual Channel DDR4, 2 x SO-DIMMs', '2 x SATA 6Gb/s Ports', '2 x HDMI, LVDS ports for multiple display', '3.5"" SBC', '2 x GbE LAN Ports', '4 x USB 3.2 Gen 2x1', '1 x COM Port (RS-232/422/485 & RI/5V/12V)', '3.5” SubCompact Board with 8th Generation Intel® Core™ i5-8265U Processor, Dual Channel DDR4 memory, 4 x COM , 2 x SATA 6Gb/s, 4 x USB 3.2 Gen 2x1, 2 x USB 2.0'}",https://www.gigaipc.com/upload/catalog_list_pic/QBiP-8565A-8265A_8145A_A20_MWHLUAS_Top_510x530px__24B06vrf0k.png
QBiP-8145A,Industrial Motherboards,https://www.gigaipc.com/en/products-detail/QBiP-8145A/,"{'Form Factor': ['3.5"" SBC', '146W x 101.7D(mm)'], 'CPU': ['Intel® Core™ i3-8145UE Processor', '14nm, 2 cores, 4 threads, up to 3.9 GHz', 'TDP 15W', '4 MB SmartCache'], 'Socket': ['1 x FCBGA 1528'], 'Memory': ['2 x DDR4 SO-DIMM sockets, Max. Capacity 64 GB', 'Support Dual Channel DDR4 2400 MHz memory modules'], 'Ethernet': ['2 x GbE LAN Ports (Intel® I219V and Intel® I211AT)'], 'Video': ['Integrated Graphics Processor - Intel® UHD Graphics 620:', '2 x HDMI 1.4 ports, supporting a maximum resolution of 4096x2304 @24Hz', '1 x LVDS port, supporting a maximum resolution of 1920x1080 @60Hz', '(3 independent display outputs)'], 'Audio': ['Realtek® Audio Codec'], 'Storage': ['2 x SATA 6Gb/s Ports (SATA RAID 0/1/5)'], 'Expansion Slots': ['1 x 2280 M.2 M-Key (PCIe x4, SATA 6Gb/s)', '1 x 2230 M.2 E-Key', '1 x Full-size Mini PCIe with SIM slot (PCIe x1 + USB2.0) -- support 3G/4G module'], 'Internal I/O': ['1 x 4-pin box power connector (DC in +9V~36VDC) (+48VDC for Optional)', '2 x SATA Power headers', '1 x CPU fan header', '1 x System fan header', '1 x Front panel header', '1 x Front panel audio header', '1 x 2W Speaker out header', '2 x USB 2.0 headers', '3 x COM headers (RS-232)', '1 x Backlight Control header', '1 x AT/ATX mode select jumper', '1 x GPIO (8-bits) & SMBus header'], 'Rear l/O': ['1 x COM Port (RS-232/422/485 & RI/5V/12V)', '2 x HDMI', '2 x RJ45 LAN Ports', '4 x USB 3.2 Gen 2x1'], 'TPM': ['1 x TPM header'], 'OS Compatibility': ['Windows 10 (x64)'], 'Operating Properties': ['Operating temperature: 0°C to +60°C', 'Operating humidity: 0-90% (non-condensing)', 'Non-operating temperature: -40°C to +85°C', 'Non-operating humidity: 0%-95% (non-condensing)'], 'Packing Content': ['Carton size: 465 x 351 x 217 (mm)', 'Packing Capacity: 10pcs', 'Single Box size: 221 x 178 x 65 (mm)', 'Single Box weight: Approx. 0.4kg', 'Including:', 'SATA power Cable x 1 (P/N: 25CRI-200B02-K1R)'], 'Order Information': ['9MWHLUCSMR-SI (Box Packing)'], 'Optional Kit': ['Fanless Heatsink P/N: 25ST1-153108-A7R', 'Fansink P/N: 25ST4-113100-A7R', 'Heat spreader P/N: 25ST5-8265A0-A8R', 'TPM 2.0 module P/N: 9CTM000NR-00', 'TPM Cable P/N: 25CRZ-100600-S9R']}","{'Intel® Core™ i3-8145UE Processor', 'Ultra-Fast M.2 with PCIe Gen3 x4 interface', '3.5” SubCompact Board with 8th Generation Intel® Core™ i3-8145UE Processor, Dual Channel DDR4 memory, 4 x COM, 2 x SATA 6Gb/s, 4 x USB 3.2 Gen 2x1, 2 x USB 2.0', '3 x COM Ports (RS-232)', 'Dual Channel DDR4, 2 x SO-DIMMs', '2 x SATA 6Gb/s Ports', '2 x HDMI, LVDS ports for multiple display', '3.5"" SBC', '2 x GbE LAN Ports', '4 x USB 3.2 Gen 2x1', '1 x COM Port (RS-232/422/485 & RI/5V/12V)'}",https://www.gigaipc.com/upload/catalog_list_pic/QBiP-8565A-8265A_8145A_A20_MWHLUAS_Top_510x530px__24B06QTt5x.png
QBiP-7600A,Industrial Motherboards,https://www.gigaipc.com/en/products-detail/QBiP-7600A/,"{'Form Factor': ['3.5"" SBC', '146W x 101.7D(mm)'], 'CPU': ['Intel® Core™ i7-7600U Processor', '14nm, 2 cores, 4 threads, up to 3.9 GHz', 'vPro support, TDP 15W', '3 MB SmartCache'], 'Socket': ['1 x FCBGA 1356'], 'Memory': ['2 x DDR4 SO-DIMM sockets, Max. Capacity 32 GB', 'Support Dual channel DDR4 2133 MHz memory modules'], 'Ethernet': ['2 x GbE LAN Ports (Intel® I219LM and Intel® I211AT)'], 'Video': ['Integrated Graphics Processor - Intel® HD Graphics 620:', '1 x HDMI 2.0 port, supporting a maximum resolution of 4096x2160 @60Hz', '1 x DP port, supporting a maximum resolution of 4096x2160 @60Hz', '1 x LVDS port, supporting a maximum resolution of 1920x1080 @60Hz', '(3 independent display outputs)'], 'Audio': ['Realtek® Audio Codec'], 'Storage': ['2 x SATA 6Gb/s Ports (RAID 0/1/5)'], 'Expansion Slots': ['1 x 2280 M.2 M-Key (PCIe x4, SATA 6Gb/s)', '1 x 2230 M.2 E-Key', '1 x Full-size Mini PCIe with SIM slot (PCIe x1 + USB2.0) -- support 3G/4G module'], 'Internal I/O': ['1 x 4-pin box power connector (+9V~36VDC)', '2 x SATA Power headers', '1 x CPU fan header', '1 x System fan header', '1 x Front panel header', '1 x Front panel audio header', '1 x 2W Speaker out header', '2 x USB 2.0 headers', '3 x COM headers (RS-232)', '1 x Backlight Control header', '1 x AT/ATX mode select jumper', '1 x GPIO (8-bits) & SMBus header'], 'Rear l/O': ['1 x COM Port (RS-232/422/485 & RI/5V/12V)', '1 x HDMI', '1 x Display Port', '2 x RJ45 LAN Ports', '4 x USB 3.2 Gen 1'], 'TPM': ['1 x TPM header'], 'OS Compatibility': ['Windows 10 (x64)'], 'Operating Properties': ['Operating temperature: 0°C to +60°C', 'Operating humidity: 0-90% (non-condensing)', 'Non-operating temperature: -40°C to +85°C', 'Non-operating humidity: 0%-95% (non-condensing)'], 'Packing Content': ['Carton size: 465 x 351 x 217 (mm)', 'Packing Capacity: 10pcs', 'Single Box size: 221 x 178 x 65 (mm)', 'Including:', 'SATA power Cable x 1 (P/N: 25CRI-200B02-K1R)'], 'Order Information': ['9MFLP7BSMR-SI (Box Packing)'], 'Optional Kit': ['Fanless Heatsink P/N: 25ST1-153108-A7R', 'Fansink P/N: 12SF2-01A073-00R', 'Heat spreader P/N: 25ST5-CKAC00-A8R', 'TPM 2.0 module P/N: 9CTM000NR-00', 'TPM Cable P/N: 25CRZ-100600-S9R']}","{'HDMI2.0, Display Port, LVDS ports for multiple display', 'Ultra-Fast M.2 with PCIe Gen3 x4 interface', '3 x COM Ports (RS-232)', 'Dual Channel DDR4, 2 x SO-DIMMs', '2 x SATA 6Gb/s Ports', '3.5"" SBC', '2 x GbE LAN Ports', '3.5” SubCompact Board with 7th Generation Intel® Core™ i7-7600U Processor, Dual Channel DDR4 memory, 4 x COM, 2 x SATA 6Gb/s, 6 x USB', 'Intel® Core™ i7-7600U Processor', '1 x COM Port (RS-232/422/485 & RI/5V/12V)'}",https://www.gigaipc.com/upload/catalog_list_pic/QBiP-7100A_7200A_7600A-top_510x530px__24B06X57L4.png
QBiP-7200A,Industrial Motherboards,https://www.gigaipc.com/en/products-detail/QBiP-7200A/,"{'Form Factor': ['3.5"" SBC', '146W x 101.7D(mm)'], 'CPU': ['Intel® Core™ i5-7200U Processor', '14nm, 2 cores, 4 threads, up to 3.1 GHz', 'TDP 15W', '3 MB SmartCache'], 'Socket': ['1 x FCBGA 1356'], 'Memory': ['2 x DDR4 SO-DIMM sockets, Max. Capacity 32 GB', 'Support Dual channel DDR4 2133 MHz memory modules'], 'Ethernet': ['2 x GbE LAN Ports (Intel® I219V and Intel® I211AT)'], 'Video': ['Integrated Graphics Processor - Intel® HD Graphics 620:', '1 x HDMI 2.0 port, supporting a maximum resolution of 4096x2160 @60Hz', '1 x DP port, supporting a maximum resolution of 4096x2160 @60Hz', '1 x LVDS port, supporting a maximum resolution of 1920x1080 @60Hz', '(3 independent display outputs)'], 'Audio': ['Realtek® Audio Codec'], 'Storage': ['2 x SATA 6Gb/s Ports (RAID 0/1/5)'], 'Expansion Slots': ['1 x 2280 M.2 M-Key (PCIe x4, SATA 6Gb/s)', '1 x 2230 M.2 E-Key', '1 x Full-size Mini PCIe with SIM slot (PCIe x1 + USB2.0) -- support 3G/4G module'], 'Internal I/O': ['1 x 4-pin box power connector (+9V~36VDC)', '2 x SATA Power headers', '1 x CPU fan header', '1 x System fan header', '1 x Front panel header', '1 x Front panel audio header', '1 x 2W Speaker out header', '2 x USB 2.0 headers', '3 x COM headers (RS-232)', '1 x Backlight Control header', '1 x AT/ATX mode select jumper', '1 x GPIO (8-bits) & SMBus header'], 'Rear l/O': ['1 x COM Port (RS-232/422/485 & RI/5V/12V)', '1 x HDMI', '1 x Display Port', '2 x RJ45 LAN Ports', '4 x USB 3.2 Gen 1'], 'TPM': ['1 x TPM header'], 'OS Compatibility': ['Windows 10 (x64)'], 'Operating Properties': ['Operating temperature: 0°C to +60°C', 'Operating humidity: 0-90% (non-condensing)', 'Non-operating temperature: -40°C to +85°C', 'Non-operating humidity: 0%-95% (non-condensing)'], 'Packing Content': ['Carton size: 384 x 251 x 211 (mm)', 'Packing Capacity: 20pcs', 'Single Box size: 168 x 112 x 34 (mm)', 'Single Box weight: Approx. 0.22kg', 'Including:', 'SATA power Cable x 1 (P/N: 25CRI-200B02-K1R)'], 'Order Information': ['9MFLP5ASMR-SI (Box Packing)'], 'Optional Kit': ['Fanless Heatsink P/N: 25ST1-153108-A7R', 'Fansink P/N: 12SF2-01A073-00R', 'Heat spreader P/N: 25ST5-CKAC00-A8R', 'TPM 2.0 module P/N: 9CTM000NR-00', 'TPM Cable P/N: 25CRZ-100600-S9R']}","{'HDMI2.0, Display Port, LVDS ports for multiple display', 'Intel® Optane™ Memory Ready', 'Ultra-Fast M.2 with PCIe Gen3 x4 interface', '3 x COM Ports (RS-232)', 'Dual Channel DDR4, 2 x SO-DIMMs', '2 x SATA 6Gb/s Ports', '3.5"" SBC', '2 x GbE LAN Ports', '3.5” SubCompact Board with 7th Generation Intel® Core™ i5-7200U Processor, Dual Channel DDR4 memory, 4 x COM, 2 x SATA 6Gb/s, 6 x USB', 'Intel® Core™ i5-7200U Processor', '1 x COM Port (RS-232/422/485 & RI/5V/12V)'}",https://www.gigaipc.com/upload/catalog_list_pic/QBiP-7100A_7200A_7600A-top_510x530px__24B06Pt9q9.png
QBiP-7100A,Industrial Motherboards,https://www.gigaipc.com/en/products-detail/QBiP-7100A/,"{'Form Factor': ['3.5"" SBC', '146W x 101.7D(mm)'], 'CPU': ['Intel® Core™ i3-7100U Processor', '14nm, 2 cores, 4 threads, 2.4 GHz', 'TDP 15W', '3 MB SmartCache'], 'Socket': ['1 x FCBGA 1356'], 'Memory': ['2 x DDR4 SO-DIMM sockets, Max. Capacity 32 GB', 'Support Dual channel DDR4 2133 MHz memory modules'], 'Ethernet': ['2 x GbE LAN Ports (Intel® I219V and Intel® I211AT)'], 'Video': ['Integrated Graphics Processor - Intel® HD Graphics 620:', '1 x HDMI 2.0 port, supporting a maximum resolution of 4096x2160 @60Hz', '1 x DP port, supporting a maximum resolution of 4096x2160 @60Hz', '1 x LVDS port, supporting a maximum resolution of 1920x1080 @60Hz', '(3 independent display outputs)'], 'Audio': ['Realtek® Audio Codec'], 'Storage': ['2 x SATA 6Gb/s Ports (RAID 0/1/5)'], 'Expansion Slots': ['1 x 2280 M.2 M-Key (PCIe x4, SATA 6Gb/s)', '1 x 2230 M.2 E-Key', '1 x Full-size Mini PCIe with SIM slot (PCIe x1 + USB2.0) -- support 3G/4G module'], 'Internal I/O': ['1 x 4-pin box power connector (+9V~36VDC)', '2 x SATA Power headers', '1 x CPU fan header', '1 x System fan header', '1 x Front panel header', '1 x Front panel audio header', '1 x 2W Speaker out header', '2 x USB 2.0 headers', '3 x COM headers (RS-232)', '1 x Backlight Control header', '1 x AT/ATX mode select jumper', '1 x GPIO (8-bits) & SMBus header'], 'Rear l/O': ['1 x COM Port (RS-232/422/485 & RI/5V/12V)', '1 x HDMI', '1 x Display Port', '2 x RJ45 LAN Ports', '4 x USB 3.2 Gen 1'], 'TPM': ['1 x TPM header'], 'OS Compatibility': ['Windows 10 (x64)'], 'Operating Properties': ['Operating temperature: 0°C to +60°C', 'Operating humidity: 0-90% (non-condensing)', 'Non-operating temperature: -40°C to +85°C', 'Non-operating humidity: 0%-95% (non-condensing)'], 'Packing Content': ['Carton size: 384 x 251 x 211 (mm)', 'Packing Capacity: 20pcs', 'Single Box size: 168 x 112 x 34 (mm)', 'Single Box weight: Approx. 0.22kg', 'Including:', 'SATA power Cable x 1 (P/N: 25CRI-200B02-K1R)'], 'Order Information': ['9MFLP3ASMR-SI (Box Packing)'], 'Optional Kit': ['Fanless Heatsink P/N: 25ST1-153108-A7R', 'Fansink P/N: 12SF2-01A073-00R', 'Heat spreader P/N: 25ST5-CKAC00-A8R', 'TPM 2.0 module P/N: 9CTM000NR-00', 'TPM Cable P/N: 25CRZ-100600-S9R']}","{'HDMI2.0, Display Port, LVDS ports for multiple display', 'Intel® Optane™ Memory Ready', 'Ultra-Fast M.2 with PCIe Gen3 x4 interface', '3 x COM Ports (RS-232)', 'Dual Channel DDR4, 2 x SO-DIMMs', '2 x SATA 6Gb/s Ports', '3.5"" SBC', '2 x GbE LAN Ports', 'Intel® Core™ i3-7100U Processor', '1 x COM Port (RS-232/422/485 & RI/5V/12V)', '3.5” SubCompact Board with 7th Generation Intel® Core™ i3-7100U Processor, Dual Channel DDR4 memory, 4 x COM, 2 x SATA 6Gb/s, 6 x USB'}",https://www.gigaipc.com/upload/catalog_list_pic/QBiP-7100A_7200A_7600A-top_510x530px__24B06rKVo1.png
QBiP-4200B,Industrial Motherboards,https://www.gigaipc.com/en/products-detail/QBiP-4200B/,"{'Form Factor': ['3.5"" SBC', '146W x 101.7D(mm)'], 'CPU': ['Intel® Pentium® N4200 Processor', '14nm, 4 cores, 4 threads, up to 2.50 GHz', 'TDP 6W'], 'Socket': ['1 x FCBGA 1296'], 'Memory': ['2 x DDR3L SO-DIMM sockets, Max. Capacity 8 GB', 'Support Dual channel DDR3L 1866 MHz memory modules'], 'Ethernet': ['2 x GbE LAN Ports (Intel® I211AT)'], 'Video': ['Integrated Graphics Processor -Intel® HD Graphics 505:', '1 x HDMI 1.4 port, supporting a maximum resolution of 3840x2160 @30Hz', '1 x VGA port, supporting a maximum resolution of 1920x1080 @60Hz (with compatible displays)', '1 x LVDS port, supporting a maximum resolution of 1920x1200 @60Hz', '(3 independent display outputs)'], 'Audio': ['Realtek® Audio Codec'], 'Storage': ['1 x SATA 6Gb/s Port', '1 x eMMC 32GB'], 'Expansion Slots': ['1 x 2242 M.2 M-Key (SATA 6Gb/s)', '1 x Full-size Mini PCIe with SIM slot (PCIe x1 + USB2.0) -- support 3G/4G module'], 'Internal I/O': ['1 x 4-pin box power connector (+9V~36VDC)', '1 x SATA Power header', '1 x System fan header', '1 x Front panel header', '1 x 2W Speaker out header', '4 x USB 2.0 headers', '3 x COM headers (RS-232)', '1 x COM header (RS-232/422/485 & RI/5V/12V)', '1 x Backlight Control header', '1 x AT/ATX mode select jumper', '1 x GPIO (8-bits) & SMBus header', '1 x Buzzer header', '＊Conditional DC-input 9V support with :', '(1) SATA_PWR support 5V only', '(2) LVDS backlight cannot support', '(3) Total power consumption under 50W'], 'Rear l/O': ['1 x Headphone Jack', '1 x HDMI', '1 x VGA', '2 x RJ45 LAN Ports', '2 x USB 3.2 Gen 1'], 'TPM': ['1 x TPM header'], 'OS Compatibility': ['Windows 10 (x64)'], 'Operating Properties': ['Operating temperature: 0°C to +60°C', 'Operating humidity: 0-90% (non-condensing)', 'Non-operating temperature: -40°C to +85°C', 'Non-operating humidity: 0%-95% (non-condensing)'], 'Packing Content': ['Carton size: 384 x 251 x 211 (mm)', 'Packing Capacity: 20pcs', 'Single Box size: 168 x 112 x 34 (mm)', 'Single Box weight: Approx. 0.2kg', 'Including:', 'SATA power Cable x 1 (P/N: 25CRI-200B02-K1R)'], 'Order Information': ['9MZAPLCSMR-SI (Box Packing)'], 'Optional Kit': ['Fanless Heatsink P/N: 25ST1-153109-A7R', 'Heat spreader P/N: 25ST5-CBAB00-A8R', 'TPM 2.0 module P/N: 9CTM000NR-00', 'TPM Cable P/N: 25CRZ-100600-S9R']}","{'HDMI, VGA, LVDS ports for multiple display', '3 x COM Ports (RS-232)', 'M.2 with SATA 6Gb/s', '3.5"" SBC', '2 x GbE LAN Ports', 'eMMC 32GB', 'Intel® Pentium® N4200 Processor', '3.5” SubCompact Embedded Motherboard with Intel® N4200 Processor, Dual Channel DDR3L memory, 4 x COM, 1 x SATA 6Gb/s, 6 x USB, eMMC', 'Dual Channel DDR3L, 2 x SO-DIMMs', '1 x COM Port (RS-232/422/485 & RI/5V/12V)', '1 x SATA 6Gb/s Port'}",https://www.gigaipc.com/upload/catalog_list_pic/QBiP-4200B_A30-Top-510x530px__24B06hnQMj.png
QBiP-4200C,Industrial Motherboards,https://www.gigaipc.com/en/products-detail/QBiP-4200C/,"{'Form Factor': ['3.5"" SBC', '146W x 101.7D(mm)'], 'CPU': ['Intel® Pentium® N4200 Processor', '14nm, 4 cores, 4 threads, up to 2.50 GHz', 'TDP 6W'], 'Socket': ['1 x FCBGA 1296'], 'Memory': ['2 x DDR3L SO-DIMM sockets, Max. Capacity 8 GB', 'Support Dual channel DDR3L 1866 MHz memory modules'], 'Ethernet': ['2 x GbE LAN Ports (Intel® I211AT)'], 'Video': ['Integrated Graphics Processor -Intel® HD Graphics 505:', '1 x HDMI 1.4 port, supporting a maximum resolution of 3840x2160 @30Hz', '1 x VGA port, supporting a maximum resolution of 1920x1080 @60Hz (with compatible displays)', '1 x LVDS port, supporting a maximum resolution of 1920x1200 @60Hz', '(3 independent display outputs)'], 'Audio': ['Realtek® Audio Codec'], 'Storage': ['1 x SATA 6Gb/s Port'], 'Expansion Slots': ['1 x 2242 M.2 M-Key (SATA 6Gb/s)', '1 x Full-size Mini PCIe with SIM slot (PCIe x1 + USB2.0) -- support 3G/4G module'], 'Internal I/O': ['1 x 4-pin box power connector (+9V~36VDC)', '1 x SATA Power header', '1 x System fan header', '1 x Front panel header', '1 x 2W Speaker out header', '4 x USB 2.0 headers', '3 x COM headers (RS-232)', '1 x COM header (RS-232/422/485 & RI/5V/12V)', '1 x Backlight Control header', '1 x AT/ATX mode select jumper', '1 x GPIO (8-bits) & SMBus header', '1 x Buzzer header', '＊Conditional DC-input 9V support with :', '(1) SATA_PWR support 5V only', '(2) LVDS backlight cannot support', '(3) Total power consumption under 50W'], 'Rear l/O': ['1 x Headphone Jack', '1 x HDMI', '1 x VGA', '2 x RJ45 LAN Ports', '2 x USB 3.2 Gen 1'], 'TPM': ['1 x TPM header'], 'OS Compatibility': ['Windows 10 (x64)'], 'Operating Properties': ['Operating temperature: 0°C to +60°C', 'Operating humidity: 0-90% (non-condensing)', 'Non-operating temperature: -40°C to +85°C', 'Non-operating humidity: 0%-95% (non-condensing)'], 'Packing Content': ['Carton size: 384 x 251 x 211(mm)', 'Packing Capacity: 20pcs', 'Single Box size: 168 x 112 x 34(mm)', 'Single Box weight: Approx. 0.2kg', 'Including:', 'SATA power Cable x 1 (P/N: 25CRI-200B02-K1R)'], 'Order Information': ['9MZAPLDSMR-SI (Box Packing)'], 'Optional Kit': ['Fanless Heatsink P/N: 25ST1-153109-A7R', 'Heat spreader P/N: 25ST5-CBAB00-A8R', 'TPM 2.0 module P/N: 9CTM000NR-00', 'TPM Cable P/N: 25CRZ-100600-S9R']}","{'HDMI, VGA, LVDS ports for multiple display', '3 x COM Ports (RS-232)', '3.5” SubCompact Embedded Motherboard with Intel® N4200 Processor, Dual Channel DDR3L memory, 4 x COM, 1 x SATA 6Gb/s, 6 x USB', '3.5"" SBC', '2 x GbE LAN Ports', 'Intel® Pentium® N4200 Processor', 'M.2 with SATA 6Gb/s', 'Dual Channel DDR3L, 2 x SO-DIMMs', '1 x COM Port (RS-232/422/485 & RI/5V/12V)', '1 x SATA 6Gb/s Port'}",https://www.gigaipc.com/upload/catalog_list_pic/QBiP-4200C_MZAPLDS_A30-Top-510x530px__24B06YuO8S.png
QBiP-3965A,Industrial Motherboards,https://www.gigaipc.com/en/products-detail/QBiP-3965A/,"{'Form Factor': ['3.5"" SBC', '146W x 101.7D(mm)'], 'CPU': ['Intel® Celeron® 3965U Processor', '14nm, 2 cores, 2 threads, 2.2 GHz', 'TDP 15W', '2 MB SmartCache'], 'Socket': ['1 x FCBGA 1356'], 'Memory': ['2 x DDR4 SO-DIMM sockets, Max. Capacity 32 GB', 'Support Dual channel DDR4 2133 MHz memory modules'], 'Ethernet': ['2 x GbE LAN Ports (Intel® I219V and Intel® I211AT)'], 'Video': ['Integrated Graphics Processor - Intel® HD Graphics 610:', '1 x HDMI 2.0 port, supporting a maximum resolution of 4096x2160 @60Hz', '1 x DP port, supporting a maximum resolution of 4096x2160 @60Hz', '1 x LVDS port, supporting a maximum resolution of 1920x1080 @60Hz', '(3 independent display outputs)'], 'Audio': ['Realtek® Audio Codec'], 'Storage': ['1 x SATA 6Gb/s Port'], 'Expansion Slots': ['1 x 2280 M.2 M-Key (SATA 6Gb/s)', '1 x 2230 M.2 E-Key', '1 x Full-size Mini PCIe with SIM slot (PCIe x1 + USB2.0) -- support 3G/4G module'], 'Internal I/O': ['1 x 4-pin box power connector (+9V~36VDC)', '1 x SATA Power header', '1 x CPU fan header', '1 x System fan header', '1 x Front panel header', '1 x Front panel audio header', '1 x 2W Speaker out header', '2 x USB 2.0 headers', '3 x COM headers (RS-232)', '1 x Backlight Control header', '1 x AT/ATX mode select jumper', '1 x GPIO (8-bits) & SMBus header'], 'Rear l/O': ['1 x COM Port (RS-232/422/485 & RI/5V/12V)', '1 x HDMI', '1 x Display Port', '2 x RJ45 LAN Ports', '4 x USB 3.2 Gen 1'], 'TPM': ['1 x TPM header'], 'OS Compatibility': ['Windows 10 (x64)'], 'Operating Properties': ['Operating temperature: 0°C to 60°C', 'Operating humidity: 0-90% (non-condensing)', 'Non-operating temperature: -40°C to +85°C', 'Non-operating humidity: 0%-95% (non-condensing)'], 'Packing Content': ['Carton size: 384 x 251 x 211(mm)', 'Packing Capacity: 20pcs', 'Single Box size: 168 x 112 x 34 (mm)', 'Single Box weight: Approx. 0.22kg', 'Including:', 'SATA power Cable x 1 (P/N: 25CRI-200B02-K1R)'], 'Order Information': ['9MFLPCASMR-SI (Box Packing)'], 'Optional Kit': ['Fanless HS P/N: 25ST1-153108-A7R', 'Fansink P/N: 12SF2-01A073-00R', 'Heat spreader P/N: 25ST5-CKAC00-A8R', 'TPM 2.0 module P/N: 9CTM000NR-00', 'TPM Cable P/N: 25CRZ-100600-S9R']}","{'HDMI 2.0, Display Port, LVDS ports for multiple display', '3 x COM Ports (RS-232)', 'Dual Channel DDR4, 2 x SO-DIMMs', 'Intel® Celeron® 3965U Processor', '3.5"" SBC', '2 x GbE LAN Ports', '1 x COM Port (RS-232/422/485 & RI/5V/12V)', '3.5” SubCompact Board with 7th Generation Intel® Celeron® 3965U Processor, Dual Channel DDR4 memory, 4 x COM, 1 x SATA 6Gb/s, 6 x USB', '1 x SATA 6Gb/s Port'}",https://www.gigaipc.com/upload/catalog_list_pic/QBiP-3965A-A10-Top-220829-1-510x530px__24B06PrZVI.png
QBiP-3350A,Industrial Motherboards,https://www.gigaipc.com/en/products-detail/QBiP-3350A/,"{'Form Factor': ['3.5"" SBC', '146W x 101.7D(mm)'], 'CPU': ['Intel® Celeron® N3350 Processor', '14nm, 2 cores, 2 threads, up to 2.40 GHz', 'TDP 6W'], 'Socket': ['1 x FCBGA 1296'], 'Memory': ['2 x DDR3L SO-DIMM sockets, Max. Capacity 8 GB', 'Support Dual channel DDR3L 1866 MHz memory modules'], 'Ethernet': ['2 x GbE LAN Ports (Intel® I211AT)'], 'Video': ['Integrated Graphics Processor -Intel® HD Graphics 500:', '1 x HDMI port, supporting a maximum resolution of 3840x2160 @30Hz', '1 x VGA port, supporting a maximum resolution of 1920x1080 @60Hz (with compatible displays)', '1 x LVDS port, supporting a maximum resolution of 1920x1200 @60Hz (18/24bits)', '(3 independent display outputs)'], 'Audio': ['Realtek® Audio Codec'], 'Storage': ['1 x SATA 6Gb/s Port'], 'Expansion Slots': ['1 x 2242 M.2 M-Key (SATA 6Gb/s)', '1 x Full-size Mini PCIe with SIM slot (PCIe x1 + USB2.0) -- support 3G/4G module'], 'Internal I/O': ['1 x 4-pin box power connector (+9V~36VDC)', '1 x SATA Power header', '1 x System fan header', '1 x Front panel header', '1 x 2W Speaker out header', '4 x USB 2.0 headers', '3 x COM headers (RS-232)', '1 x COM header (RS-232/422/485 & RI/5V/12V)', '1 x Backlight Control header', '1 x AT/ATX mode select jumper', '1 x GPIO (8-bits) & SMBus header', '1 x Buzzer header', '＊Conditional DC-input 9V support with :', '(1) SATA_PWR support 5V only', '(2) LVDS backlight cannot support', '(3) Total power consumption under 50W'], 'Rear l/O': ['1 x Headphone Jack', '1 x HDMI', '1 x VGA', '2 x RJ45 LAN Ports', '2 x USB 3.2 Gen 1'], 'TPM': ['1 x TPM header'], 'OS Compatibility': ['Windows 10 (x64)'], 'Operating Properties': ['Operating temperature: 0°C to 60°C', 'Operating humidity: 0-90% (non-condensing)', 'Non-operating temperature: -40°C to +85°C', 'Non-operating humidity: 0%-95% (non-condensing)'], 'Packing Content': ['Carton size: 384 x 251 x 211 (mm)', 'Packing Capacity: 20pcs', 'Single Box size: 168 x 112 x 34 (mm)', 'Single Box weight: Approx. 0.2kg', 'Including:', 'SATA power Cable x 1 (P/N: 25CRI-200B02-K1R)'], 'Order Information': ['9MZAPLESMR-SI (Box Packing)'], 'Optional Kit': ['Fanless Heatsink P/N: 25ST1-153109-A7R', 'Heat spreader P/N: 25ST5-CBAB00-A8R', 'TPM 2.0 module P/N: 9CTM000NR-00', 'TPM Cable P/N: 25CRZ-100600-S9R']}","{'HDMI, VGA, LVDS ports for multiple display', '3 x COM Ports (RS-232)', 'Intel® Celeron® N3350 Processor', '3.5"" SBC', '2 x GbE LAN Ports', 'M.2 with SATA 6Gb/s', 'Dual Channel DDR3L, 2 x SO-DIMMs', '1 x COM Port (RS-232/422/485 & RI/5V/12V)', '3.5” SubCompact Embedded Motherboard with Intel® N3350 Processor, Dual Channel DDR3L memory, 4 x COM, 1 x SATA 6Gb/s, 6 x USB', '1 x SATA 6Gb/s Port'}",https://www.gigaipc.com/upload/catalog_list_pic/QBiP-3350A_MZAPLES_A30-Top-510x530px__24B06sSrK9.png
QBiP-1900A,Industrial Motherboards,https://www.gigaipc.com/en/products-detail/QBiP-1900A/,"{'Form Factor': ['3.5"" SBC', '146W x 101.7D(mm)'], 'CPU': ['Intel® Celeron® J1900 Processor', '22nm, 4 cores, 4 threads, up to 2.42 GHz', 'TDP 10W'], 'Socket': ['1 x FCBGA1170'], 'Memory': ['1 x DDR3L SO-DIMM sockets, Max. Capacity 8 GB', 'Support Single channel DDR3L 1333 MHz memory module'], 'Ethernet': ['2 x GbE LAN Ports (Intel® I211AT)'], 'Video': ['Integrated Graphics Processor -Intel® HD Graphics 500:', '1 x HDMI 1.4 port, supporting a maximum resolution of 1920x1200 @60Hz', '1 x VGA port, supporting a maximum resolution of 2560x1600 @60Hz (with compatible displays)', '1 x LVDS port, supporting a maximum resolution of 1920x1080 @60Hz', '(2 independent display outputs)'], 'Audio': ['Realtek® Audio Codec'], 'Storage': ['1 x SATA 3Gb/s Port'], 'Expansion Slots': ['1 x 2280 M.2 M-Key (SATA 3Gb/s)', '1 x Full-size Mini PCIe with SIM slot (PCIe x1 + USB2.0) -- support 3G/4G module'], 'Internal I/O': ['1 x 4-pin box power connector (DC in +9V~36VDC) (+48VDC Optional)', '1 x SATA Power header', '1 x System fan header', '1 x Front panel header', '1 x 2W Speaker out header', '4 x USB 2.0 headers', '2 x COM headers (RS-232)', '1 x COM header (RS-232/422/485)', '1 x COM header (RS-232/422/485 & RI/5V/12V)', '1 x Backlight Control header', '1 x AT/ATX mode select jumper', '1 x GPIO (8-bits) & SMBus header', '1 x Buzzer header'], 'Rear l/O': ['1 x Headphone Jack', '1 x HDMI', '1 x VGA', '2 x RJ45 LAN Ports', '1 x USB 2.0', '1 x USB 3.2 Gen 1'], 'TPM': ['1 x TPM header'], 'OS Compatibility': ['Windows 10 (x64)'], 'Operating Properties': ['Operating temperature: 0°C to 60°C', 'Operating humidity: 0-90% (non-condensing)', 'Non-operating temperature: -40°C to +85°C', 'Non-operating humidity: 0%-95% (non-condensing)'], 'Packing Content': ['Carton size: 465 x 351 x 217 (mm)', 'Packing Capacity: 10pcs', 'Single Box size: 221 x 178 x 65 (mm)', 'Single Box weight: Approx. 0.35kg', 'Including:', 'SATA power Cable x 1 (P/N: 25CRI-200B02-K1R)'], 'Order Information': ['9MBAYTASMR-SI (Box Packing)'], 'Optional Kit': ['Fanless Heatsink P/N: 25ST1-153107-A7R', 'Heat spreader P/N: 25ST5-CBAB00-A8R', 'TPM 2.0 module P/N: 9CTM000NR-00', 'TPM Cable P/N: 25CRZ-100600-S9R']}","{'HDMI, VGA, LVDS ports for multiple display', '1 x COM Port (RS-232/422/485)', 'Intel® Celeron® J1900 Processor', '1 x SATA 3Gb/s Port', '3.5"" SBC', '2 x GbE LAN Ports', '3.5” SubCompact Embedded Motherboard with Intel® J1900 Processor, Single Channel DDR3L memory, 4 x COM, 1 x SATA 3Gb/s, 6 x USB', 'M.2 with SATA 3Gb/s', 'Single Channel DDR3L, 1 x SO-DIMM', '2 x COM Ports (RS-232)', '1 x COM Port (RS-232/422/485 & RI/5V/12V)'}",https://www.gigaipc.com/upload/catalog_list_pic/QBiP-1900A_MBAYTAS_A12-Top-510x530px__24B066RExv.png
QBiP-1605B,Industrial Motherboards,https://www.gigaipc.com/en/products-detail/QBiP-1605B/,"{'Form Factor': ['3.5"" SBC', '146W x 101.7D(mm)'], 'CPU': ['AMD Ryzen™ V1605B Embedded Processor', '14nm, 4 cores, 8 threads, 2.0 GHz, up to 3.6 GHz', 'TDP 25W', '2MB of shared L2 plus 4MB of shared L3 total'], 'Socket': ['1 x FP5 type 1 BGA'], 'Memory': ['2 x DDR4 SO-DIMM sockets, Max. Capacity 32 GB', 'Support Dual channel DDR4 2400/2133 MHz memory modules'], 'Ethernet': ['2 x GbE LAN Ports (Realtek RTL8111HS)'], 'Video': ['Integrated Graphics Processor - AMD Radeon™ Vega 8 Graphics:', '4 x HDMI 2.0 ports, supporting a maximum resolution of 4096x2160 @60Hz', '1 x eDP port, supporting a maximum resolution of 3840x2160 @60Hz (Share from HDMI)', '(4 independent display outputs)'], 'Audio': ['Realtek® Audio Codec'], 'Storage': ['1 x SATA 6Gb/s Port'], 'Expansion Slots': ['1 x 2280 M.2 M-Key (PCIe x4, SATA 6Gb/s)', '1 x 2230 M.2 E-Key', '1 x Full-size Mini PCIe with SIM slot (PCIe x1 + USB2.0) -- support 3G module'], 'Internal I/O': ['1 x 4-pin box power connector (DC in +9V~36VDC)', '1 x SATA Power header', '1 x CPU fan header', '1 x System fan header', '1 x Front panel header', '1 x Front panel audio header', '1 x 2W Speaker out header', '4 x USB 2.0 headers', '2 x COM headers (RS-232)', '2 x COM headers (RS-232/422/485 & RI/5V/12V)', '1 x Backlight Control header', '1 x AT/ATX mode select jumper', '1 x eDP/HDMI jumper', '1 x GPIO (8-bits) & SMBUS header', '1 x Buzzer'], 'Rear l/O': ['4 x HDMI', '2 x RJ45 LAN Ports', '2 x USB 3.2 Gen 1'], 'TPM': ['Onboard TPM 2.0 security chip', 'INFINEON SLB9665TT2.0'], 'OS Compatibility': ['Windows 10 (x64)'], 'Operating Properties': ['Operating temperature: 0°C to 60°C', 'Operating humidity: 0-90% (non-condensing)', 'Non-operating temperature: -40°C to +85°C', 'Non-operating humidity: 0%-95% (non-condensing)'], 'Packing Content': ['Carton size: 465 x 351 x 217 (mm)', 'Packing Capacity: 10pcs', 'Single Box size: 221 x 178 x 65 (mm)', 'Single Box weight: Approx. 0.4kg', 'Including:', 'SATA power Cable x 1 (P/N: 25CRI-200B02-K1R)'], 'Order Information': ['9MRZNVOSMR-SI (Box Packing)'], 'Optional Kit': ['Fanless Heatsink P/N:25ST1-113104-A7R', 'Fansink P/N: 12SF2-01A073-00R', 'Heat spreader P/N: 25ST5-QP1600-A8R']}","{'3.5” SubCompact Embedded Motherboard with AMD Ryzen™ V1605B Embedded Processor, Dual Channel DDR4 memory, 4 x COM, 1 x SATA 6Gb/s, 6 x USB', 'AMD Ryzen™ V1605B Embedded Processor', 'Dual Channel DDR4, 2 x SO-DIMMs', '3.5"" SBC', '2 x GbE LAN Ports', '4 x HDMI 2.0, eDP ports for multiple display', '2 x COM Ports (RS-232)', '2 x COM Ports (RS-232/422/485 & RI/5V/12V)', '1 x SATA 6Gb/s Port', 'M.2 with SATA 6Gb/s or PCIe x4'}",https://www.gigaipc.com/upload/catalog_list_pic/QBiP-1605B_MRZNVOS-SI_A21-Top-510x530px__24B06NcD9Y.png
QBiP-E3940A,Industrial Motherboards,https://www.gigaipc.com/en/products-detail/QBiP-E3940A/,"{'Form Factor': ['3.5"" SBC', '146W x 101.7D(mm)'], 'CPU': ['Intel® Atom® x5-E3940 Processor', '14nm, 4 cores, 4 threads, up to 1.8 GHz', 'TDP 9.5W', '2M Cache'], 'Socket': ['1 x FCBGA 1296'], 'Memory': ['2 x DDR3L SO-DIMM sockets, Max. Capacity 8 GB', 'Support Dual channel DDR3L 1866 MHz memory modules'], 'Ethernet': ['2 x GbE LAN Ports (Intel® I211AT)'], 'Video': ['Integrated Graphics Processor - Intel® HD Graphics 500:', '1 x HDMI 1.4 port, supporting a maximum resolution of 3840x2160 @30Hz', '1 x VGA port, supporting a maximum resolution of 1920x1080 @60Hz (with compatible displays)', '1 x LVDS port, supporting a maximum resolution of 1920x1080 @60Hz', '(3 independent display outputs)'], 'Audio': ['Realtek® Audio Codec'], 'Storage': ['1 x SATA 6Gb/s Port'], 'Expansion Slots': ['1 x 2242 M.2 M-Key (SATA 6Gb/s)', '1 x Full-size Mini PCIe with SIM slot (PCIe x1 + USB2.0) -- support 3G module'], 'Internal I/O': ['1 x 4-pin box power connector (+9V~36VDC)', '1 x SATA Power header', '1 x System fan header', '1 x Front panel header', '1 x 2W Speaker out header', '4 x USB 2.0 headers', '3 x COM headers (RS-232)', '1 x COM header (RS-232/422/485 & RI/5V/12V)', '1 x Backlight Control header', '1 x AT/ATX mode select jumper', '1 x GPIO (8-bits) & SMBus header', '1 x Buzzer header', '＊Conditional DC-input 9V support with :', '(1) SATA_PWR support 5V only', '(2) LVDS backlight cannot support', '(3) Total power consumption under 50W'], 'Rear l/O': ['1 x Headphone Jack', '1 x HDMI', '1 x VGA', '2 x RJ45 LAN Ports', '2 x USB 3.2 Gen 1'], 'TPM': ['1 x TPM header'], 'OS Compatibility': ['Windows 10 (x64)'], 'Operating Properties': ['Operating temperature: 0°C to +60°C', 'Operating humidity: 0-90% (non-condensing)', 'Non-operating temperature: -40°C to +85°C', 'Non-operating humidity: 0%-95% (non-condensing)'], 'Packing Content': ['Carton size: 465 x 351 x 217 (mm)', 'Packing Capacity: 10pcs', 'Single Box size: 221 x 178 x 65 (mm)', 'Single Box weight: Approx. 0.35kg', 'Including:', 'SATA power Cable x 1 (P/N: 25CRI-200B02-K1R)'], 'Order Information': ['9MAPLKASMR-SI (Box Packing)'], 'Optional Kit': ['Fanless Heatsink P/N: 25ST1-113103-A7R', 'TPM 2.0 module P/N: 9CTM000NR-00', 'TPM Cable P/N: 25CRZ-100600-S9R']}","{'3.5” SubCompact Embedded Motherboard with Intel® x5-E3940 Processor, Dual Channel DDR3L memory, 4 x COM, 1 x SATA 6Gb/s, 6 x USB', 'HDMI, VGA, LVDS ports for multiple display', 'Intel® Atom® x5-E3940', '3 x COM Ports (RS-232)', '3.5"" SBC', '2 x GbE LAN Ports', 'M.2 with SATA 6Gb/s', 'Dual Channel DDR3L, 2 x SO-DIMMs', '1 x COM Port (RS-232/422/485 & RI/5V/12V)', '1 x SATA 6Gb/s Port'}",https://www.gigaipc.com/upload/catalog_list_pic/QBiP-E3940A-A30_MAPLKAS_Top-01-510x530px__24B06qJIkI.png
QBi-N150A,Industrial Motherboards,https://www.gigaipc.com/en/products-detail/QBi-N150A/,"{'Form Factor': ['Embedded Compact Board', '105W x 110D (mm)'], 'CPU': ['Intel® Processor N150', 'Intel 7, 4 cores, up to 3.60 GHz', 'TDP 6W'], 'Socket': ['1 x FCBGA1264'], 'Memory': ['1 x DDR5 SO-DIMM socket, Max. Capacity 16 GB', 'Support Single Channel DDR5 4800 MHz memory modules'], 'Ethernet': ['2 x GbE LAN Ports (Realtek® RTL8111H)'], 'Video': ['Integrated Graphics Processor -', 'Intel® Graphics support:', '2 x HDMI 2.0 port, supporting a maximum resolution of 4096x2160 @60Hz', '1 x DP 1.4 through USB Type C (DP Alt.mode), supporting a maximum resolution of 4096x2160 @60Hz', '(3 independent display outputs)'], 'Audio': ['Realtek® ALC269'], 'Storage': ['1 x SATA 6Gb/s Port'], 'Expansion Slots': ['1 x 2280 M.2 M-Key (PCIe Gen 3x1, SATA 6Gb/s)', '1 x 2230 M.2 E-Key'], 'Internal I/O': ['1 x 2-pin power connector', '1 x SATA Power header', '1 x CPU fan header', '1 x Front panel header', '2 x USB 2.0 headers'], 'Front I/O': ['2 x USB 3.2 Gen 2x1', '1 x Power button with LED', '1 x COM Port (RS-232)', '1 x Combo audio jack (Headphone & Headset)', '1 x USB 3.2 Type C with DP 1.4b (DP Alt. mode)'], 'Rear l/O': ['2 x RJ45 LAN Ports', '2 x USB 3.2 Gen 2x1', '2 x HDMI', '1 x Screw type DC Jack (+12V~19VDC)'], 'TPM': ['Onboard TPM 2.0 security chip', 'NUVOTON NPCT760AABYX'], 'OS Compatibility': ['Windows 11 (x64)', 'Ubuntu 24.04.2 LTS (No certification)'], 'Operating Properties': ['Operating temperature: 0°C to 60°C', 'Operating humidity: 60°C @ 20-95% (non-condensing)', 'Non-operating temperature: -40°C to 85°C', 'Non-operating humidity: 85°C @ 95% (non-condensing)'], 'Packing Content': ['Carton size: 465 x 351 x 217 (mm)', 'Packing Capacity: 10pcs', 'Single Box size: 221 x 178 x 65 (mm)', 'Single Box weight: Approx. 0.5kg', 'Including:', 'SATA power cable 150mm x 1 (P/N: 25CRI-150621-K1R)'], 'Order Information': ['9MTWN1AHMR-SI (Box Packing)'], 'Optional Kit': ['Fanless Heatsink P/N: 25ST1-1231Z9-A7R', 'Fansink P/N: 25ST4-123104-A7R', 'Heat spreader P/N: 25ST1-113109-Y0R']}","{'Onboard TPM v2.0', 'Embedded Compact Board with Intel® Processor N150, Single Channel DDR5 memory, 1 x COM , 1 x SATA 6Gb/s, 7 x USB, TPM on board', 'Embedded IPC Motherboard', '1 x COM Port (RS-232)', '2 x GbE LAN Ports', '2 x HDMI, 1 x DP 1.4 through USB type C for multiple display', 'Intel® Processor N150', '1 x SATA 6Gb/s Port', 'Single Channel DDR5, 1 x SO-DIMM'}",https://www.gigaipc.com/upload/catalog_list_pic/QBi-N150A_MTWN1AH-A10-Top-Battery-340x353px__25L029OPG7.png
QBi-N97B,Industrial Motherboards,https://www.gigaipc.com/en/products-detail/QBi-N97B/,"{'Form Factor': ['Embedded Compact Board', '105W x 110D (mm)'], 'CPU': ['Intel Processor N97', 'Intel 7, 4 cores, up to 3.60 GHz', 'TDP 12W'], 'Socket': ['1 x FCBGA1264'], 'Memory': ['1 x DDR4 SO-DIMM socket, Max. Capacity 16 GB', 'Support Single Channel DDR4 3200 MHz memory modules'], 'Ethernet': ['2 x GbE LAN Ports (Realtek® RTL8111H)'], 'Video': ['Integrated Graphics Processor -', 'Intel® UHD Graphics support:', '3 x HDMI 2.0 port, supporting a maximum resolution of 4096x2160 @60Hz', '(3 independent display outputs)'], 'Audio': ['Realtek® ALC269'], 'Storage': ['1 x SATA 6Gb/s Port'], 'Expansion Slots': ['1 x 2280 M.2 M-Key (PCIe Gen 3x1, SATA 6Gb/s)', '1 x 2230 M.2 E-Key'], 'Internal I/O': ['1 x 2-pin power connector', '1 x SATA Power header', '1 x CPU fan header', '1 x Front panel header', '1 x Speaker out header', '2 x USB 2.0 headers'], 'Front I/O': ['2 x USB 3.2 Gen 2x1', '1 x Power button with LED', '1 x COM Port (RS-232)', '1 x Combo audio jack (Headphone & Headset)', '1 x HDMI'], 'Rear l/O': ['2 x RJ45 LAN Ports', '2 x USB 3.2 Gen 2x1', '2 x HDMI', '1 x Screw type DC Jack (+12V~24VDC)'], 'TPM': ['Onboard TPM 2.0 security chip', 'NUVOTON NPCT760AABYX'], 'OS Compatibility': ['Windows 10/11 (x64)'], 'Operating Properties': ['Operating temperature: 0°C to +60°C', 'Operating humidity: 0-90% (non-condensing)', 'Non-operating temperature: -40°C to +85°C', 'Non-operating humidity: 0%-95% (non-condensing)'], 'Packing Content': ['Carton size: 465 x 351 x 217 (mm)', 'Packing Capacity: 10pcs', 'Single Box size: 221 x 178 x 65 (mm)', 'Single Box weight: Approx. 0.5kg', 'Including:', 'SATA power cable 150mm x 1 (P/N: 25CRI-150621-K1R)'], 'Order Information': ['9MADN9BHMR-SI (Box Packing)'], 'Optional Kit': ['Fanless Heatsink P/N: 25ST1-1231Z9-A7R', 'Fansink P/N: 25ST4-123104-A7R', 'Heat spreader P/N: 25ST1-113109-Y0R']}","{'3 x HDMI Ports for multiple display', 'Intel® Processor N97', 'Embedded IPC Motherboard', 'Single Channel DDR4, 1 x SO-DIMM', '1 x COM Port (RS-232)', '2 x GbE LAN Ports', 'Embedded Compact Board with Intel® Processor N97, Single Channel DDR4 memory, 1 x COM , 1 x SATA 6Gb/s, 6 x USB, TPM on board', '1 x SATA 6Gb/s Port'}",https://www.gigaipc.com/upload/catalog_list_pic/QBi-N97B-A10-Top-353px__24H137hTBX.jpg
QBi-1355A,Industrial Motherboards,https://www.gigaipc.com/en/products-detail/QBi-1355A/,"{'Form Factor': ['Embedded Compact Board', '105W x 110D (mm)'], 'CPU': ['Intel® Core™ i7-1355U Processor', 'Intel® 7, 10 cores, 2P+8E, 12 threads, up to 5.0 GHz', 'TDP 15W'], 'Socket': ['1 x FCBGA1744'], 'Memory': ['2 x DDR5 SO-DIMM sockets, Max. Capacity 64 GB', 'Support Dual Channel DDR5 5200 MHz memory modules'], 'Ethernet': ['1 x 2.5 GbE LAN Port (Intel® I226V)', '1 x GbE LAN Port (Realtek® RTL8111H)'], 'Video': ['Integrated Graphics Processor - Intel® Iris® Xe Graphics eligible:', '2 x HDMI 2.0 ports, supporting a maximum resolution of 4096x2160 @60Hz', '1 x DP 1.4 through USB Type C (DP Alt. mode), supporting a maximum resolution of 7680x4320 @30Hz, requires designated graphic driver', '(3 independent display outputs)'], 'Audio': ['Realtek® ALC269'], 'Storage': ['1 x SATA 6Gb/s Port'], 'RAID': ['RAID 0/1'], 'Expansion Slots': ['1 x 2280 M.2 M-Key (PCIe Gen 4x4, SATA 6Gb/s)', '1 x 2230 M.2 E-Key'], 'Internal I/O': ['1 x 2-pin power connector', '1 x SATA Power header', '1 x CPU fan header', '1 x Front panel header', '1 x USB 2.0 header'], 'Front I/O': ['2 x USB 3.2 Gen 2x1', '1 x USB 3.2 Type C Gen 2x1 (with DP Alt. mode)', '1 x Power button with LED', '1 x COM Port (RS-232/422/485)', '1 x Combo audio jack (Headphone & Headset)'], 'Rear l/O': ['2 x RJ45 LAN Ports', '2 x USB 3.2 Gen 2x1', '2 x HDMI', '1 x Screw type DC Jack (+12V~24VDC)'], 'TPM': ['Onboard TPM 2.0 security chip', 'INFINEON SLB9672VU2.0'], 'OS Compatibility': ['Windows 10/11 (x64)'], 'Operating Properties': ['Operating temperature: 0°C to +60°C', 'Operating humidity: 0-90% (non-condensing)', 'Non-operating temperature: -40°C to +85°C', 'Non-operating humidity: 0%-95% (non-condensing)'], 'Packing Content': ['Carton size: 465 x 351 x 217 (mm)', 'Packing Capacity: 10pcs', 'Single Box size: 221 x 178 x 65 (mm)', 'Including:', 'SATA power cable 150mm x 1 (P/N: 25CRI-150621-K1R)'], 'Order Information': ['9MRLU7AHMR-SI (Box packing)'], 'Optional Kit': ['Fansink P/N: 25ST4-113104-A7R', 'Heat spreader P/N: 25ST1-713000-Y0R']}","{'Dual Channel DDR5, 2 x SO-DIMMs', 'Intel® Core™ i7-1355U Processor', 'Embedded IPC Motherboard', '1 x GbE LAN Port', '1 x COM Port (RS-232/422/485)', '1 x 2.5GbE LAN Port', 'Ultra-Fast M.2 with PCIe Gen4 x4 Interface', 'Embedded Compact Board with Intel® Core™ i7-1355U Processor, Dual Channel DDR5 memory, 1 x COM, 6 x USB, 2 x HDMI, TPM on board', '2 x HDMI Ports'}",https://www.gigaipc.com/upload/catalog_list_pic/QBi-1355A_1335A_1315EA_MRLU3AH-A10_Top-340x353px__24G023AF2y.png
QBi-1335A,Industrial Motherboards,https://www.gigaipc.com/en/products-detail/QBi-1335A/,"{'Form Factor': ['Embedded Compact Board', '105W x 110D (mm)'], 'CPU': ['Intel® Core™ i5-1335U Processor', 'Intel® 7, 10 cores, 2P+8E, 12 threads, up to 4.6 GHz', 'TDP 15W'], 'Socket': ['1 x FCBGA1744'], 'Memory': ['2 x DDR5 SO-DIMM sockets, Max. Capacity 64 GB', 'Support Dual Channel DDR5 5200 MHz memory modules'], 'Ethernet': ['1 x 2.5 GbE LAN Port (Intel® I226V)', '1 x GbE LAN Port (Realtek® RTL8111H)'], 'Video': ['Integrated Graphics Processor - Intel® Iris® Xe Graphics eligible:', '2 x HDMI 2.0 ports, supporting a maximum resolution of 4096x2160 @60Hz', '1 x DP 1.4 through USB Type C (DP Alt. mode), supporting a maximum resolution of 7680x4320 @30Hz, requires designated graphic driver', '(3 independent display outputs)'], 'Audio': ['Realtek® ALC269'], 'Storage': ['1 x SATA 6Gb/s Port'], 'RAID': ['RAID 0/1'], 'Expansion Slots': ['1 x 2280 M.2 M-Key (PCIe Gen 4x4, SATA 6Gb/s)', '1 x 2230 M.2 E-Key'], 'Internal I/O': ['1 x 2-pin power connector', '1 x SATA Power header', '1 x CPU fan header', '1 x Front panel header', '1 x USB 2.0 header'], 'Front I/O': ['2 x USB 3.2 Gen 2x1', '1 x USB 3.2 Type C Gen 2x1 (with DP Alt. mode)', '1 x Power button with LED', '1 x COM Port (RS-232/422/485)', '1 x Combo audio jack (Headphone & Headset)'], 'Rear l/O': ['2 x RJ45 LAN Ports', '2 x USB 3.2 Gen 2x1', '2 x HDMI', '1 x Screw type DC Jack (+12V~24VDC)'], 'TPM': ['Onboard TPM 2.0 security chip', 'INFINEON SLB9672VU2.0'], 'OS Compatibility': ['Windows 10/11 (x64)'], 'Operating Properties': ['Operating temperature: 0°C to +60°C', 'Operating humidity: 0-90% (non-condensing)', 'Non-operating temperature: -40°C to +85°C', 'Non-operating humidity: 0%-95% (non-condensing)'], 'Packing Content': ['Carton size: 465 x 351 x 217 (mm)', 'Packing Capacity: 10pcs', 'Single Box size: 221 x 178 x 65 (mm)', 'Including:', 'SATA power cable 150mm x 1 (P/N: 25CRI-150621-K1R)'], 'Order Information': ['9MRLU5AHMR-SI (Box packing)'], 'Optional Kit': ['Fansink P/N: 25ST4-113104-A7R', 'Heat spreader P/N: 25ST1-713000-Y0R']}","{'Dual Channel DDR5, 2 x SO-DIMMs', 'Embedded IPC Motherboard', '1 x GbE LAN Port', '1 x COM Port (RS-232/422/485)', 'Embedded Compact Board with Intel® Core™ i5-1335U Processor, Dual Channel DDR5 memory, 1 x COM, 6 x USB, TPM on board', 'Intel® Core™ i5-1335U Processor', '1 x 2.5GbE LAN Port', 'Ultra-Fast M.2 with PCIe Gen4 x4 Interface', '2 x HDMI Ports'}",https://www.gigaipc.com/upload/catalog_list_pic/QBi-1355A_1335A_1315EA_MRLU3AH-A10_Top-340x353px__24G02J5O64.png
QBi-1315EA,Industrial Motherboards,https://www.gigaipc.com/en/products-detail/QBi-1315EA/,"{'Form Factor': ['Embedded Compact Board', '105W x 110D (mm)'], 'CPU': ['Intel® Core™ i3-1315UE Processor', 'Intel® 7, 6 cores, 2P+4E, 8 threads, up to 4.5 GHz', 'TDP 15W'], 'Socket': ['1 x FCBGA1744'], 'Memory': ['2 x DDR5 SO-DIMM sockets, Max. Capacity 64 GB', 'Support Dual Channel DDR5 5200 MHz memory modules'], 'Ethernet': ['1 x 2.5 GbE LAN Port (Intel® I226V)', '1 x GbE LAN Port (Realtek® RTL8111H)'], 'Video': ['Integrated Graphics Processor - Intel® UHD Graphics for 13th Gen Intel® Processors:', '2 x HDMI 2.0 ports, supporting a maximum resolution of 4096x2160 @60Hz', '1 x DP 1.4 through USB Type C (DP Alt. mode), supporting a maximum resolution of 7680x4320 @30Hz, requires designated graphic driver', '(3 independent display outputs)'], 'Audio': ['Realtek® ALC269'], 'Storage': ['1 x SATA 6Gb/s Port'], 'RAID': ['RAID 0/1'], 'Expansion Slots': ['1 x 2280 M.2 M-Key (PCIe Gen 4x4, SATA 6Gb/s)', '1 x 2230 M.2 E-Key'], 'Internal I/O': ['1 x 2-pin power connector', '1 x SATA Power header', '1 x CPU fan header', '1 x Front panel header', '1 x USB 2.0 header'], 'Front I/O': ['2 x USB 3.2 Gen 2x1', '1 x USB 3.2 Type C Gen 2x1 (with DP Alt. mode)', '1 x Power button with LED', '1 x COM Port (RS-232/422/485)', '1 x Combo audio jack (Headphone & Headset)'], 'Rear l/O': ['2 x RJ45 LAN Ports', '2 x USB 3.2 Gen 2x1', '2 x HDMI', '1 x Screw type DC Jack (+12V~24VDC)'], 'TPM': ['Onboard TPM 2.0 security chip', 'INFINEON SLB9672VU2.0'], 'OS Compatibility': ['Windows 10/11 (x64)'], 'Operating Properties': ['Operating temperature: 0°C to +60°C', 'Operating humidity: 0-90% (non-condensing)', 'Non-operating temperature: -40°C to +85°C', 'Non-operating humidity: 0%-95% (non-condensing)'], 'Packing Content': ['Carton size: 465 x 351 x 217 (mm)', 'Packing Capacity: 10pcs', 'Single Box size: 221 x 178 x 65 (mm)', 'Including:', 'SATA power cable 150mm x 1 (P/N: 25CRI-150621-K1R)'], 'Order Information': ['9MRLU3AHMR-SI (Box packing)'], 'Optional Kit': ['Fansink P/N: 25ST4-113104-A7R', 'Heat spreader P/N: 25ST1-713000-Y0R']}","{'Dual Channel DDR5, 2 x SO-DIMMs', 'Embedded IPC Motherboard', '1 x GbE LAN Port', '1 x COM Port (RS-232/422/485)', 'Intel® Core™ i3-1315UE Processor', '1 x 2.5GbE LAN Port', 'Embedded Compact Board with Intel® Core™ i3-1315UE Processor, Dual Channel DDR5 memory, 1 x COM, 6 x USB, TPM on board', '2 x HDMI Ports', 'Ultra-Fast M.2 with PCIe Gen4 x4 Interface'}",https://www.gigaipc.com/upload/catalog_list_pic/QBi-1355A_1335A_1315EA_MRLU3AH-A10_Top-340x353px__24G02qhzSS.png
QBi-N97A,Industrial Motherboards,https://www.gigaipc.com/en/products-detail/QBi-N97A/,"{'Form Factor': ['Embedded Compact Board', '105W x 110D (mm)'], 'CPU': ['Intel Processor N97', 'Intel 7, 4 cores, up to 3.60 GHz', 'TDP 12W'], 'Socket': ['1 x FCBGA1264'], 'Memory': ['1 x DDR5 SO-DIMM socket, Max. Capacity 16 GB', 'Support Single Channel DDR5 4800 MHz memory modules'], 'Ethernet': ['2 x GbE LAN Ports (Realtek® RTL8111H)'], 'Video': ['Integrated Graphics Processor - Intel® UHD Graphics support:', '2 x HDMI 2.0 port, supporting a maximum resolution of 4096x2160 @60Hz', '(2 independent display outputs)'], 'Audio': ['Realtek® ALC269'], 'Storage': ['1 x SATA 6Gb/s Port'], 'Expansion Slots': ['1 x 2280 M.2 M-Key (PCIe Gen 3x1, SATA 6Gb/s)', '1 x 2230 M.2 E-Key'], 'Internal I/O': ['1 x 2-pin power connector', '1 x SATA Power header', '1 x CPU fan header', '1 x Front panel header', '2 x USB 2.0 headers'], 'Front I/O': ['2 x USB 3.2 Gen 2x1', '1 x Power button with LED', '1 x COM Port (RS-232)', '1 x Combo audio jack (Headphone & Headset)'], 'Rear l/O': ['2 x RJ45 LAN Ports', '2 x USB 3.2 Gen 2x1', '2 x HDMI', '1 x Screw type DC Jack (+12V~19VDC)'], 'TPM': ['Onboard TPM 2.0 security chip', 'NUVOTON NPCT760AABYX'], 'OS Compatibility': ['Windows 10/11 (x64)'], 'Operating Properties': ['Operating temperature: 0°C to +60°C', 'Operating humidity: 0-90% (non-condensing)', 'Non-operating temperature: -40°C to +85°C', 'Non-operating humidity: 0%-95% (non-condensing)'], 'Packing Content': ['Carton size: 465 x 351 x 217 (mm)', 'Packing Capacity: 10pcs', 'Single Box size: 221 x 178 x 65 (mm)', 'Single Box weight: Approx. 0.5kg', 'Including:', 'SATA power cable 150mm x 1 (P/N: 25CRI-150621-K1R)'], 'Order Information': ['9MADN9AHMR-SI (Box Packing)'], 'Optional Kit': ['Fanless Heatsink P/N: 25ST1-1231Z9-A7R', 'Fansink P/N: 25ST4-123104-A7R', 'Heat spreader P/N: 25ST1-113109-Y0R']}","{'Intel® Processor N97', 'Embedded IPC Motherboard', 'Embedded Compact Board with Intel® Processor N97, Single Channel DDR5 memory, 1 x COM , 1 x SATA 6Gb/s, 6 x USB, TPM on board', '2 x HDMI Ports for multiple display', '1 x COM Port (RS-232)', '2 x GbE LAN Ports', '1 x SATA 6Gb/s Port', 'Single Channel DDR5, 1 x SO-DIMM'}",https://www.gigaipc.com/upload/catalog_list_pic/QBi-N97A_MADN9AH-A10-Top-ok-340x353px__24H13AhpnE.png
QBi-6412B,Industrial Motherboards,https://www.gigaipc.com/en/products-detail/QBi-6412B/,"{'Form Factor': ['Embedded Compact Board', '105W x 110D (mm)'], 'CPU': ['Intel® Celeron® J6412 Processor', '10nm, 4 cores, 4 threads, up to 2.60 GHz', 'TDP 10W'], 'Socket': ['1 x FCBGA1493'], 'Memory': ['1 x DDR4 SO-DIMM sockets, Max. Capacity 32 GB', 'Support Single Channel DDR4 3200 MHz memory modules'], 'Ethernet': ['2 x GbE LAN Ports (Realtek® RTL8111H)'], 'Video': ['Integrated Graphics Processor -', 'Intel® UHD Graphics for 10th Gen Intel® Processors :', '2 x HDMI 2.0 port, supporting a maximum resolution of 4096x2160 @60Hz', '(2 independent display outputs)'], 'Audio': ['Realtek® ALC897'], 'Storage': ['1 x SATA 6Gb/s Port'], 'Expansion Slots': ['1 x 2280 M.2 M-Key (PCIe x2, SATA 6Gb/s)', '1 x 2230 M.2 E-Key'], 'Internal I/O': ['1 x 2-pin power connector', '1 x SATA power header', '1 x CPU fan header', '1 x Front panel header', '2 x USB 2.0 headers'], 'Front I/O': ['2 x USB 3.2 Gen 2x1', '1 x COM Port (RS-232)', '1 x Combo Audio Jack (Headphone & Headset)', '1 x Power button'], 'Rear l/O': ['2 x RJ45 LAN Ports', '2 x HDMI', '2 x USB 3.2 Gen 2x1', '1 x Screw type DC Jack (+12V~19VDC)'], 'TPM': ['Onboard TPM 2.0 security chip', 'Infineon SLB9670VQ2.0'], 'OS Compatibility': ['Windows 10 (x64)'], 'Operating Properties': ['Operating temperature: 0°C to +60°C', 'Operating humidity: 0-90% (non-condensing)', 'Non-operating temperature: -40°C to +85°C', 'Non-operating humidity: 0%-95% (non-condensing)'], 'Packing Content': ['Carton size: 465 x 351 x 217 (mm)', 'Packing Capacity: 10pcs', 'Single Box size: 221 x 178 x 65 (mm)', 'Single Box weight: Approx. 0.5kg', 'Including:', 'SATA power cable 150mm x 1 (P/N: 25CRI-150621-K1R)'], 'Order Information': ['9MEHLJBHMR-SI (Box Packing)'], 'Optional Kit': ['Fanless Heatsink P/N: 25ST1-12311C-A7R', 'Fansink P/N: 12SF2-01A103-00R', 'Heat spreader P/N: 25ST5-641200-Y0R']}","{'Embedded Compact Board with Intel® Celeron® J6412 Processor, Single Channel DDR4 memory, 1 x COM, 1 x SATA 6Gb/s, 6 x USB', 'Embedded IPC Motherboard', 'Single Channel DDR4, 1 x SO-DIMM', '2 x HDMI Ports for multiple display', '1 x COM Port (RS-232)', '2 x GbE LAN Ports', 'Intel® Celeron® J6412 Processor', '1 x SATA 6Gb/s Port', 'Ultra-Fast M.2 with PCIe Gen3 x2 Interface'}",https://www.gigaipc.com/upload/catalog_list_pic/QBi-6421B_MEHLJBH_A10-Top-340x353px__24G0200VHn.png
QBi-6412A,Industrial Motherboards,https://www.gigaipc.com/en/products-detail/QBi-6412A/,"{'Form Factor': ['Embedded Compact Board', '105W x 110D (mm)'], 'CPU': ['Intel® Celeron® J6412 Processor', '10nm, 4 cores, 4 threads, up to 2.60 GHz', 'TDP 10W'], 'Socket': ['1 x FCBGA1493'], 'Memory': ['1 x DDR4 SO-DIMM sockets, Max. Capacity 32 GB', 'Support Single Channel DDR4 3200 MHz memory modules'], 'Ethernet': ['2 x GbE LAN Ports (Intel® I210AT)'], 'Video': ['Integrated Graphics Processor -', 'Intel® UHD Graphics for 10th Gen Intel® Processors :', '2 x HDMI 2.0 port, supporting a maximum resolution of 4096x2160 @60Hz', '(2 independent display outputs)'], 'Audio': ['Realtek® Audio Codec'], 'Storage': ['1 x SATA 6Gb/s Port'], 'Expansion Slots': ['1 x 2280 M.2 M-Key (PCIe x2, SATA 6Gb/s)', '1 x 2230 M.2 E-Key'], 'Internal I/O': ['1 x 2-pin power connector', '1 x SATA power header', '1 x CPU fan header', '1 x Front panel header', '2 x USB 2.0 headers'], 'Front I/O': ['2 x USB 3.2 Gen 2x1', '1 x COM Port (RS-232)', '1 x Combo Audio Jack (Headphone & Headset)', '1 x Power button'], 'Rear l/O': ['2 x RJ45 LAN Ports', '2 x HDMI', '2 x USB 3.2 Gen 2x1', '1 x Screw type DC Jack (+12V~19VDC)'], 'OS Compatibility': ['Windows 10 (x64)'], 'Operating Properties': ['Operating temperature: 0°C to +60°C', 'Operating humidity: 0-90% (non-condensing)', 'Non-operating temperature: -40°C to +85°C', 'Non-operating humidity: 0%-95% (non-condensing)'], 'Packing Content': ['Carton size: 465 x 351 x 217 (mm)', 'Packing Capacity: 10pcs', 'Single Box size: 221 x 178 x 65 (mm)', 'Single Box weight: Approx. 0.5kg', 'Including:', 'SATA power cable 150mm x 1 (P/N: 25CRI-150621-K1R)'], 'Order Information': ['9MEHLJAHMR-SI (Box Packing)'], 'Optional Kit': ['Fanless Heatsink P/N: 25ST1-12311C-A7R', 'Fansink P/N: 12SF2-01A103-00R', 'Heat spreader P/N: 25ST5-641200-Y0R']}","{'Embedded IPC Motherboard', 'Single Channel DDR4, 1 x SO-DIMM', '2 x HDMI Ports for multiple display', '1 x COM Port (RS-232)', '2 x GbE LAN Ports', 'Embedded Compact Board with Intel® Celeron® J6412 Processor, Single Channel DDR4 memory, 1 x COM , 1 x SATA 6Gb/s, 6 x USB', 'Intel® Celeron® J6412 Processor', '1 x SATA 6Gb/s Port', 'Ultra-Fast M.2 with PCIe Gen3 x2 Interface'}",https://www.gigaipc.com/upload/catalog_list_pic/QBi-6412A_MEHLJAH-A10-Top-01-510x530px__24B064NO2C.png
QBi-1165G7A,Industrial Motherboards,https://www.gigaipc.com/en/products-detail/QBi-1165G7A/,"{'Form Factor': ['Embedded Compact Board', '105W x 110D (mm)'], 'CPU': ['Intel® Core™ i7-1165G7 Processor', '10nm SuperFin, 4 cores, 8 threads, up to 4.7 GHz', 'TDP 28W'], 'Socket': ['1 x FCBGA1449'], 'Memory': ['2 x DDR4 SO-DIMM sockets, Max. Capacity 64 GB', 'Support Dual Channel DDR4 3200 MHz memory modules'], 'Ethernet': ['2 x GbE LAN Ports (Intel® I219V and Realtek® RTL8118-CG)'], 'Video': ['Integrated Graphics Processor - Intel® Iris® Xᵉ Graphics:', '2 x HDMI 2.0 ports, supporting a maximum resolution of 4096x2160 @60Hz', '(2 independent display outputs)'], 'Audio': ['Realtek® Audio Codec'], 'Expansion Slots': ['1 x 2280 M.2 M-Key (PCIe x4, SATA 6Gb/s)', '1 x 2230 M.2 E-Key'], 'Internal I/O': ['1 x 2-pin power connector', '1 x CPU fan header', '1 x Front panel header', '1 x Front panel audio header', '1 x USB 2.0 header'], 'Front I/O': ['2 x USB 3.2 Gen 2x1', '1 x Power button', '1 x COM Port (RS-232/422/485)'], 'Rear l/O': ['2 x HDMI', '2 x RJ45 LAN Ports', '2 x USB 3.2 Gen 2x1', '1 x Screw Type DC Jack (+9V~48VDC)'], 'TPM': ['1 x TPM header'], 'OS Compatibility': ['Windows 10/11 (x64)'], 'Operating Properties': ['Operating temperature: 0°C to +60°C', 'Operating humidity: 0-90% (non-condensing)', 'Non-operating temperature: -40°C to +85°C', 'Non-operating humidity: 0%-95% (non-condensing)'], 'Packing Content': ['Carton size: 465 x 351 x 217 (mm)', 'Packing Capacity: 10pcs', 'Single Box size: 221 x 178 x 65 (mm)', 'Single Box weight: Approx. 0.5kg'], 'Order Information': ['9MTGU7AHMR-SI (Box packing)'], 'Optional Kit': ['Fansink P/N: 25ST4-113101-A7R', 'Heat spreader P/N: 25ST5-111500-Y0R', 'TPM 2.0 module P/N: 9CTM010NR-00', 'TPM Cable P/N: 25CRZ-100600-S9R']}","{'Intel® Core™ i7-1165G7 Processor', 'Embedded Compact Board with Intel® Core™ i7-1165G7 Processor, Dual Channel DDR4 memory, 1 x COM, 5 x USB, 2 x HDMI', 'Embedded IPC Motherboard', 'Ultra-Fast M.2 with PCIe Gen3 x4 interface', '1 x COM Port (RS-232/422/485)', 'Dual Channel DDR4, 2 x SO-DIMMs', '2 x GbE LAN Ports', '2 x HDMI Ports'}",https://www.gigaipc.com/upload/catalog_list_pic/QBi-1165G7A_1135G7A_1115G4EA_MTGU7AH_A10-Top-510x530px__24B06rh20V.png
QBi-1135G7A,Industrial Motherboards,https://www.gigaipc.com/en/products-detail/QBi-1135G7A/,"{'Form Factor': ['Embedded Compact Board', '105W x 110D(mm)'], 'CPU': ['Intel® Core™ i5-1135G7 Processor', '10nm SuperFin, 4 cores, 8 threads, up to 4.2 GHz', 'TDP 28W'], 'Socket': ['1 x FCBGA1449'], 'Memory': ['2 x DDR4 SO-DIMM sockets, Max. Capacity 64 GB', 'Support Dual Channel DDR4 3200 MHz memory modules'], 'Ethernet': ['2 x GbE LAN Ports (Intel® I219V and Realtek® RTL8118-CG)'], 'Video': ['Integrated Graphics Processor - Intel® Iris® Xᵉ Graphics:', '2 x HDMI 2.0 ports, supporting a maximum resolution of 4096x2160 @60Hz', '(2 independent display outputs)'], 'Audio': ['Realtek® Audio Codec'], 'Expansion Slots': ['1 x 2280 M.2 M-Key (PCIe x4, SATA 6Gb/s)', '1 x 2230 M.2 E-Key'], 'Internal I/O': ['1 x 2-pin power connector', '1 x CPU fan header', '1 x Front panel header', '1 x Front panel audio header', '1 x USB 2.0 header'], 'Front I/O': ['2 x USB 3.2 Gen 2x1', '1 x Power button', '1 x COM Port (RS-232/422/485)'], 'Rear l/O': ['2 x HDMI', '2 x RJ45 LAN Ports', '2 x USB 3.2 Gen 2x1', '1 x Screw Type DC Jack (+9V~48VDC)'], 'TPM': ['1 x TPM header'], 'OS Compatibility': ['Windows 10/11 (x64)'], 'Operating Properties': ['Operating temperature: 0°C to +60°C', 'Operating humidity: 0-90% (non-condensing)', 'Non-operating temperature: -40°C to +85°C', 'Non-operating humidity: 0%-95% (non-condensing)'], 'Packing Content': ['Carton size: 465 x 351 x 217 (mm)', 'Packing Capacity: 10pcs', 'Single Box size: 221 x 178 x 65 (mm)', 'Single Box weight: Approx. 0.5kg'], 'Order Information': ['9MTGU5AHMR-SI (Box packing)'], 'Optional Kit': ['Fansink P/N: 25ST4-113101-A7R', 'Heat spreader P/N: 25ST5-111500-Y0R', 'TPM 2.0 module P/N: 9CTM010NR-00', 'TPM Cable P/N: 25CRZ-100600-S9R']}","{'Embedded Compact Board with Intel® Core™ i5-1135G7 Processor, Dual Channel DDR4 memory, 1 x COM, 5 x USB, 2 x HDMI', 'Ultra-Fast M.2 with PCIe Gen3 x4 interface', 'Intel® Core™ i5-1135G7 Processor', 'Embedded IPC Motherboard', '1 x COM Port (RS-232/422/485)', 'Dual Channel DDR4, 2 x SO-DIMMs', '2 x GbE LAN Ports', '2 x HDMI Ports'}",https://www.gigaipc.com/upload/catalog_list_pic/QBi-1165G7A_1135G7A_1115G4EA_MTGU7AH_A10-Top-510x530px__24B06eAQIt.png
QBi-1115G4EA,Industrial Motherboards,https://www.gigaipc.com/en/products-detail/QBi-1115G4EA/,"{'Form Factor': ['Embedded Compact Board', '105W x 110D(mm)'], 'CPU': ['Intel® Core™ i3-1115G4E Processor', '10nm SuperFin, 2 cores, 4 threads, up to 3.90 GHz', 'TDP 28W'], 'Socket': ['1 x FCBGA1449'], 'Memory': ['2 x DDR4 SO-DIMM sockets, Max. Capacity 64 GB', 'Support Dual Channel DDR4 3200 MHz memory modules'], 'Ethernet': ['2 x GbE LAN Ports (Intel® I219V and Realtek® RTL81118-CG)'], 'Video': ['Integrated Graphics Processor - Intel® Iris® Xᵉ Graphics:', '2 x HDMI 2.0 ports, supporting a maximum resolution of 4096x2160 @60Hz', '(2 independent display outputs)'], 'Audio': ['Realtek® Audio Codec'], 'Expansion Slots': ['1 x 2280 M.2 M-Key (PCIe x4, SATA 6Gb/s)', '1 x 2230 M.2 E-Key'], 'Internal I/O': ['1 x 2-pin power connector', '1 x CPU fan header', '1 x Front panel header', '1 x Front panel audio header', '1 x USB 2.0 header'], 'Front I/O': ['2 x USB 3.2 Gen 2x1', '1 x Power button', '1 x COM Port (RS-232/422/485)'], 'Rear l/O': ['2 x HDMI', '2 x RJ45 LAN Ports', '2 x USB 3.2 Gen 2x1', '1 x Screw Type DC Jack (+9V~48VDC)'], 'TPM': ['1 x TPM header'], 'OS Compatibility': ['Windows 10/11 (x64)'], 'Operating Properties': ['Operating temperature: 0°C to +60°C', 'Operating humidity: 0-90% (non-condensing)', 'Non-operating temperature: -40°C to +85°C', 'Non-operating humidity: 0%-95% (non-condensing)'], 'Packing Content': ['Carton size: 465 x 351 x 217 (mm)', 'Packing Capacity: 10pcs', 'Single Box size: 221 x 178 x 65 (mm)', 'Single Box weight: Approx. 0.5kg'], 'Order Information': ['9MTGU3AHMR-SI (Box packing)'], 'Optional Kit': ['Fansink P/N: 25ST4-113101-A7R', 'Heat spreader P/N: 25ST5-111500-Y0R', 'TPM 2.0 module P/N: 9CTM010NR-00', 'TPM Cable P/N: 25CRZ-100600-S9R']}","{'Ultra-Fast M.2 with PCIe Gen3 x4 interface', 'Embedded IPC Motherboard', 'Intel® Core™ i3-1115G4E Processor', '1 x COM Port (RS-232/422/485)', 'Dual Channel DDR4, 2 x SO-DIMMs', '2 x GbE LAN Ports', '2 x HDMI Ports', 'Embedded Compact Board with Intel® Core™ i3-1115G4E Processor, Dual Channel DDR4 memory, 1 x COM, 5 x USB, 2 x HDMI'}",https://www.gigaipc.com/upload/catalog_list_pic/QBi-1165G7A_1135G7A_1115G4EA_MTGU7AH_A10-Top-510x530px__24B06gGjlY.png
QBi-8665A,Industrial Motherboards,https://www.gigaipc.com/en/products-detail/QBi-8665A/,"{'Form Factor': ['Embedded Compact Board', '105W x 110D (mm)'], 'CPU': ['Intel® Core™ i7-8665UE Processor', '14nm, 4 cores, 8 threads, up to 4.40 GHz', 'vPro support, TDP 15W'], 'Socket': ['1 x FCBGA1528'], 'Memory': ['2 x DDR4 SO-DIMM sockets, Max. Capacity 64 GB', 'Support for DDR4 2400 MHz memory modules'], 'Ethernet': ['2 x GbE LAN Ports (Intel® I219LM and Realtek® RTL8111HS)'], 'Video': ['Integrated Graphics Processor - Intel® UHD Graphics 620 :', '2 x HDMI 1.4 port, supporting a maximum resolution of 4096x2304 @24Hz', '1 x eDP port, supporting a maximum resolution of 4096x2304 @60Hz', '(3 independent display outputs)'], 'Audio': ['Realtek® Audio Codec'], 'Storage': ['1 x SATA 6Gb/s Port (RAID 0/1)'], 'Expansion Slots': ['1 x 2280 M.2 M-Key (PCIe x4, SATA 6Gb/s)', '1 x 2230 M.2 E-Key'], 'Internal I/O': ['1 x 2-pin power connector', '1 x SATA Power header/optional for eDP Power', '1 x CPU fan header', '1 x Front panel header', '1 x Front panel audio header', '1 x USB 2.0 header', '1 x Vertical USB 3.2 Gen 1'], 'Front I/O': ['2 x USB 3.2 Gen 2x1', '1 x Power button', '1 x COM Port (RS-232/422/485)'], 'Rear l/O': ['2 x HDMI', '2 x RJ45 LAN Ports', '2 x USB 3.2 Gen 2x1', '1 x Screw type DC Jack (+9~36VDC)'], 'TPM': ['1 x TPM header (LPC)'], 'OS Compatibility': ['Windows 10 (x64)'], 'Operating Properties': ['Operating temperature: 0°C to +60°C', 'Operating humidity: 0-90% (non-condensing)', 'Non-operating temperature: -40°C to +85°C', 'Non-operating humidity: 0%-95% (non-condensing)'], 'Packing Content': ['Carton size: 465 x 351 x 217 (mm)', 'Packing Capacity: 10pcs', 'Single Box size: 221 x 178 x 65 (mm)', 'Single Box weight: Approx. 0.4kg', 'Including:', 'SATA power cable 150mm x 1 (P/N: 25CRI-150621-K1R)'], 'Order Information': ['9MWHLUDHMR-SI (Box Packing)'], 'Optional Kit': ['Fanless Heatsink P/N: 25ST1-123118-AFR', 'Fansink P/N: 12SF2-01A073-00R', 'Heat spreader P/N: 25ST5-8265A1-A8R', 'TPM 2.0 module P/N: 9CTM000NR-00', 'TPM Cable P/N: 25CRZ-100600-S9R']}","{'Embedded IPC Motherboard', 'Ultra-Fast M.2 with PCIe Gen3 x4 Interface', '1 x COM Port (RS-232/422/485)', 'Embedded Compact Board with Intel® i7-8665UE Processor, Dual Channel DDR4 memory, 1 x COM , 1 x SATA 6Gb/s, 6 x USB', '2 x HDMI, eDP ports for multiple display', 'Dual Channel DDR4, 2 x SO-DIMMs', '2 x GbE LAN Ports', 'Intel® Core™ i7-8665UE Processor', '1 x SATA 6Gb/s Port'}",https://www.gigaipc.com/upload/catalog_list_pic/QBi-8665A_8365A-MWHLUAH-A2.0-Top_510x530px__24B064opgj.png
QBi-8365A,Industrial Motherboards,https://www.gigaipc.com/en/products-detail/QBi-8365A/,"{'Form Factor': ['Embedded Compact Board', '105W x 110D (mm)'], 'CPU': ['Intel® Core™ i5-8365UE Processor', '14nm, 4 cores, 8 threads, up to 4.10 GHz', 'vPro support, TDP 15W'], 'Socket': ['1 x FCBGA1528'], 'Memory': ['2 x DDR4 SO-DIMM sockets, Max. Capacity 64 GB', 'Support for DDR4 2400 MHz memory modules'], 'Ethernet': ['2 x GbE LAN Ports (Intel® I219LM and Realtek® RTL8111HS)'], 'Video': ['Integrated Graphics Processor - Intel® UHD Graphics 620 :', '2 x HDMI 1.4 port, supporting a maximum resolution of 4096x2304 @24Hz', '1 x eDP port, supporting a maximum resolution of 4096x2304 @60Hz', '(3 independent display outputs)'], 'Audio': ['Realtek® Audio Codec'], 'Storage': ['1 x SATA 6Gb/s Port (RAID 0/1)'], 'Expansion Slots': ['1 x 2280 M.2 M-Key (PCIe x4, SATA 6Gb/s)', '1 x 2230 M.2 E-Key'], 'Internal I/O': ['1 x 2-pin power connector', '1 x SATA Power header/optional for eDP Power', '1 x CPU fan header', '1 x Front panel header', '1 x Front panel audio header', '1 x USB 2.0 header', '1 x Vertical USB 3.2 Gen 1'], 'Front I/O': ['2 x USB 3.2 Gen 2x1', '1 x Power button', '1 x COM Port (RS-232/422/485)'], 'Rear l/O': ['2 x HDMI', '2 x RJ45 LAN Ports', '2 x USB 3.2 Gen 2x1', '1 x Screw type DC Jack (+9V~36VDC)'], 'TPM': ['1 x TPM header (LPC)'], 'OS Compatibility': ['Windows 10 (x64)'], 'Operating Properties': ['Operating temperature: 0°C to +60°C', 'Operating humidity: 0-90% (non-condensing)', 'Non-operating temperature: -40°C to +85°C', 'Non-operating humidity: 0%-95% (non-condensing)'], 'Packing Content': ['Carton size: 465 x 351 x 217 (mm)', 'Packing Capacity: 10pcs', 'Single Box size: 221 x 178 x 65 (mm)', 'Single Box weight: Approx. 0.4kg', 'Including:', 'SATA Power Cable 150mm x 1 (P/N: 25CRI-150621-K1R)'], 'Order Information': ['9MWHLUEHMR-SI (Box Packing)'], 'Optional Kit': ['Fanless Heatsink P/N: 25ST1-123118-AFR', 'Fansink P/N: 12SF2-01A073-00R', 'Heat spreader P/N: 25ST5-8265A1-A8R', 'TPM 2.0 module P/N: 9CTM000NR-00', 'TPM Cable P/N: 25CRZ-100600-S9R']}","{'Embedded IPC Motherboard', 'Embedded Compact Board with Intel® i5-8365UE Processor, Dual Channel DDR4 memory, 1 x COM , 1 x SATA 6Gb/s, 6 x USB', 'Ultra-Fast M.2 with PCIe Gen3 x4 Interface', '1 x COM Port (RS-232/422/485)', '2 x HDMI, eDP ports for multiple display', 'Dual Channel DDR4, 2 x SO-DIMMs', 'Intel® Core™ i5-8365UE Processor', '2 x GbE LAN Ports', '1 x SATA 6Gb/s Port'}",https://www.gigaipc.com/upload/catalog_list_pic/QBi-8665A_8365A-MWHLUAH-A2.0-Top_510x530px__24B06CkNMn.png
QBi-8565A,Industrial Motherboards,https://www.gigaipc.com/en/products-detail/QBi-8565A/,"{'Form Factor': ['Embedded Compact Board', '105W x 110D(mm)'], 'CPU': ['Intel® Core™ i7-8565U Processor', '14nm, 4 cores, 8 threads, up to 4.6GHz', 'TDP 15W'], 'Socket': ['1 x FCBGA 1528'], 'Memory': ['2 x DDR4 SO-DIMM sockets, Max. Capacity 64 GB', 'Support Dual channel DDR4 2400 MHz memory modules'], 'Ethernet': ['2 x GbE LAN Ports (Intel® I219V and Realtek® RTL8111HS)'], 'Video': ['Integrated Graphics Processor - Intel® UHD Graphics 620:', '2 x HDMI 1.4 port, supporting a maximum resolution of 4096x2304 @24Hz', '1 x eDP port, supporting a maximum resolution of 4096x2304 @60Hz', '(3 independent display outputs)'], 'Audio': ['Realtek® Audio Codec'], 'Storage': ['1 x SATA 6Gb/s Port (RAID 0/1)'], 'Expansion Slots': ['1 x 2280 M.2 M-Key (PCIe x4, SATA 6Gb/s)', '1 x 2230 M.2 E-Key (WiFi/BT)'], 'Internal I/O': ['1 x 2-pin power connector', '1 x SATA Power header/optional for eDP Power', '1 x CPU fan header', '1 x Front panel header', '1 x Front panel audio header', '1 x USB 2.0 header', '1 x Vertical USB 3.2 Gen 1'], 'Front I/O': ['2 x USB 3.2 Gen 2x1', '1 x Power button', '1 x COM Port (RS-232/422/485)'], 'Rear l/O': ['2 x HDMI', '2 x RJ45 LAN Ports', '2 x USB 3.2 Gen 2x1', '1 x Screw type DC Jack (+9V~36VDC)'], 'TPM': ['1 x TPM header (LPC)'], 'OS Compatibility': ['Windows 10 (x64)'], 'Operating Properties': ['Operating temperature: 0°C to +60°C', 'Operating humidity: 0-90% (non-condensing)', 'Non-operating temperature: -40°C to +85°C', 'Non-operating humidity: 0%-95% (non-condensing)'], 'Packing Content': ['Carton size: 465 x 351 x 217 (mm)', 'Packing Capacity: 10pcs', 'Single Box size: 221 x 178 x 65 (mm)', 'Single Box weight: Approx. 0.4kg', 'Including:', 'SATA power Cable 150mm x 1 (P/N: 25CRI-150621-K1R)'], 'Order Information': ['9MWHLUAHMR-SI (Box Packing)'], 'Optional Kit': ['Fanless Heatsink P/N: 25ST1-123118-AFR', 'Fansink P/N: 12SF2-01A073-00R', 'Heat spreader P/N: 25ST5-8265A1-A8R', 'TPM 2.0 module P/N: 9CTM000NR-00', 'TPM Cable P/N: 25CRZ-100600-S9R']}","{'Ultra-Fast M.2 with PCIe Gen3 x4 interface', 'Embedded IPC Motherboard', '1 x COM Port (RS-232/422/485)', 'Dual Channel DDR4, 2 x SO-DIMMs', 'Intel® Core™ i7-8565U Processor', '2 x GbE LAN Ports', '2 x HDMI Ports, eDP port for multiple display', 'Embedded Compact Board with Intel® Core™ i7-8565U Processor, Dual Channel DDR4 memory, 1 x COM, 1 x SATA 6Gb/s, 6 x USB', '1 x SATA 6Gb/s Port'}",https://www.gigaipc.com/upload/catalog_list_pic/MWHLUAH-QBi-8565A_8265A_8145A-A2.0-Top_510x530px__24B06yBfVp.png
QBi-8265A,Industrial Motherboards,https://www.gigaipc.com/en/products-detail/QBi-8265A/,"{'Form Factor': ['Embedded Compact Board', '105W x 110D(mm)'], 'CPU': ['Intel® Core™ i5-8265U Processor', '14nm, 4 cores, 8 threads, up to 3.9 GHz', 'TDP 15W'], 'Socket': ['1 x FCBGA 1528'], 'Memory': ['2 x DDR4 SO-DIMM sockets, Max. Capacity 64 GB', 'Support Dual channel DDR4 2400 MHz memory modules'], 'Ethernet': ['2 x GbE LAN Ports (Intel® I219V and Realtek® RTL8111HS)'], 'Video': ['Integrated Graphics Processor - Intel® UHD Graphics 620:', '2 x HDMI 1.4 port, supporting a maximum resolution of 4096x2304 @24Hz', '1 x eDP port, supporting a maximum resolution of 4096x2304 @60Hz', '(3 independent display outputs)'], 'Audio': ['Realtek® Audio Codec'], 'Storage': ['1 x SATA 6Gb/s Port (RAID 0/1)'], 'Expansion Slots': ['1 x 2280 M.2 M-Key (PCIe x4, SATA 6Gb/s)', '1 x 2230 M.2 E-Key (WiFi/BT)'], 'Internal I/O': ['1 x 2-pin power connector', '1 x SATA Power header/optional for eDP Power', '1 x CPU fan header', '1 x Front panel header', '1 x Front panel audio header', '1 x USB 2.0 header', '1 x Vertical USB 3.2 Gen 1'], 'Front I/O': ['2 x USB 3.2 Gen 2x1', '1 x Power button', '1 x COM Port (RS-232/422/485)'], 'Rear l/O': ['2 x HDMI', '2 x RJ45 LAN Ports', '2 x USB 3.2 Gen 2x1', '1 x Screw type DC Jack (+9V~36VDC)'], 'TPM': ['1 x TPM header (LPC)'], 'OS Compatibility': ['Windows 10 (x64)'], 'Operating Properties': ['Operating temperature: 0°C to +60°C', 'Operating humidity: 0-90% (non-condensing)', 'Non-operating temperature: -40°C to +85°C', 'Non-operating humidity: 0%-95% (non-condensing)'], 'Packing Content': ['Carton size: 465 x 351 x 217 (mm)', 'Packing Capacity: 10pcs', 'Single Box size: 221 x 178 x 65 (mm)', 'Single Box weight: Approx. 0.4kg', 'Including:', 'SATA power Cable 150mm x 1 (P/N: 25CRI-150621-K1R)'], 'Order Information': ['9MWHLUBHMR-SI (Box Packing)'], 'Optional Kit': ['Fanless Heatsink P/N: 25ST1-123118-AFR', 'Fansink P/N: 12SF2-01A073-00R', 'Heat spreader P/N: 25ST5-8265A1-A8R', 'TPM 2.0 module P/N: 9CTM000NR-00', 'TPM Cable P/N: 25CRZ-100600-S9R']}","{'Embedded Compact Board with Intel® Core™ i5-8265U Processor, Dual Channel DDR4 memory, 1 x COM , 1 x SATA 6Gb/s, 6 x USB', 'Ultra-Fast M.2 with PCIe Gen3 x4 interface', 'Embedded IPC Motherboard', 'Intel® Core™ i5-8265U Processor', '1 x COM Port (RS-232/422/485)', 'Dual Channel DDR4, 2 x SO-DIMMs', '2 x GbE LAN Ports', '2 x HDMI Ports, eDP port for multiple display', '1 x SATA 6Gb/s Port'}",https://www.gigaipc.com/upload/catalog_list_pic/MWHLUAH-QBi-8565A_8265A_8145A-A2.0-Top_510x530px__24B068PNVE.png
QBi-8145A,Industrial Motherboards,https://www.gigaipc.com/en/products-detail/QBi-8145A/,"{'Form Factor': ['Embedded Compact Board', '105W x 110D(mm)'], 'CPU': ['Intel® Core™ i3-8145UE Processor', '14nm, 2 cores, 4 threads, up to 3.9 GHz', 'TDP 15W'], 'Socket': ['1 x FCBGA 1528'], 'Memory': ['2 x DDR4 SO-DIMM sockets, Max. Capacity 64 GB', 'Support Dual channel DDR4 2400 MHz memory modules'], 'Ethernet': ['2 x GbE LAN Ports (Intel® I219V and Realtek® RTL8111HS)'], 'Video': ['Integrated Graphics Processor - Intel® UHD Graphics 620:', '2 x HDMI 1.4 port, supporting a maximum resolution of 4096x2304 @24Hz', '1 x eDP port, supporting a maximum resolution of 4096x2304 @60Hz', '(3 independent display outputs)'], 'Audio': ['Realtek® Audio Codec'], 'Storage': ['1 x SATA 6Gb/s Port (RAID 0/1)'], 'Expansion Slots': ['1 x 2280 M.2 M-Key (PCIe x4, SATA 6Gb/s)', '1 x 2230 M.2 E-Key (WiFi/BT)'], 'Internal I/O': ['1 x 2-pin power connector', '1 x SATA Power header/optional for eDP Power', '1 x CPU fan header', '1 x Front panel header', '1 x Front panel audio header', '1 x USB 2.0 header', '1 x Vertical USB 3.2 Gen 1'], 'Front I/O': ['2 x USB 3.2 Gen 2x1', '1 x Power button', '1 x COM Port (RS-232/422/485)'], 'Rear l/O': ['2 x HDMI', '2 x RJ45 LAN Ports', '2 x USB 3.2 Gen 2x1', '1 x Screw type DC Jack (+9V~36VDC)'], 'TPM': ['1 x TPM header (LPC)'], 'OS Compatibility': ['Windows 10 (x64)'], 'Operating Properties': ['Operating temperature: 0°C to +60°C', 'Operating humidity: 0-90% (non-condensing)', 'Non-operating temperature: -40°C to +85°C', 'Non-operating humidity: 0%-95% (non-condensing)'], 'Packing Content': ['Carton size: 465 x 351 x 217 (mm)', 'Packing Capacity: 10pcs', 'Single Box size: 221 x 178 x 65 (mm)', 'Single Box weight: Approx. 0.4kg', 'Including:', 'SATA power Cable 150mm x 1 (P/N: 25CRI-150621-K1R)'], 'Order Information': ['9MWHLUCHMR-SI (Box Packing)'], 'Optional Kit': ['Fanless Heatsink P/N: 25ST1-123118-AFR', 'Fansink P/N: 12SF2-01A073-00R', 'Heat spreader P/N: 25ST5-8265A1-A8R', 'TPM 2.0 module P/N: 9CTM000NR-00', 'TPM Cable P/N: 25CRZ-100600-S9R']}","{'Embedded Compact Board with Intel® Core™ i3-8145UE Processor, Dual Channel DDR4 memory, 1 x COM, 1 x SATA 6Gb/s, 6 x USB', 'Intel® Core™ i3-8145UE Processor', 'Ultra-Fast M.2 with PCIe Gen3 x4 interface', 'Embedded IPC Motherboard', '1 x COM Port (RS-232/422/485)', 'Dual Channel DDR4, 2 x SO-DIMMs', '2 x GbE LAN Ports', '2 x HDMI Ports, eDP port for multiple display', '1 x SATA 6Gb/s Port'}",https://www.gigaipc.com/upload/catalog_list_pic/MWHLUAH-QBi-8565A_8265A_8145A-A2.0-Top_510x530px__24B06L4w8Z.png
QBi-7100B,Industrial Motherboards,https://www.gigaipc.com/en/products-detail/QBi-7100B/,"{'Form Factor': ['Embedded Compact Board', '105W x 110D(mm)'], 'CPU': ['Intel® Core™ i3-7100U Processor', '14nm, 2 cores, 4 threads, 2.40 GHz', 'TDP 15W'], 'Socket': ['1 x FCBGA 1356'], 'Memory': ['2 x DDR4 SO-DIMM sockets, Max. Capacity 32 GB', 'Support Dual channel DDR4 2133 MHz memory modules'], 'Ethernet': ['1 x GbE LAN Port (Intel® I219V)'], 'Video': ['Integrated Graphics Processor - Intel® HD Graphics 620:', '1 x HDMI 2.0 port, supporting a maximum resolution of 4096x2160 @60Hz', '1 x Mini DP port, supporting a maximum resolution of 4096x2160 @60Hz', '1 x eDP port, supporting a maximum resolution of 3840x2160 @60Hz', '(3 independent display outputs)'], 'Audio': ['Intel® Integrated Audio'], 'Storage': ['1 x SATA 6Gb/s Port (RAID 0/1)'], 'Expansion Slots': ['1 x 2280 M.2 M-Key (PCIe x4, SATA 6Gb/s)', '1 x 2230 M.2 E-Key (WiFi/BT)'], 'Internal I/O': ['1 x 2-pin power connector', '1 x SATA Power header', '1 x CPU fan header', '1 x Front panel header', '2 x USB 2.0 headers', '1 x USB 3.2 Gen 1 header', '1 x COM header (RS-232)'], 'Front I/O': ['2 x USB 3.2 Gen 1', '1 x Power button'], 'Rear l/O': ['1 x HDMI', '1 x Mini Display Port', '1 x RJ45 LAN Port', '2 x USB 3.2 Gen 1', '1 x DC Jack (+12~24VDC)'], 'OS Compatibility': ['Windows 10 (x64)'], 'Operating Properties': ['Operating temperature: 0°C to +60°C', 'Operating humidity: 0-90% (non-condensing)', 'Non-operating temperature: -40°C to +85°C', 'Non-operating humidity: 0%-95% (non-condensing)'], 'Packing Content': ['Carton size: 488 x 361 x 178 (mm)', 'Packing Capacity: 20pcs', 'Including:', 'SATA power Cable 150mm x 1 (P/N: 25CRI-150621-K1R)'], 'Order Information': ['9MFLP3AHNR-SI (Bulk Packing)'], 'Optional Kit': ['Fansink P/N: 25ST4-343202-C1R', 'Heat spreader P/N: 25ST5-CKAA01-A8R', 'TPM 2.0 module P/N: 9CTM000NR-00', 'TPM Cable P/N: 25CRZ-100600-S9R']}","{'Intel® Optane™ Memory Ready', 'Ultra-Fast M.2 with PCIe Gen3 x4 interface', 'Embedded IPC Motherboard', '1 x GbE LAN Port', 'Dual Channel DDR4, 2 x SO-DIMMs', '1 x COM Port (RS-232)', 'Intel® Core™ i3-7100U Processor', 'Embedded Compact Board with Intel® Core™ i3-7100U Processor, Dual Channel DDR4 memory, 1 x COM, 1 x SATA 6Gb/s, 7 x USB', 'HDMI, Mini Display port, eDP ports for multiple display', '1 x SATA 6Gb/s Port'}",https://www.gigaipc.com/upload/catalog_list_pic/QBi-7100B_3965B-Top_510x530px__24B06k6qIr.png
QBi-4200A,Industrial Motherboards,https://www.gigaipc.com/en/products-detail/QBi-4200A/,"{'Form Factor': ['Embedded Compact Board', '105W x 110D(mm)'], 'CPU': ['Intel® Pentium® N4200 Processor', '14nm, 4 cores, 4 threads, up to 2.50 GHz', 'TDP 6W'], 'Socket': ['1 x FCBGA 1296'], 'Memory': ['1 x DDR3L SO-DIMM sockets, Max. Capacity 8GB', 'Support Single Channel DDR3L 1866 MHz memory module'], 'Ethernet': ['1 x GbE LAN Port (Realtek® RTL8111HS)'], 'Video': ['Integrated Graphics Processor -Intel® HD Graphics 505:', '1 x HDMI 1.4 port, supporting a maximum resolution of 3840x2160 @30Hz', '1 x VGA port, supporting a maximum resolution 2560x1600 @60Hz', '1 x eDP port, supporting a maximum resolution of 1920x1080 @60Hz', '(3 independent display outputs)'], 'Audio': ['Realtek® Audio Codec'], 'Storage': ['1 x SATA 6Gb/s Port', '1 x eMMC 32GB'], 'Expansion Slots': ['1 x 2230 M.2 E-Key'], 'Internal I/O': ['1 x 2-pin power connector', '1 x SATA Power header', '1 x CPU fan header', '1 x Front panel header', '2 x USB 2.0 headers', '1 x USB 3.0 header', '1 x COM header (RS-232)'], 'Front I/O': ['2 x USB 3.0', '1 x Power button', '1 x Audio Combo Jack (Headphone & Microphone)'], 'Rear l/O': ['1 x HDMI', '1 x VGA', '1 x RJ45 LAN Port', '2 x USB 3.0'], 'Side I/O': ['1 x DC Jack (+12V~24VDC)'], 'OS Compatibility': ['Windows 10 (x64)'], 'Operating Properties': ['Operating temperature: 0°C to +60°C', 'Operating humidity: 0-90% (non-condensing)', 'Non-operating temperature: -40°C to +85°C', 'Non-operating humidity: 0%-95% (non-condensing)'], 'Packing Content': ['Capacity: 20pcs', 'Carton size: 488 x 361 x 178(mm)', 'Content:', 'SATA Power cable 150mm x 1 (P/N: 25CRI-150621-K1R)'], 'Order Information': ['9MZAPLAHNR-SI (Bulk Packing)'], 'Optional Kit': ['Fanless Heatsink P/N: 12SP2-090018-00R', 'Heat spreader P/N: 25ST5-CGAA00-A8R', 'TPM 2.0 module P/N: 9CTM000NR-00', 'TPM Cable P/N: 25CRZ-100600-S9R']}","{'Embedded Compact Board with Intel® Pentium® Processor N4200, DDR3L memory, 1 x COM, 1 x SATA 6Gb/s, 7 x USB, 32GB eMMC', '1 x SATA 6Gb/s ports', 'Embedded IPC Motherboard', 'Intel® Pentium® Processor N4200', '1 x RS232 COM port', '1 x GbE LAN port', 'HDMI, VGA, eDP ports for multiple display', 'Single Channel DDR3L, 1 x SO-DIMM'}",https://www.gigaipc.com/upload/catalog_list_pic/QBi-4200A_B-Top-01_510x530px__24B06THXfw.png
QBi-4200B,Industrial Motherboards,https://www.gigaipc.com/en/products-detail/QBi-4200B/,"{'Form Factor': ['Embedded Compact board', '105W x 110D(mm)'], 'CPU': ['Intel® Pentium® N4200 Processor', '14nm, 4 cores, 4 threads, up to 2.50 GHz', 'TDP 6W', '2 MB L2 cache'], 'Socket': ['1 x FCBGA 1296'], 'Memory': ['1 x DDR3L SO-DIMM sockets, Max. Capacity 8 GB', 'Support Single Channel DDR3L 1866 MHz memory module'], 'Ethernet': ['1 x GbE LAN Port (Realtek® RTL8111HS)'], 'Video': ['Integrated Graphics Processor - Intel® HD Graphics 505:', '1 x HDMI 1.4 port, supporting a maximum resolution of 3840x2160 @30Hz', '1 x VGA port, supporting a maximum resolution of 2560x1600 @60Hz', '1 x eDP port, supporting a maximum resolution of 1920x1080 @60Hz', '(3 independent display outputs)'], 'Audio': ['Realtek® Audio Codec'], 'Storage': ['1 x SATA 6Gb/s Port'], 'Expansion Slots': ['1 x 2230 M.2 E-Key'], 'Internal I/O': ['1 x 2-pin power connector', '1 x SATA Power header', '1 x CPU fan header', '1 x Front panel header', '2 x USB 2.0 headers', '1 x USB 3.2 Gen 1 header', '1 x COM header (RS-232)'], 'Front I/O': ['2 x USB 3.2 Gen 1', '1 x Power button', '1 x Audio Combo Jack (Headphone & Microphone)'], 'Rear l/O': ['1 x HDMI', '1 x VGA', '1 x RJ45 LAN Port', '2 x USB 3.2 Gen 1'], 'Side I/O': ['1 x DC Jack (+12V~24VDC)'], 'OS Compatibility': ['Windows 10 (x64)'], 'Operating Properties': ['Operating temperature: 0°C to +60°C', 'Operating humidity: 0-90% (non-condensing)', 'Non-operating temperature: -40°C to +85°C', 'Non-operating humidity: 0%-95% (non-condensing)'], 'Packing Content': ['Carton size: 465 x 351 x 217 (mm)', 'Packing Capacity: 10pcs', 'Single Box size: 221 x 178 x 65 (mm)', 'Single Box weight: Approx. 0.45kg', 'Including:', 'SATA Power cable 150mm x 1 (P/N: 25CRI-150621-K1R)'], 'Order Information': ['9MZAPLBHMR-SI (Box Packing)'], 'Optional Kit': ['Fanless Heatsink P/N: 12SP2-090018-00R', 'Heat spreader P/N: 25ST5-CGAA00-A8R', 'TPM 2.0 module P/N: 9CTM000NR-00', 'TPM Cable P/N: 25CRZ-100600-S9R']}","{'Single Channel DDR3L, 1 x SO-DIMM', '1 x GbE LAN Port', 'Embedded IPC Motherboard', 'HDMI, D-sub, eDP ports for multiple display', '1 x COM Port (RS-232)', 'Intel® Pentium® N4200 Processor', 'Embedded Compact Board with Intel® N4200 Processor, DDR3L memory, 1 x COM, 1 x SATA 6Gb/s, 7 x USB', '1 x SATA 6Gb/s Port'}",https://www.gigaipc.com/upload/catalog_list_pic/QBi-4200A_B-Top-01_510x530px__24B06OZiGP.png
QBi-4125A,Industrial Motherboards,https://www.gigaipc.com/en/products-detail/QBi-4125A/,"{'Form Factor': ['Embedded Compact Board', '105W x 110D(mm)'], 'CPU': ['Intel® Celeron® J4125 Processor', '14nm, 4 cores, 4 threads, up to 2.7 GHz', 'TDP 10W'], 'Socket': ['1 x FCBGA 1090'], 'Memory': ['1 x DDR4 SO-DIMM sockets, Max. Capacity 8 GB', 'Support Single Channel DDR4 2400 MHz memory module'], 'Ethernet': ['2 x GbE LAN Ports (Intel® I211AT and Realtek® RTL8111HS)'], 'Video': ['Integrated Graphics Processor - Intel® UHD Graphics 600:', '2 x HDMI 1.4 ports, supporting a maximum resolution of 4096x2160 @30Hz', '1 x eDP port, supporting a maximum resolution of 3840x2160 @60Hz', '(3 independent display outputs)'], 'Audio': ['Realtek® Audio Codec'], 'Storage': ['1 x SATA 6Gb/s Port (RAID 0/1)'], 'Expansion Slots': ['1 x 2280 M.2 M-Key (SATA 6Gb/s)', '1 x 2230 M.2 E-Key'], 'Internal I/O': ['1 x SATA Power header', '1 x CPU fan header', '1 x Power button header', '2 x USB 2.0 headers', '1 x Speaker out header'], 'Front I/O': ['2 x USB 3.2 Gen 1', '1 x COM Port (RS-232)', '1 x Headphone Jack', '1 x Power button'], 'Rear l/O': ['2 x RJ45 LAN Ports', '2 x USB 3.2 Gen 1', '2 x HDMI', '1 x Screw type DC Jack (+12V~19VDC)'], 'OS Compatibility': ['Windows 10 (x64)'], 'Operating Properties': ['Operating temperature: 0°C to +60°C', 'Operating humidity: 0-90% (non-condensing)', 'Non-operating temperature: -40°C to +85°C', 'Non-operating humidity: 0%-95% (non-condensing)'], 'Packing Content': ['Carton size: 465 x 351 x 217 (mm)', 'Packing Capacity: 10pcs', 'Single Box size: 221 x 178 x 65 (mm)', 'Single Box weight: Approx. 0.35kg', 'Including:', 'SATA power Cable 150mm x 1 (P/N: 25CRI-150621-K1R)'], 'Order Information': ['9MGMLKAHMR-SI (Box Packing)'], 'Optional Kit': ['Fanless Heatsink P/N: 25ST1-123001-A7R', 'Heat spreader P/N: 25ST5-CGAA00-A8R']}","{'Embedded Compact Board with Intel® Celeron® J4125 Processor, Single Channel DDR4 memory, 1 x COM, 1 x SATA 6Gb/s, 6 x USB', 'Embedded IPC Motherboard', 'Single Channel DDR4, 1 x SO-DIMM', 'Intel® Celeron® J4125 Processor', '1 x COM Port (RS-232)', '2 x GbE LAN Ports', '2 x HDMI port, eDP ports for multiple display', '1 x SATA 6Gb/s Port'}",https://www.gigaipc.com/upload/catalog_list_pic/QBi-4125A_MGMLKAH-A10-Top-510x530px__24B06xKXax.png
QBi-3965B,Industrial Motherboards,https://www.gigaipc.com/en/products-detail/QBi-3965B/,"{'Form Factor': ['Embedded Compact Board', '105W x 110D(mm)'], 'CPU': ['Intel® Celeron® 3965U Processor', '14nm, 2 cores, 2 threads, 2.20 GHz', 'TDP 15W'], 'Socket': ['1 x FCBGA 1356'], 'Memory': ['2 x DDR4 SO-DIMM sockets, Max. Capacity 32 GB', 'Support Dual Channel DDR4 2133 MHz memory modules'], 'Ethernet': ['1 x GbE LAN Port (Intel® I219V)'], 'Video': ['Integrated Graphics Processor - Intel® HD Graphics 620:', '1 x HDMI 2.0 port, supporting a maximum resolution of 4096x2160 @24Hz', '1 x Mini DP port, supporting a maximum resolution of 4096x2160 @60Hz', '1 x eDP port, supporting a maximum resolution of 3840x2160 @60Hz', '(3 independent display outputs)'], 'Audio': ['Intel® Integrated Audio'], 'Storage': ['1 x SATA 6Gb/s Port'], 'Expansion Slots': ['1 x 2280 M.2 M-Key (SATA 6Gb/s)', '1 x 2230 M.2 E-Key'], 'Internal I/O': ['1 x 2-pin power connector', '1 x SATA Power header', '1 x CPU fan header', '1 x Front panel header', '2 x USB 2.0 headers', '1 x USB 3.2 Gen 1 header', '1 x COM header (RS-232)'], 'Front I/O': ['2 x USB 3.2 Gen 1', '1 x Power button'], 'Rear l/O': ['1 x HDMI', '1 x Mini Display port', '1 x RJ45 LAN Port', '2 x USB 3.2 Gen 1', '1 x DC Jack (+12V~24VDC)'], 'OS Compatibility': ['Windows 10 (x64)'], 'Operating Properties': ['Operating temperature: 0°C to +60°C', 'Operating humidity: 0-90% (non-condensing)', 'Non-operating temperature: -40°C to +85°C', 'Non-operating humidity: 0%-95% (non-condensing)'], 'Packing Content': ['Carton size: 465 x 351 x 217 (mm)', 'Packing Capacity: 10pcs', 'Single Box size: 221 x 178 x 65 (mm)', 'Including:', 'SATA power Cable 150mm x 1 (P/N: 25CRI-200B02-K1R)'], 'Order Information': ['9MFLPCAHMR-SI (Box Packing)'], 'Optional Kit': ['Fansink P/N: 25ST4-343202-C1R', 'Heat spreader P/N: 25ST5-CKAA01-A8R', 'TPM 2.0 module P/N: 9CTM000NR-00', 'TPM Cable P/N: 25CRZ-100600-S9R']}","{'Embedded Compact Board with Intel® Celeron® 3965U Processor, Dual Channel DDR4 memory, 1 x COM , 1 x SATA 6Gb/s, 7 x USB', '1 x GbE LAN Port', 'Embedded IPC Motherboard', 'Dual Channel DDR4, 2 x SO-DIMMs', 'Intel® Celeron® 3965U Processor', '1 x COM Port (RS-232)', 'HDMI, Mini Display port, eDP ports for multiple display', '1 x SATA 6Gb/s Port'}",https://www.gigaipc.com/upload/catalog_list_pic/QBi-7100B_3965B-Top_510x530px__24B06ITrzW.png
PICO-G700A,Industrial Motherboards,https://www.gigaipc.com/en/products-detail/PICO-G700A/,"{'Form Factor': ['PICO ITX', '100W x 72D (mm)'], 'CPU': ['MediaTek Genio 700 (MT8390)', '2 x Arm Cortex-A78, 2.2GHz', '6 x Arm Cortex-A55, 2.0GHz'], 'AI Inference  Computing Power': ['MediaTek 5th-Gen NPU 4.0 TOPS', '(1x MDLA3.0 + 1x Tensilica VP6)'], 'Memory': ['Onboard 8GB LPDDR4X'], 'Ethernet': ['Realtek® RTL8211F-CG (10/100/1000 Mbps)'], 'Video': ['Arm Mali-G57 MC3 GPU, Support OpenGL ES 1.1/2.0/3.2, and Vulkan 1.0/1.1 :', '1 x HDMI 2.0, supporting a maximum resolution of 4096x2160 @60Hz (Android only 1920x1200 @60Hz)', '1 x MIPI-DSI (DSI 7"" 1920x1200) (supports panel model : SHENZHEN STARTEK KD070FHFID078-01C021A)', '1 x eDP (2 x Lan), supporting a maximum resolution of 1920x1080 @60Hz (supports panel model : BOE PV156FHM-N20)', '(2 independent display outputs)'], 'Audio': ['MT6365 (Integrated)'], 'Storage': ['eMMC v5.1 64GB (on board)'], 'Expansion Slots': ['1 x 2230 M.2 E-key slot (PCIe x1, USB2.0), supports WiFi6 : Azurewave AW-XB468NF (IC:MT7921L)', '1 x 3052 M.2 B-Key slot (USB3.0), supports 5G : QUECTEL RM500K-CN / RM520N-GL'], 'Internal I/O': ['1 x Front panel header', '1 x Speaker header', '2 x UART', '1 x GPIO (8 bits) header', '1 x MIPI-DSI', '2 x USB 2.0 headers', '1 x eDP power header', '1 x Nano SIM card slot', '1 x Micro SD card slot'], 'Rear l/O': ['1 x DC In power jack - System adapter 12~24V', '2 x USB 3.0 Ports (Host)', '1 x USB Type C (OTG)', '1 x RJ45 LAN Port', '1 x HDMI', '1 x Combo audio jack (Headphone & Headset)'], 'OS Compatibility': ['Yocto 24.1', 'Ubuntu 22.04', 'Android 13 (by demand)'], 'Operating Properties': ['Operating temperature: -20°C to 60°C', 'Operating humidity: 60°C @ 20-95% (non-condensing)', 'Non-operating temperature: -40°C to 85°C', 'Non-operating humidity: 85°C @ 95% (non-condensing)'], 'Packing Content': ['Carton size: 384 x 251 x 211 (mm)', 'Packing Capacity: 20pcs', 'Single Box size: 168 x 112 x 34 (mm)'], 'Order Information': ['9MG700UJMR-SI (Box packing)']}","{'PICO-ITX with MediaTek Genio 700, Onboard LPDDR4X 8GB, eMMC 64GB, 2 x USB 3.0, 1 x USB Type-C OTG'}",https://www.gigaipc.com/upload/catalog_list_pic/PICO-G700_MG700UJ-A10-Top-B-02-340x353px__25L02rmN9s.webp
PICO-G510A,Industrial Motherboards,https://www.gigaipc.com/en/products-detail/PICO-G510A/,"{'Form Factor': ['PICO ITX', '100W x 72D (mm)'], 'CPU': ['MediaTek Genio 510 (MT8370)', '2 x Arm Cortex-A78, 2.0GHz', '6 x Arm Cortex-A55, 2.0GHz'], 'AI Inference  Computing Power': ['MediaTek 5th-Gen NPU 4.0 TOPS', '(1x MDLA3.0 + 1x Tensilica VP6)'], 'Memory': ['Onboard 8GB LPDDR4X'], 'Ethernet': ['Realtek® RTL8211F-CG (10/100/1000 Mbps)'], 'Video': ['Arm Mali-G57 MC3 GPU, Support OpenGL ES 1.1/2.0/3.2, and Vulkan 1.0/1.1 :', '1 x HDMI 2.0, supporting a maximum resolution of 4096x2160 @60Hz (Android only 1920x1200 @60Hz)', '1 x MIPI-DSI (DSI 7"" 1920x1200) (supports panel model : SHENZHEN STARTEK KD070FHFID078-01C021A)', '1 x eDP (2 x Lan), supporting a maximum resolution of 1920x1080 @60Hz (supports panel model : BOE PV156FHM-N20)', '(2 independent display outputs)'], 'Audio': ['MT6365 (Integrated)'], 'Storage': ['eMMC v5.1 64GB (on board)'], 'Expansion Slots': ['1 x 2230 M.2 E-key slot (PCIe x1, USB2.0), supports WiFi6 : Azurewave AW-XB468NF (IC:MT7921L)', '1 x 3052 M.2 B-Key slot (USB3.0), supports 5G : QUECTEL RM500K-CN / RM520N-GL'], 'Internal I/O': ['1 x Front panel header', '1 x Speaker header', '2 x UART', '1 x GPIO (8 bits) header', '1 x MIPI-DSI', '2 x USB 2.0 headers', '1 x eDP power header', '1 x Nano SIM card slot', '1 x Micro SD card slot'], 'Rear l/O': ['1 x DC In power jack - System adapter 12~24V', '2 x USB 3.0 Ports (Host)', '1 x USB Type C (OTG)', '1 x RJ45 LAN Port', '1 x HDMI', '1 x Combo audio jack (Headphone & Headset)'], 'OS Compatibility': ['Yocto 24.1', 'Ubuntu 22.04', 'Android 13 (by demand)'], 'Operating Properties': ['Operating temperature: -20°C to 60°C', 'Operating humidity: 60°C @ 20-95% (non-condensing)', 'Non-operating temperature: -40°C to 85°C', 'Non-operating humidity: 85°C @ 95% (non-condensing)'], 'Packing Content': ['Carton size: 384 x 251 x 211 (mm)', 'Packing Capacity: 20pcs', 'Single Box size: 168 x 112 x 34 (mm)'], 'Order Information': ['9MG510UJMR-SI (Box packing)']}","{'PICO-ITX with MediaTek Genio 510, Onboard LPDDR4X 8GB, eMMC 64GB, 2 x USB 3.0, 1 x USB Type-C OTG'}",https://www.gigaipc.com/upload/catalog_list_pic/PICO-G700_MG700UJ-A10-Top-B-02-340x353px__25L02cTCG9.webp
PICO-N150A,Industrial Motherboards,https://www.gigaipc.com/en/products-detail/PICO-N150A/,"{'Form Factor': ['PICO ITX', '100W x 72D (mm)'], 'CPU': ['Intel® Processor N150', 'Intel 7, 4 cores, up to 3.60 GHz', 'TDP 6W'], 'Socket': ['FCBGA1264'], 'Memory': ['1 x DDR5 SO-DIMM socket, Max. Capacity 16 GB', 'Support Single Channel DDR5 4800 MHz memory module'], 'Ethernet': ['2 x GbE LAN Ports (Realtek® RTL8111H)'], 'Video': ['Integrated Graphics Processor -', 'Intel® Graphics support:', '1 x HDMI 2.0 port, supporting a maximum resolution of 4096x2160 @60Hz', '1 x LVDS port, supporting a maximum resolution of 1920x1200 @60Hz', '(2 independent display outputs)'], 'Expansion Slots': ['1 x 2280 M.2 M-Key (PCIe Gen 3x2)', '1 x 2230 M.2 E-Key (PCIe x1, USB 2.0)'], 'Internal I/O': ['1 x 4-pin box power connector (+12VDC)', '1 x Front panel header', '1 x COM header (RS-232/422/485)', '2 x USB 2.0 headers', '1 x GPIO (4-bits) header', '1 x Backlight Control header'], 'Rear l/O': ['2 x USB 3.2 Gen 2x1', '2 x RJ45 LAN Ports', '1 x HDMI'], 'TPM': ['Onboard TPM 2.0 security chip', 'INFINEON SLB9670VQ2.0'], 'OS Compatibility': ['Windows 11 IoT Enterprise LTSC 2024(24H2) (x64)'], 'Operating Properties': ['Operating temperature: 0°C to 60°C', 'Operating humidity: 60°C @ 20-95% (non-condensing)', 'Non-operating temperature: -40°C to 85°C', 'Non-operating humidity: 85°C @ 95% (non-condensing)'], 'Packing Content': ['Carton size: 384 x 251 x 211 (mm)', 'Packing Capacity: 20pcs', 'Single Box size: 168 x 112 x 34 (mm)'], 'Order Information': ['9MTWN1AJMR-SI (Box packing)'], 'Optional Kit': ['Fanless sink P/N: 25ST1-1231ZD-Z1R', 'WiFi module Heatsink P/N: 25ST1-1531Z2-S7R', 'M.2 SSD Heatsink P/N: 25ST1-1231ZE-S7R']}","{'PICO-ITX with Intel® Processor N150, Single Channel DDR5 memory, 2 x USB 2.0, 2 x USB 3.2 Gen 2x1'}",https://www.gigaipc.com/upload/catalog_list_pic/Pico-N150A_MTWN1AJ-A11_Top-340x353px__26B03vLEEK.webp
PICO-x7433REA,Industrial Motherboards,https://www.gigaipc.com/en/products-detail/PICO-x7433REA/,"{'Form Factor': ['PICO ITX', '100W x 72D (mm)'], 'CPU': ['Intel® Atom® x7433RE Processor', 'Intel 7, 4 cores, up to 3.40 GHz', 'TDP 9W'], 'Socket': ['FCBGA1264'], 'Memory': ['1 x DDR5 SO-DIMM socket, Max. Capacity 16 GB', 'Support Single Channel DDR5 4800 MHz memory module'], 'Ethernet': ['2 x GbE LAN Ports (Realtek® RTL8111H)'], 'Video': ['Integrated Graphics Processor -', 'Intel® UHD Graphics support:', '1 x HDMI 2.0 port, supporting a maximum resolution of 4096x2160 @60Hz', '1 x LVDS port, supporting a maximum resolution of 1920x1200 @60Hz', '(2 independent display outputs)'], 'Expansion Slots': ['1 x 2280 M.2 M-Key (PCIe Gen 3x2)', '1 x 2230 M.2 E-Key (PCIe x1, USB 2.0)'], 'Internal I/O': ['1 x 4-pin box power connector (+12VDC)', '1 x Front panel header', '1 x COM header (RS-232/422/485)', '2 x USB 2.0 headers', '1 x GPIO (4-bits) header', '1 x Backlight Control header'], 'Rear l/O': ['1 x USB 3.2 Gen 1', '1 x USB 3.2 Gen 2x1', '2 x RJ45 LAN Ports', '1 x HDMI'], 'TPM': ['Onboard TPM 2.0 security chip', 'INFINEON SLB9670VQ2.0'], 'Operating Properties': ['Operating temperature: -20°C to 70°C', 'Operating humidity: 0-90% (non-condensing)', 'Non-operating temperature: -40°C to 85°C', 'Non-operating humidity: 0%-95% (non-condensing)'], 'Packing Content': ['Carton size: 384 x 251 x 211 (mm)', 'Packing Capacity: 20pcs', 'Single Box size: 168 x 112 x 34 (mm)'], 'Order Information': ['9MASLEAJMR-SI (Box packing)'], 'Optional Kit': ['Fanless sink P/N: 25ST1-1231ZD-Z1R', 'WiFi module Heatsink P/N: 25ST1-1531Z2-S7R', 'M.2 SSD Heatsink P/N: 25ST1-1231ZE-S7R']}","{'PICO-ITX with Intel® Atom® x7433RE Processor, Single Channel DDR5 memory, 2 x USB 2.0, 1 x USB 3.2 Gen 2x1, 1 x USB 3.2 Gen 1'}",https://www.gigaipc.com/upload/catalog_list_pic/PICO-x7433REA_MASLEAJ-A11-Top-340x353px__25E09dj7aw.webp
PICO-G350B,Industrial Motherboards,https://www.gigaipc.com/en/products-detail/PICO-G350B/,"{'Form Factor': ['PICO ITX', '100W x 72D (mm)'], 'CPU': ['MT8365 Arm® Quad-Core Cortex®-A53', 'up to 2.0GHz'], 'Memory': ['LPDDR4X 4GB (on board)'], 'Ethernet': ['Integrated 100M Ethernet'], 'Video': ['Integrated Graphics Processor – Mali-G52:', '1 x HDMI port, supporting a maximum resolution of 1280x720 or 1920x1080 (The monitor must use 30Hz to have 1920x1080 resolution)', '1 x LVDS port, supporting a maximum resolution of 1366x768 @24bit or 18bit (Optional)', '1 x MIPI-DSI (Optional)'], 'Audio': ['Integrated - Audio codec and amplifier'], 'Storage': ['eMMC 32GB (on board)'], 'Expansion Slots': ['1 x 2230 M.2 E-Key, support AW-CB451NF-D (IEEE 802.11a/b/g/n/ac Wireless LAN 2T2R and Bluetooth 5.1 Combo Module)'], 'Internal I/O': ['1 x Front panel header', '1 x Front audio header', '1 x Speaker header (2W/4ohm)', '2 x UART', '2 x USB 2.0 headers (host)', '1 x USB 2.0 header (OTG)', '1 x GPIO (8 bits) header', '1 x MIPI-DSI (optional)', '1 x Micro SD Slot'], 'Front I/O': ['1 x OTG USB (internal micro-USB Connector)'], 'Rear l/O': ['1 x DC In power jack - System adapter 12~24V', '2 x USB 2.0 Ports (Host)', '1 x RJ45 LAN Port', '1 x HDMI'], 'OS Compatibility': ['Support Android OS'], 'Operating Properties': ['Operating temperature: 0°C to 60°C', 'Operating humidity: 0-90% (non-condensing)', 'Non-operating temperature: -40°C to 85°C', 'Non-operating humidity: 0%-95% (non-condensing)'], 'Packing Content': ['Carton size: 384 x 251 x 211 (mm)', 'Packing Capacity: 20pcs', 'Single Box size: 168 x112 x34 (mm)', 'Single Box weight: Approx. 0.3kg'], 'Order Information': ['9MI350BJMR-SI (Box packing)']}","{'PICO-ITX with Arm® Quad-Core Cortex®-A53, Onboard LPDDR4X, eMMC 32GB, 4 x USB 2.0, 1 x USB OTG, Support, Support Android OS'}",https://www.gigaipc.com/upload/catalog_list_pic/Pico-G350B_MI350BJ-A10-Top-340x353px__24G02cv6e2.webp
PICO-G350A,Industrial Motherboards,https://www.gigaipc.com/en/products-detail/PICO-G350A/,"{'Form Factor': ['PICO ITX', '100W x 72D (mm)'], 'CPU': ['MT8365 Arm® Quad-Core Cortex®-A53', 'up to 2.0GHz'], 'Memory': ['LPDDR4X 4GB (on board)'], 'Ethernet': ['Integrated 100M Ethernet'], 'Video': ['Integrated Graphics Processor – Mali-G52:', '1 x HDMI port, supporting a maximum resolution of 1280x720 or 1920x1080 (The monitor must use 30Hz to have 1920x1080 resolution)', '1 x LVDS port, supporting a maximum resolution of 1366x768 @24bit or 18bit (Optional)', '1 x MIPI-DSI (Optional)'], 'Audio': ['Integrated - Audio codec and amplifier'], 'Storage': ['eMMC 8GB (on board)'], 'Expansion Slots': ['1 x 2230 M.2 E-Key, support AW-CB451NF-D (IEEE 802.11a/b/g/n/ac Wireless LAN 2T2R and Bluetooth 5.1 Combo Module)'], 'Internal I/O': ['1 x Front panel header', '1 x Front audio header', '1 x Speaker header (2W/4ohm)', '2 x UART', '2 x USB 2.0 headers (host)', '1 x USB 2.0 header (OTG)', '1 x GPIO (8 bits) header', '1 x MIPI-DSI (optional)', '1 x Micro SD Slot'], 'Front I/O': ['1 x OTG USB (internal micro-USB Connector)'], 'Rear l/O': ['1 x DC In power jack - System adapter 12~24V', '2 x USB 2.0 Ports (Host)', '1 x RJ45 LAN Port', '1 x HDMI'], 'OS Compatibility': ['Support Yocto OS'], 'Operating Properties': ['Operating temperature: 0°C to 60°C', 'Operating humidity: 0-90% (non-condensing)', 'Non-operating temperature: -40°C to 85°C', 'Non-operating humidity: 0%-95% (non-condensing)'], 'Packing Content': ['Carton size: 384 x 251 x 211 (mm)', 'Packing Capacity: 20pcs', 'Single Box size: 168 x112 x34 (mm)', 'Single Box weight: Approx. 0.3kg'], 'Order Information': ['9MI350AJMR-SI (Box packing)']}","{'PICO-ITX with Arm® Quad-Core Cortex®-A53, Onboard LPDDR4X, eMMC 8GB, 4 x USB 2.0, 1 x USB OTG, Support, Support Yocto OS'}",https://www.gigaipc.com/upload/catalog_list_pic/PICO-G350A_MI350AJ-SI-A10-Top-340x350px__24D02Wgv7c.webp
PICO-N97A,Industrial Motherboards,https://www.gigaipc.com/en/products-detail/PICO-N97A/,"{'Form Factor': ['PICO ITX', '100W x 72D (mm)'], 'CPU': ['Intel® Processor N97', 'Intel® 7, 4 cores, up to 3.60 GHz', 'TDP 12W'], 'Socket': ['FCBGA1264'], 'Memory': ['1 x DDR5 SO-DIMM socket, Max. Capacity 16 GB', 'Support Single Channel DDR5 4800 MHz memory module'], 'Ethernet': ['2 x GbE LAN Ports (Realtek® RTL8111H)'], 'Video': ['Integrated Graphics Processor -', 'Intel® UHD Graphics support:', '1 x HDMI 2.0 port, supporting a maximum resolution of 4096x2160 @60Hz', '1 x LVDS port, supporting a maximum resolution of 1920x1200 @60Hz', '(2 independent display outputs)'], 'Expansion Slots': ['1 x 2280 M.2 M-Key (PCIe Gen 3x2)', '1 x 2230 M.2 E-Key (PCIe x1, USB 2.0)'], 'Internal I/O': ['1 x 4-pin box power connector (+12VDC)', '1 x Front panel header', '1 x COM header (RS-232/422/485)', '2 x USB 2.0 headers', '1 x GPIO (4-bits) header', '1 x Backlight Control header'], 'Rear l/O': ['2 x USB 3.2 Gen 2x1', '2 x RJ45 LAN Ports', '1 x HDMI'], 'TPM': ['Onboard TPM 2.0 security chip', 'INFINEON SLB9670VQ2.0'], 'Operating Properties': ['Operating temperature: 0°C to 60°C', 'Operating humidity: 0-90% (non-condensing)', 'Non-operating temperature: -40°C to 85°C', 'Non-operating humidity: 0%-95% (non-condensing)'], 'Packing Content': ['Carton size: 384 x 251 x 211 (mm)', 'Packing Capacity: 20pcs', 'Single Box size: 168 x 112 x 34 (mm)'], 'Order Information': ['9MADN9AJMR-SI (Box packing)'], 'Optional Kit': ['Fanless sink P/N: 25ST1-1231ZD-Z1R', 'WiFi module Heatsink P/N: 25ST1-1531Z2-S7R', 'M.2 SSD Heatsink P/N: 25ST1-1231ZE-S7R']}","{'PICO-ITX with Intel® Processor N97, Single Channel DDR5 memory, 2 x USB 2.0, 2 x USB 3.2 Gen 2x1'}",https://www.gigaipc.com/upload/catalog_list_pic/PICO-N97A_MADN9AJ-V11_Top-340x353px__24L31hOkOH.webp
PICO-x7433REAT,Industrial Motherboards,https://www.gigaipc.com/en/products-detail/PICO-x7433REAT/,"{'Form Factor': ['PICO ITX', '100W x 72D (mm)'], 'CPU': ['Intel® Atom® x7433RE Processor', 'Intel 7, 4 cores, up to 3.40 GHz', 'TDP 9W'], 'Socket': ['FCBGA1264'], 'Memory': ['1 x DDR5 SO-DIMM socket, Max. Capacity 16 GB', 'Support Single Channel DDR5 4800 MHz memory module'], 'Ethernet': ['2 x GbE LAN Ports (Realtek® RTL8111H)'], 'Video': ['Integrated Graphics Processor -', 'Intel® UHD Graphics support:', '1 x HDMI 2.0 port, supporting a maximum resolution of 4096x2160 @60Hz', '1 x LVDS port, supporting a maximum resolution of 1920x1200 @60Hz', '(2 independent display outputs)'], 'Expansion Slots': ['1 x 2280 M.2 M-Key (PCIe Gen 3x2)', '1 x 2230 M.2 E-Key (PCIe x1, USB 2.0)'], 'Internal I/O': ['1 x 4-pin box power connector (+12VDC)', '1 x Front panel header', '1 x COM header (RS-232/422/485)', '2 x USB 2.0 headers', '1 x GPIO (4-bits) header', '1 x Backlight Control header'], 'Rear l/O': ['1 x USB 3.2 Gen 1', '1 x USB 3.2 Gen 2x1', '2 x RJ45 LAN Ports', '1 x HDMI'], 'TPM': ['Onboard TPM 2.0 security chip', 'INFINEON SLB9670VQ2.0'], 'Operating Properties': ['Operating temperature: -40°C to 85°C', 'Operating humidity: 0-90% (non-condensing)', 'Non-operating temperature: -40°C to 85°C', 'Non-operating humidity: 0%-95% (non-condensing)'], 'Packing Content': ['Carton size: 384 x 251 x 211 (mm)', 'Packing Capacity: 20pcs', 'Single Box size: 168 x 112 x 34 (mm)'], 'Order Information': ['9MASLEAJMT-SI1 (Box packing)'], 'Optional Kit': ['Fanless sink P/N: 25ST1-1231ZD-Z1R', 'WiFi module Heatsink P/N: 25ST1-1531Z2-S7R', 'M.2 SSD Heatsink P/N: 25ST1-1231ZE-S7R']}","{'PICO-ITX with Intel® Atom® x7433RE Processor, Single Channel DDR5 memory, 2 x USB 2.0, 1 x USB 3.2 Gen 2x1, 1 x USB 3.2 Gen 1, Wide Temperature Board'}",https://www.gigaipc.com/upload/catalog_list_pic/PICO-x7433REA_MASLEAJ-A11-Top-340x353px__25F09Jt3NF.webp
QBiP-x7433REAT,Industrial Motherboards,https://www.gigaipc.com/en/products-detail/QBiP-x7433REAT/,"{'Form Factor': ['3.5"" SBC', '146W x 101.7D(mm)'], 'CPU': ['Intel® Atom® x7433RE Processor', 'Intel 7, 4 cores, up to 3.40 GHz', 'TDP 9W'], 'Socket': ['1 x FCBGA 1264'], 'Memory': ['1 x DDR5 SO-DIMM sockets, Max. Capacity 16 GB', 'Support Single channel DDR5 4800 MHz memory modules'], 'Ethernet': ['2 x 2.5GbE LAN Ports (Intel® I225V)'], 'Video': ['Integrated Graphics Processor -Intel® UHD Graphics:', '2 x HDMI 2.0 port, supporting a maximum resolution of 4096x2160 @60Hz', '1 x LVDS port, supporting a maximum resolution of 1920x1200 @60Hz', '(3 independent display outputs)'], 'Audio': ['Realtek® ALC897'], 'Storage': ['1 x SATA 6Gb/s Port'], 'Expansion Slots': ['1 x 2280 M.2 M-Key (PCIe Gen3x2)', '1 x 2230 M.2 E-Key', '1 x Full-size Mini PCIe with SIM slot'], 'Internal I/O': ['1 x 4-pin box power connector (+12V~36VDC)', '1 x SATA Power header', '1 x CPU fan header', '1 x Front panel header', '1 x Front panel audio header', '1 x 2W Speaker out header', '2 x USB 2.0 headers', '2 x COM headers (RS-232)', '1 x COM header (RS-232/422/485)', '1 x COM header (RS-232/422/485 & RI/5V/12V)', '1 x Backlight Control header', '1 x AT/ATX mode select jumper', '1 x GPIO (8-bits) & SMBus header', '1 x Buzzer header'], 'Rear l/O': ['1 x Headphone Jack', '2 x HDMI', '2 x RJ45 LAN Ports', '2 x USB 3.2 Gen 2x1', '2 x USB 2.0'], 'TPM': ['Onboard TPM 2.0 security chip', 'INFINEON SLB9670VQ2.0'], 'OS Compatibility': ['Windows 10/11 (x64)'], 'Operating Properties': ['Operating temperature: -40°C to 85°C', 'Operating humidity: 0-90% (non-condensing)', 'Non-operating temperature: -40°C to +85°C', 'Non-operating humidity: 0%-95% (non-condensing)'], 'Packing Content': ['Carton size: 375 x 324 x 293 (mm)', 'Packing Capacity: 10pcs', 'Single Box size: 256 x 175 x 59 (mm)', 'Including:', 'SATA power Cable x 1 (P/N: 25CRI-200B02-K1R)', 'Fanless sink x 1 (P/N: 25ST1-1Z3108-A7R)'], 'Order Information': ['9MASLEASMT-SI1 (Box Packing)']}","{'Wide Temperature Embedded Motherboard', 'TPM on board', '1 x COM Port (RS-232/422/485)', '2 x 2.5GbE LAN Ports', 'HDMI, LVDS ports for multiple display', '3.5"" SubCompact Embedded Motherboard with Intel® Atom® x7433RE Processor, Single Channel DDR5 memory, 4 x COM, 1 x SATA 6Gb/s, 6 x USB, TPM on board, Temp -40°C to 85°C', '3.5"" SBC', 'Intel® Atom® x7433RE Processor', '2 x COM Ports (RS-232)', '1 x COM Port (RS-232/422/485 & RI/5V/12V)', '1 x SATA 6Gb/s Port', 'Single Channel DDR5, 1 x SO-DIMM'}",https://www.gigaipc.com/upload/catalog_list_pic/QBiP-X7433RE_MASLEAS-A10-TOP-340x353px__25D24O11Bw.webp
QBiP-1365EBT,Industrial Motherboards,https://www.gigaipc.com/en/products-detail/QBiP-1365EBT/,"{'Form Factor': ['3.5"" SBC', '146W x 101.7D(mm)'], 'CPU': ['Intel® Core™ i7-1365UE Processor', 'Intel® 7, 10 cores, 2P+8E, 12 threads, up to 4.9 GHz', 'TDP 15W', '12 MB Smart Cache'], 'Socket': ['1 x FCBGA1744'], 'Memory': ['2 x DDR4 SO-DIMM sockets, Max. Capacity 64 GB', 'Support Dual Channel DDR4 3200 MHz memory modules'], 'Ethernet': ['2 x 2.5GbE LAN Ports (Intel® I226V & I226LM)'], 'Video': ['Integrated Graphics Processor - Intel® Iris® Xe Graphics eligible:', '2 x HDMI 2.0 ports, supporting a maximum resolution of 4096x2160 @60Hz', '1 x LVDS port, supporting a maximum resolution of 1920x1200 @60Hz', '(3 independent display outputs)'], 'Audio': ['Realtek® ALC269'], 'Storage': ['1 x SATA 6Gb/s Port (SATA RAID 0/1)'], 'Expansion Slots': ['1 x 2280 M.2 M-Key (PCIe Gen4x4, SATA 6Gb/s)', '1 x 2230 M.2 E-Key', '1 x Full-size Mini PCIe with SIM slot'], 'Internal I/O': ['1 x 4-pin box power connector (DC in +9V~36VDC)', '1 x SATA Power header', '1 x CPU fan header', '1 x System fan header', '1 x Front panel header', '1 x Front panel audio header', '1 x 2W Speaker out header', '4 x USB 2.0 headers', '3 x COM headers (RS-232/422/485)', '1 x Backlight Control header', '1 x AT/ATX mode select jumper', '1 x GPIO (8-bits) & SMBus header'], 'Rear l/O': ['1 x COM Port (RS-232/422/485 & RI/5V/12V)', '2 x HDMI', '2 x RJ45 LAN Ports', '4 x USB 3.2 Gen 2x1'], 'TPM': ['Onboard TPM 2.0 security chip', 'INFINEON SLB9672VU2.0'], 'OS Compatibility': ['Windows 10/11 (x64)'], 'Operating Properties': ['Operating temperature: -20°C to 70°C', 'Operating humidity: 0-90% (non-condensing)', 'Non-operating temperature: -40°C to +85°C', 'Non-operating humidity: 0%-95% (non-condensing)'], 'Packing Content': ['Carton size: 375 x 324 x 293 (mm)', 'Packing Capacity: 10pcs', 'Single Box size: 256 x 175 x 59 (mm)', 'Single Box weight: Approx. 0.5kg', 'Including:', 'SATA power Cable x 1 (P/N: 25CRI-200B02-K1R)', 'Fanless sink x 1 (P/N: 25ST1-113105-A7R)'], 'Order Information': ['9MRLU7CSMT-SI1 (Box Packing)']}","{'Intel® Core™ i7-1365UE Processor', 'Ultra-Fast M.2 with PCIe Gen4 x4 interface', '2 x 2.5GbE LAN Ports', 'Dual Channel DDR4, 2 x SO-DIMMs', '2 x HDMI, LVDS ports for multiple display', '4 x USB 3.2 Gen 2x1', '3.5"" SBC', '3 x COM Ports (RS-232/422/485)', '1 x COM Port (RS-232/422/485 & RI/5V/12V)', '3.5"" SubCompact Board with 13th Generation Intel® Core™ i7-1365UE Processor, Dual Channel DDR4 memory, 4 x COM, 1 x SATA 6Gb/s, 4 x USB 3.2 Gen 2x1, 4 x USB 2.0', '1 x SATA 6Gb/s Port', 'Wide Temperature Embedded Motherboard'}",https://www.gigaipc.com/upload/catalog_list_pic/QBiP-1365EB_1335EB_1365EBT_1335EBT_A10-3D-Top-340x353px__25C17ojL5k.webp
QBiP-1335EBT,Industrial Motherboards,https://www.gigaipc.com/en/products-detail/QBiP-1335EBT/,"{'Form Factor': ['3.5"" SBC', '146W x 101.7D(mm)'], 'CPU': ['Intel® Core™ i5-1335UE Processor', 'Intel® 7, 10 cores, 2P+8E, 12 threads, up to 4.6 GHz', 'TDP 15W', '12 MB Smart Cache'], 'Socket': ['1 x FCBGA1744'], 'Memory': ['2 x DDR4 SO-DIMM sockets, Max. Capacity 64 GB', 'Support Dual Channel DDR4 3200 MHz memory modules'], 'Ethernet': ['2 x 2.5GbE LAN Ports (Intel® I226V & I226LM)'], 'Video': ['Integrated Graphics Processor - Intel® Iris® Xe Graphics eligible:', '2 x HDMI 2.0 ports, supporting a maximum resolution of 4096x2160 @60Hz', '1 x LVDS port, supporting a maximum resolution of 1920x1200 @60Hz', '(3 independent display outputs)'], 'Audio': ['Realtek® ALC269'], 'Storage': ['1 x SATA 6Gb/s Port (SATA RAID 0/1)'], 'Expansion Slots': ['1 x 2280 M.2 M-Key (PCIe Gen4x4, SATA 6Gb/s)', '1 x 2230 M.2 E-Key', '1 x Full-size Mini PCIe with SIM slot'], 'Internal I/O': ['1 x 4-pin box power connector (DC in +9V~36VDC)', '1 x SATA Power header', '1 x CPU fan header', '1 x System fan header', '1 x Front panel header', '1 x Front panel audio header', '1 x 2W Speaker out header', '4 x USB 2.0 headers', '3 x COM headers (RS-232/422/485)', '1 x Backlight Control header', '1 x AT/ATX mode select jumper', '1 x GPIO (8-bits) & SMBus header'], 'Rear l/O': ['1 x COM Port (RS-232/422/485 & RI/5V/12V)', '2 x HDMI', '2 x RJ45 LAN Ports', '4 x USB 3.2 Gen 2x1'], 'TPM': ['Onboard TPM 2.0 security chip', 'INFINEON SLB9672VU2.0'], 'OS Compatibility': ['Windows 10/11 (x64)'], 'Operating Properties': ['Operating temperature: -20°C to 70°C', 'Operating humidity: 0-90% (non-condensing)', 'Non-operating temperature: -40°C to +85°C', 'Non-operating humidity: 0%-95% (non-condensing)'], 'Packing Content': ['Carton size: 375 x 324 x 293 (mm)', 'Packing Capacity: 10pcs', 'Single Box size: 256 x 175 x 59 (mm)', 'Single Box weight: Approx. 0.5kg', 'Including:', 'SATA power Cable x 1 (P/N: 25CRI-200B02-K1R)', 'Fanless sink x 1 (P/N: 25ST1-113105-A7R)'], 'Order Information': ['9MRLU5CSMT-SI1 (Box Packing)']}","{'Intel® Core™ i5-1335UE Processor', '3.5"" SubCompact Board with 13th Generation Intel® Core™ i5-1335UE Processor, Dual Channel DDR4 memory, 4 x COM, 1 x SATA 6Gb/s, 4 x USB 3.2 Gen 2x1, 4 x USB 2.0', 'Ultra-Fast M.2 with PCIe Gen4 x4 interface', '2 x 2.5GbE LAN Ports', 'Dual Channel DDR4, 2 x SO-DIMMs', '2 x HDMI, LVDS ports for multiple display', '4 x USB 3.2 Gen 2x1', '3.5"" SBC', '3 x COM Ports (RS-232/422/485)', '1 x COM Port (RS-232/422/485 & RI/5V/12V)', '1 x SATA 6Gb/s Port', 'Wide Temperature Embedded Motherboard'}",https://www.gigaipc.com/upload/catalog_list_pic/QBiP-1365EB_1335EB_1365EBT_1335EBT_A10-3D-Top-340x353px__25C17ZlbFc.webp
QBiP-E3940BT,Industrial Motherboards,https://www.gigaipc.com/en/products-detail/QBiP-E3940BT/,"{'Form Factor': ['3.5"" SBC', '146W x 101.7Dmm'], 'CPU': ['Intel® Atom® x5-E3940 Processor', '14nm, 4 cores, 4 threads, up to 1.8 GHz', 'TDP 9.5W', '2M Cache'], 'Socket': ['1 x FCBGA1296'], 'Memory': ['2 x DDR3L SO-DIMM sockets, Max. Capacity 8GB', 'Support Dual channel DDR3L 1866 MHz memory modules'], 'Ethernet': ['2 x GbE LAN Ports (Realtek® RTL8111H)'], 'Video': ['Integrated Graphics Processor - Intel® HD Graphics 500:', '1 x HDMI 1.4 port, supporting a maximum resolution of 3840x2160 @30Hz', '1 x VGA port, supporting a maximum resolution of 1920x1080 @60Hz (with compatible displays)', '1 x LVDS port, supporting a maximum resolution of 1920x1200 @60Hz', '(3 independent display outputs)'], 'Audio': ['Realtek® ALC897'], 'Storage': ['1 x SATA 6Gb/s Port'], 'Expansion Slots': ['1 x 2242 M.2 M-Key (SATA 6Gb/s)', '1 x Full-size Mini PCIe with SIM slot (PCIe x1 + USB2.0) -- support 3G module'], 'Internal I/O': ['1 x 4-pin box power connector (+9V~36VDC)', '1 x SATA Power header', '1 x System fan header', '1 x Front panel header', '1 x 2W Speaker out header', '4 x USB 2.0 headers', '3 x COM headers (RS-232)', '1 x COM header (RS-232/422/485 & RI/5V/12V)', '1 x Backlight Control header', '1 x AT/ATX mode select jumper', '1 x GPIO (8-bits) & SMBus header', '1 x Buzzer header', '＊Conditional DC-input 9V support with :', '(1) SATA_PWR support 5V only', '(2) LVDS backlight cannot support', '(3) Total power consumption under 50W'], 'Rear l/O': ['1 x Headphone jack', '1 x HDMI', '1 x VGA', '2 x RJ45 LAN Ports', '2 x USB 3.2 Gen 1'], 'TPM': ['1 x TPM header'], 'OS Compatibility': ['Windows 10 (x64)'], 'Operating Properties': ['Operating temperature: -40°C to 85°C', 'Operating humidity: 0-90% (non-condensing)', 'Non-operating temperature: -40°C to 85°C', 'Non-operating humidity: 0%-95% (non-condensing)'], 'Packing Content': ['Carton size: 375 x 324 x 293 (mm)', 'Packing Capacity: 10pcs', 'Single Box size: 256 x 175 x 59 (mm)', 'Including:', 'SATA power Cable x 1 (P/N: 25CRI-200B02-K1R)', 'Fanless Heatsink x 1 (P/N: 25ST1-113103-A7R)'], 'Order Information': ['9MAPLEASMR-SI1 (Box Packing)'], 'Optional Kit': ['TPM 2.0 module P/N: 9CTM000NR-00', 'TPM Cable P/N: 25CRZ-100600-S9R']}","{'HDMI, D-sub, LVDS ports for multiple display', 'Intel® Atom® x5-E3940', '3 x COM Ports (RS-232)', '3.5"" SBC', '2 x GbE LAN Ports', '3.5” SubCompact Wide Temperature Embedded Motherboard with Intel® Atom® x5-E3940 Processor, Dual Channel DDR3L memory, 4 x COM , 1 x SATA 6Gb/s, 6 x USB, Temp -40°C to 85°C', 'M.2 with SATA 6Gb/s', 'Dual Channel DDR3L, 2 x SO-DIMMs', '1 x COM Port (RS-232/422/485 & RI/5V/12V)', '1 x SATA 6Gb/s Port', 'Wide Temperature Embedded Motherboard'}",https://www.gigaipc.com/upload/catalog_list_pic/QBiP-E3940B_MAPLEAS_A10-Top-510x530px__24B06HmmiK.png
QBiP-1185G7EBT,Industrial Motherboards,https://www.gigaipc.com/en/products-detail/QBiP-1185G7EBT/,"{'Form Factor': ['3.5"" SBC', '146W x 101.7D(mm)'], 'CPU': ['Intel® Core™ i7-1185G7E Processor', '10nm SuperFin, 4 cores, 8 threads, up to 4.4 GHz', 'vPro support, TDP 28W', '12 MB Smart Cache'], 'Socket': ['1 x FCBGA1449'], 'Memory': ['2 x DDR4 SO-DIMM sockets, Max. Capacity 64 GB', 'Support Dual Channel DDR4 3200 MHz memory modules'], 'Ethernet': ['2 x GbE LAN Ports (Intel® I219LM and Intel® I211AT)'], 'Video': ['Integrated Graphics Processor - Intel® Iris® Xᵉ Graphics:', '2 x HDMI 2.0 ports, supporting a maximum resolution of 4096x2160 @60Hz', '1 x LVDS port, supporting a maximum resolution of 1920x1200 @60Hz', '(3 independent display outputs)'], 'Audio': ['Realtek® Audio Codec'], 'Storage': ['1 x SATA 6Gb/s Port (SATA RAID 0/1)'], 'Expansion Slots': ['1 x 2280 M.2 M-Key (PCIe x2, SATA 6Gb/s)', '1 x 2230 M.2 E-Key', '1 x Full-size Mini PCIe with SIM slot', '1 x PCIe x1 (Board to Wire connector, PCIe Gen3 x1)'], 'Internal I/O': ['1 x 4-pin box power connector (DC in +9V~48VDC)', '1 x SATA Power header', '1 x CPU fan header', '1 x System fan header', '1 x Front panel header', '1 x Front panel audio header', '1 x 2W Speaker out header', '4 x USB 2.0 headers', '3 x COM headers (RS-232/422/485)', '1 x Backlight Control header', '1 x AT/ATX mode select jumper', '1 x GPIO (8-bits) & SMBus header', '1 x SPI header'], 'Rear l/O': ['1 x COM Port (RS-232/422/485 & RI/5V/12V)', '2 x HDMI', '2 x RJ45 LAN Ports', '4 x USB 3.2 Gen 2x1'], 'TPM': ['1 x TPM header'], 'OS Compatibility': ['Windows 10/11 (x64)'], 'Operating Properties': ['Operating temperature: -20°C to 70°C', 'Operating humidity: 0-90% (non-condensing)', 'Non-operating temperature: -40°C to 85°C', 'Non-operating humidity: 0%-95% (non-condensing)'], 'Packing Content': ['Carton size: 375 x 324 x 293 (mm)', 'Packing Capacity: 10pcs', 'Single Box size: 256 x 175 x 59 (mm)', 'Including:', 'SATA power Cable x 1 (P/N: 25CRI-200B02-K1R)', 'Fanless sink x 1 (P/N: 25ST1-1Z3101-AFR)'], 'Order Information': ['9MTGU7DSMR-SI1 (Box Packing)'], 'Optional Kit': ['TPM 2.0 module P/N: 9CTM010NR-00', 'TPM Cable P/N: 25CRZ-100600-S9R']}","{'Intel® Core™ i7-1185G7E Processor with vPro support', 'Ultra-Fast M.2 with PCIe Gen3 x2 interface', '4 x USB 3.2 Gen 2x1', 'Dual Channel DDR4, 2 x SO-DIMMs', '2 x HDMI, LVDS ports for multiple display', '3.5"" SBC', '2 x GbE LAN Ports', '3 x COM Ports (RS-232/422/485)', '1 x COM Port (RS-232/422/485 & RI/5V/12V)', '3.5” SubCompact Wide Temperature Board with 11th Generation Intel® Core™ i7-1185G7E Processor, Dual Channel DDR4 memory, 4 x COM, 1 x SATA 6Gb/s, 4 x USB 3.2 Gen 2x1, 4 x USB 2.0', '1 x SATA 6Gb/s Port', 'Wide Temperature Embedded Motherboard'}",https://www.gigaipc.com/upload/catalog_list_pic/QBiP-1165G7B_1135G7B_1115G4EB-A10-Top_510x530px__24B06SiFNQ.png
QBiP-1145G7EBT,Industrial Motherboards,https://www.gigaipc.com/en/products-detail/QBiP-1145G7EBT/,"{'Form Factor': ['3.5"" SBC', '146W x 101.7D(mm)'], 'CPU': ['Intel® Core™ i5-1145G7E Processor', '10nm SuperFin, 4 cores, 8 threads, up to 4.1 GHz', 'vPro support, TDP 28W', '8 MB Smart Cache'], 'Socket': ['1 x FCBGA1449'], 'Memory': ['2 x DDR4 SO-DIMM sockets, Max. Capacity 64 GB', 'Support Dual Channel DDR4 3200 MHz memory modules'], 'Ethernet': ['2 x GbE LAN Ports (Intel® I219LM and Intel® I211AT)'], 'Video': ['Integrated Graphics Processor - Intel® Iris® Xᵉ Graphics:', '2 x HDMI 2.0 ports, supporting a maximum resolution of 4096x2160 @60Hz', '1 x LVDS port, supporting a maximum resolution of 1920x1200 @60Hz', '(3 independent display outputs)'], 'Audio': ['Realtek® Audio Codec'], 'Storage': ['1 x SATA 6Gb/s Port (SATA RAID 0/1)'], 'Expansion Slots': ['1 x 2280 M.2 M-Key (PCIe x2, SATA 6Gb/s)', '1 x 2230 M.2 E-Key', '1 x Full-size Mini PCIe with SIM slot', '1 x PCIe x1 (Board to Wire connector, PCIe Gen3 x1)'], 'Internal I/O': ['1 x 4-pin box power connector (DC in +9V~48VDC)', '1 x SATA Power header', '1 x CPU fan header', '1 x System fan header', '1 x Front panel header', '1 x Front panel audio header', '1 x 2W Speaker out header', '4 x USB 2.0 headers', '3 x COM headers (RS-232/422/485)', '1 x Backlight Control header', '1 x AT/ATX mode select jumper', '1 x GPIO (8-bits) & SMBus header', '1 x SPI header'], 'Rear l/O': ['1 x COM Port (RS-232/422/485 & RI/5V/12V)', '2 x HDMI', '2 x RJ45 LAN Ports', '4 x USB 3.2 Gen 2x1'], 'TPM': ['1 x TPM header'], 'OS Compatibility': ['Windows 10/11 (x64)'], 'Operating Properties': ['Operating temperature: -20°C to 70°C', 'Operating humidity: 0-90% (non-condensing)', 'Non-operating temperature: -40°C to 85°C', 'Non-operating humidity: 0%-95% (non-condensing)'], 'Packing Content': ['Carton size: 375 x 324 x 293 (mm)', 'Packing Capacity: 10pcs', 'Single Box size: 256 x 175 x 59 (mm)', 'Including:', 'SATA power Cable x 1 (P/N: 25CRI-200B02-K1R)', 'Fanless sink x 1 (P/N: 25ST1-1Z3101-AFR)'], 'Order Information': ['9MTGU5DSMR-SI1 (Box Packing)'], 'Optional Kit': ['TPM 2.0 module P/N: 9CTM010NR-00', 'TPM Cable P/N: 25CRZ-100600-S9R']}","{'3.5” SubCompact Wide Temperature Board with 11th Generation Intel® Core™ i5-1145G7E Processor, Dual Channel DDR4 memory, 4 x COM, 1 x SATA 6Gb/s, 4 x USB 3.2 Gen 2x1, 4 x USB 2.0', 'Intel® Core™ i5-1145G7E Processor with vPro support', '4 x USB 3.2 Gen 2x1', 'Dual Channel DDR4, 2 x SO-DIMMs', '2 x HDMI, LVDS ports for multiple display', '3.5"" SBC', '2 x GbE LAN Ports', '3 x COM Ports (RS-232/422/485)', '1 x COM Port (RS-232/422/485 & RI/5V/12V)', 'Ultra-Fast M.2 with PCIe Gen3 x2 interface', '1 x SATA 6Gb/s Port', 'Wide Temperature Embedded Motherboard'}",https://www.gigaipc.com/upload/catalog_list_pic/QBiP-1165G7B_1135G7B_1115G4EB-A10-Top_510x530px__24B06GFEHH.png
QBiP-1115G4EBT,Industrial Motherboards,https://www.gigaipc.com/en/products-detail/QBiP-1115G4EBT/,"{'Form Factor': ['3.5"" SBC', '146W x 101.7D(mm)'], 'CPU': ['Intel® Core™ i3-1115G4E Processor', '10nm SuperFin, 2 cores, 4 threads, up to 3.90 GHz', 'TDP 28W', '6 MB Smart Cache'], 'Socket': ['1 x FCBGA1449'], 'Memory': ['2 x DDR4 SO-DIMM sockets, Max. Capacity 64 GB', 'Support Dual Channel DDR4 3200 MHz memory modules'], 'Ethernet': ['2 x GbE LAN Ports (Intel® I219V and Intel® I211AT)'], 'Video': ['Integrated Graphics Processor - Intel® UHD Graphics:', '2 x HDMI 2.0 ports, supporting a maximum resolution of 4096x2160 @60Hz', '1 x LVDS port, supporting a maximum resolution of 1920x1200 @60Hz', '(3 independent display outputs)'], 'Audio': ['Realtek® Audio Codec'], 'Storage': ['1 x SATA 6Gb/s Port (SATA RAID 0/1)'], 'Expansion Slots': ['1 x 2280 M.2 M-Key (PCIe x2, SATA 6Gb/s)', '1 x 2230 M.2 E-Key', '1 x Full-size Mini PCIe with SIM slot', '1 x PCIe x1 (Board to Wire connector, PCIe Gen3 x1)'], 'Internal I/O': ['1 x 4-pin box power connector (DC in +9V~48VDC)', '1 x SATA Power header', '1 x CPU fan header', '1 x System fan header', '1 x Front panel header', '1 x Front panel audio header', '1 x 2W Speaker out header', '4 x USB 2.0 headers', '3 x COM headers (RS-232/422/485)', '1 x Backlight Control header', '1 x AT/ATX mode select jumper', '1 x GPIO (8-bits) & SMBus header', '1 x SPI header'], 'Rear l/O': ['1 x COM Port (RS-232/422/485 & RI/5V/12V)', '2 x HDMI', '2 x RJ45 LAN Ports', '4 x USB 3.2 Gen 2x1'], 'TPM': ['1 x TPM header'], 'OS Compatibility': ['Windows 10/11 (x64)'], 'Operating Properties': ['Operating temperature: -20°C to 70°C', 'Operating humidity: 0-90% (non-condensing)', 'Non-operating temperature: -40°C to 85°C', 'Non-operating humidity: 0%-95% (non-condensing)'], 'Packing Content': ['Carton size: 375 x 324 x 293 (mm)', 'Packing Capacity: 10pcs', 'Single Box size: 256 x 175 x 59 (mm)', 'Including:', 'SATA power Cable x 1 (P/N: 25CRI-200B02-K1R)', 'Fanless Heatsink x 1 (P/N: 25ST1-1Z3101-AFR)'], 'Order Information': ['9MTGU3BSMR-SI1 (Box Packing)'], 'Optional Kit': ['TPM 2.0 module P/N: 9CTM010NR-00', 'TPM Cable P/N: 25CRZ-100600-S9R']}","{'Intel® Core™ i3-1115G4E Processor', '4 x USB 3.2 Gen 2x1', 'Dual Channel DDR4, 2 x SO-DIMMs', '2 x HDMI, LVDS ports for multiple display', '3.5"" SBC', '2 x GbE LAN Ports', '3 x COM Ports (RS-232/422/485)', '3.5” SubCompact Wide Temperature Board with 11th Generation Intel® Core™ i3-1115G4E Processor, Dual Channel DDR4 memory, 4 x COM, 1 x SATA 6Gb/s, 4 x USB 3.2 Gen 2x1, 4 x USB 2.0', '1 x COM Port (RS-232/422/485 & RI/5V/12V)', 'Ultra-Fast M.2 with PCIe Gen3 x2 interface', '1 x SATA 6Gb/s Port', 'Wide Temperature Embedded Motherboard'}",https://www.gigaipc.com/upload/catalog_list_pic/QBiP-1165G7B_1135G7B_1115G4EB-A10-Top-510x530px__24B06qe8uL.png
QBiP-x6413EAT,Industrial Motherboards,https://www.gigaipc.com/en/products-detail/QBiP-x6413EAT/,"{'Form Factor': ['3.5"" SBC', '146W x 101.7Dmm'], 'CPU': ['Intel® Atom® x6413E Processor', '10nm, 4 cores, 4 threads, up to 3.0 GHz', 'TDP 9W'], 'Socket': ['1 x FCBGA1493'], 'Memory': ['2 x DDR4 SO-DIMM sockets, Max. Capacity 32 GB', 'Support Dual channel DDR4 3200 MHz memory modules'], 'Ethernet': ['2 x GbE LAN Ports (Intel® I210AT)'], 'Video': ['Integrated Graphics Processor -', 'Intel® UHD Graphics for 10th Gen Intel® Processors:', '2 x HDMI 2.0 port, supporting a maximum resolution of 4096x2160 @60Hz', '1 x LVDS port, supporting a maximum resolution of 1920x1200 @60Hz', '(3 independent display outputs)'], 'Audio': ['Realtek® Audio Codec'], 'Storage': ['1 x SATA 6Gb/s Port'], 'Expansion Slots': ['1 x 2280 M.2 M-Key (PCIe x2, SATA 6Gb/s)', '1 x Full-size mini PCIe with SIM slot'], 'Internal I/O': ['1 x 4-pin box power connector (DC in +9V~36VDC)', '1 x SATA Power header', '1 x CPU fan header', '1 x Front panel header', '1 x Front panel audio header', '1 x 2W Speaker out header', '2 x USB 2.0 headers', '1 x COM header (RS-232/422/485 & RI/5V/12V)', '1 x COM header (RS-232/422/485)', '2 x COM headers (RS-232)', '1 x Backlight Control header', '1 x AT/ATX mode select jumper', '1 x GPIO (8 bits) & SMBus header', '1 x Buzzer header', '＊Conditional DC-input 9V support with :', '(1) SATA_PWR support 5V only', '(2) LVDS backlight cannot support', '(3) Total power consumption under 50W'], 'Rear l/O': ['1 x Headphone Jack', '2 x HDMI', '2 x RJ45 LAN Ports', '4 x USB 3.2 Gen 1'], 'OS Compatibility': ['Windows 10 (x64)'], 'Operating Properties': ['Operating temperature: -40°C to 85°C', 'Operating humidity: 0-90% (non-condensing)', 'Non-operating temperature: -40°C to 85°C', 'Non-operating humidity: 0%-95% (non-condensing)'], 'Packing Content': ['Carton size: 375 x 324 x 293 (mm)', 'Packing Capacity: 10pcs', 'Single Box size: 256 x 175 x 59 (mm)', 'Including:', 'SATA power Cable x 1 (P/N: 25CRI-200B02-K1R)', 'Fanless Heatsink x 1 (P/N: 25ST1-12311E-A7R)'], 'Order Information': ['9MEHLEASMR-SI1 (Box Packing)']}","{'1 x COM Port (RS-232/422/485)', 'Dual Channel DDR4, 2 x SO-DIMMs', 'M.2 with PCIe x2, SATA 6Gb/s', '2 x HDMI, LVDS ports for multiple display', '3.5"" SBC', '2 x GbE LAN Ports', '3.5” SubCompact Wide Temperature Embedded Motherboard with Intel® Atom® x6413E Processor, Dual Channel DDR4 memory, 4 x COM, 1 x SATA 6Gb/s, 4 x USB 3.2 Gen 1, 2 x USB 2.0, Temp -40°C to 85°C', 'Intel® Atom® x6413E', '2 x COM Ports (RS-232)', '1 x COM Port (RS-232/422/485 & RI/5V/12V)', '1 x SATA 6Gb/s Port', 'Wide Temperature Embedded Motherboard'}",https://www.gigaipc.com/upload/catalog_list_pic/QBiP-x6413EA_MEHLEAS-A10-Top-510x530px__24B068wTJ5.png
QBiP-7200AT,Industrial Motherboards,https://www.gigaipc.com/en/products-detail/QBiP-7200AT/,"{'Form Factor': ['3.5"" SBC', '146W x 101.7D(mm)'], 'CPU': ['Intel® Core™ i5-7200U Processor', '14nm, 2 cores, 4 threads, up to 3.1 GHz', 'TDP 15W', '3 MB SmartCache'], 'Socket': ['1 x FCBGA 1356'], 'Memory': ['2 x DDR4 SO-DIMM sockets, Max. Capacity 32 GB', 'Support Dual channel DDR4 2133 MHz memory modules'], 'Ethernet': ['2 x GbE LAN Ports (Intel® I219V and Intel® I211AT)'], 'Video': ['Integrated Graphics Processor - Intel® HD Graphics 620:', '1 x HDMI 2.0 port, supporting a maximum resolution of 4096x2160 @60Hz', '1 x DP port, supporting a maximum resolution of 4096x2160 @60Hz', '1 x LVDS port, supporting a maximum resolution of 1920x1080 @60Hz', '(3 independent display outputs)'], 'Audio': ['Realtek® Audio Codec'], 'Storage': ['2 x SATA 6Gb/s Ports (RAID 0/1/5)'], 'Expansion Slots': ['1 x 2280 M.2 M-Key (PCIe x4, SATA 6Gb/s)', '1 x 2230 M.2 E-Key', '1 x Full-size Mini PCIe with SIM slot (PCIe x1 + USB2.0) -- support 3G/4G module'], 'Internal I/O': ['1 x 4-pin box power connector (+9V~36VDC)', '2 x SATA Power headers', '1 x CPU fan header', '1 x System fan header', '1 x Front panel header', '1 x Front panel audio header', '1 x 2W Speaker out header', '2 x USB 2.0 headers', '3 x COM headers (RS-232)', '1 x Backlight Control header', '1 x AT/ATX mode select jumper', '1 x GPIO (8-bits) & SMBus header'], 'Rear l/O': ['1 x COM Port (RS-232/422/485 & RI/5V/12V)', '1 x HDMI', '1 x Display Port', '2 x RJ45 LAN Ports', '4 x USB 3.2 Gen 1'], 'TPM': ['1 x TPM header'], 'OS Compatibility': ['Windows 10 (x64)'], 'Operating Properties': ['Operating temperature: -20°C to 70°C', 'Operating humidity: 0-90% (non-condensing)', 'Non-operating temperature: -20°C to 70°C', 'Non-operating humidity: 0%-95% (non-condensing)'], 'Packing Content': ['Carton size: 375 x 324 x 293 (mm)', 'Packing Capacity: 10pcs', 'Single Box size: 256 x 175 x 59 (mm)', 'Including:', 'SATA power Cable x 1 (P/N: 25CRI-200B02-K1R)', 'Fanless Heatsink x 1 (P/N: 25ST1-153108-A7R)'], 'Order Information': ['9MFLP5ASMR-SI1 (Box Packing)'], 'Optional Kit': ['TPM 2.0 module P/N: 9CTM000NR-00', 'TPM Cable P/N: 25CRZ-100600-S9R']}","{'3.5” SubCompact Wide Temperature Board with 7th Generation Intel® Core™ i5-7200U Processor, Dual Channel DDR4 memory, 4 x COM, 2 x SATA 6Gb/s, 6 x USB, Temp -20°C to 70°C', 'Intel® Optane™ Memory Ready', 'HDMI 2.0, Display Port, LVDS ports for multiple display', 'Ultra-Fast M.2 with PCIe Gen3 x4 interface', '3 x COM Ports (RS-232)', 'Dual Channel DDR4, 2 x SO-DIMMs', '2 x SATA 6Gb/s Ports', '3.5"" SBC', '2 x GbE LAN Ports', 'Intel® Core™ i5-7200U Processor', '1 x COM Port (RS-232/422/485 & RI/5V/12V)', 'Wide Temperature Embedded Motherboard'}",https://www.gigaipc.com/upload/catalog_list_pic/QBiP-7100A_7200A_7600A-top_510x530px__24B06LeOs6.png
QBiP-7100AT,Industrial Motherboards,https://www.gigaipc.com/en/products-detail/QBiP-7100AT/,"{'Form Factor': ['3.5"" SBC', '146W x 101.7D(mm)'], 'CPU': ['Intel® Core™ i3-7100U Processor', '14nm, 2 cores, 4 threads, 2.4 GHz', 'TDP 15W', '3 MB SmartCache'], 'Socket': ['1 x FCBGA 1356'], 'Memory': ['2 x DDR4 SO-DIMM sockets, Max. Capacity 32 GB', 'Support Dual channel DDR4 2133 MHz memory modules'], 'Ethernet': ['2 x GbE LAN Ports (Intel® I219V and Intel® I211AT)'], 'Video': ['Integrated Graphics Processor - Intel® HD Graphics 620:', '1 x HDMI 2.0 port, supporting a maximum resolution of 4096x2160 @60Hz', '1 x DP port, supporting a maximum resolution of 4096x2160 @60Hz', '1 x LVDS port, supporting a maximum resolution of 1920x1080 @60Hz', '(3 independent display outputs)'], 'Audio': ['Realtek® Audio Codec'], 'Storage': ['2 x SATA 6Gb/s Ports (RAID 0/1/5)'], 'Expansion Slots': ['1 x 2280 M.2 M-Key (PCIe x4, SATA 6Gb/s)', '1 x 2230 M.2 E-Key (WiFi/BT)', '1 x Full-size Mini PCIe with SIM slot (PCIe x1 + USB2.0) -- support 3G/4G module'], 'Internal I/O': ['1 x 4-pin box power connector (+9V~36VDC)', '2 x SATA Power headers', '1 x CPU fan header', '1 x System fan header', '1 x Front panel header', '1 x Front panel audio header', '1 x 2W Speaker out header', '2 x USB 2.0 headers', '3 x COM headers (RS-232)', '1 x Backlight Control header', '1 x AT/ATX mode select jumper', '1 x GPIO (8-bits) & SMBus header'], 'Rear l/O': ['1 x COM Port (RS-232/422/485 & RI/5V/12V)', '1 x HDMI', '1 x Display Port', '2 x RJ45 LAN Ports', '4 x USB 3.2 Gen 1'], 'TPM': ['1 x TPM header'], 'OS Compatibility': ['Windows 10 (x64)'], 'Operating Properties': ['Operating temperature: -20°C to 70°C', 'Operating humidity: 0-90% (non-condensing)', 'Non-operating temperature: -20°C to 70°C', 'Non-operating humidity: 0%-95% (non-condensing)'], 'Packing Content': ['Carton size: 375 x 324 x 293 (mm)', 'Packing Capacity: 10pcs', 'Single Box size: 256 x 175 x 59 (mm)', 'Including:', 'SATA power Cable x 1 (P/N: 25CRI-200B02-K1R)', 'Fanless Heatsink x 1 (P/N: 25ST1-153108-A7R)'], 'Order Information': ['9MFLP3ASMR-SI1 (Box Packing)'], 'Optional Kit': ['TPM 2.0 module P/N: 9CTM000NR-00', 'TPM Cable P/N: 25CRZ-100600-S9R']}","{'HDMI2.0, Display Port, LVDS ports for multiple display', '3.5” SubCompact Wide Temperature Board with 7th Generation Intel® Core™ i3-7100U Processor, Dual Channel DDR4 memory, 4 x COM , 2 x SATA 6Gb/s, 6 x USB, Temp -20°C to 70°C', 'Intel® Optane™ Memory Ready', 'Ultra-Fast M.2 with PCIe Gen3 x4 interface', '3 x COM Ports (RS-232)', 'Dual Channel DDR4, 2 x SO-DIMMs', '2 x SATA 6Gb/s Ports', '3.5"" SBC', '2 x GbE LAN Ports', 'Intel® Core™ i3-7100U Processor', '1 x COM Port (RS-232/422/485 & RI/5V/12V)', 'Wide Temperature Embedded Motherboard'}",https://www.gigaipc.com/upload/catalog_list_pic/QBiP-7100A_7200A_7600A-top_510x530px__24B060jb4q.png
QBiP-E3940AT,Industrial Motherboards,https://www.gigaipc.com/en/products-detail/QBiP-E3940AT/,"{'Form Factor': ['3.5"" SBC', '146W x 101.7D(mm)'], 'CPU': ['Intel® Atom® x5-E3940 Processor', '14nm, 4 cores, 4 threads, up to 1.8 GHz', 'TDP 9.5W', '2M Cache'], 'Socket': ['1 x FCBGA 1296'], 'Memory': ['2 x DDR3L SO-DIMM sockets, Max. Capacity 8 GB', 'Support Dual channel DDR3L 1866 MHz memory modules'], 'Ethernet': ['2 x GbE LAN Ports (Intel® I211AT)'], 'Video': ['Integrated Graphics Processor - Intel® HD Graphics 500:', '1 x HDMI 1.4 port, supporting a maximum resolution of 3840x2160 @30Hz', '1 x VGA port, supporting a maximum resolution of 1920x1080 @60Hz (with compatible displays)', '1 x LVDS port, supporting a maximum resolution of 1920x1200 @60Hz', '(3 independent display outputs)'], 'Audio': ['Realtek® Audio Codec'], 'Storage': ['1 x SATA 6Gb/s Port'], 'Expansion Slots': ['1 x 2242 M.2 M-Key (SATA 6Gb/s)', '1 x Full-size Mini PCIe with SIM slot (PCIe x1 + USB2.0) -- support 3G module'], 'Internal I/O': ['1 x 4-pin box power connector (+9V~36VDC)', '1 x SATA Power header', '1 x System fan header', '1 x Front panel header', '1 x 2W Speaker out header', '4 x USB 2.0 headers', '3 x COM headers (RS-232)', '1 x COM header (RS-232/422/485 & RI/5V/12V)', '1 x Backlight Control header', '1 x AT/ATX mode select jumper', '1 x GPIO (8-bits) & SMBus header', '1 x Buzzer header', '＊Conditional DC-input 9V support with :', '(1) SATA_PWR support 5V only', '(2) LVDS backlight cannot support', '(3) Total power consumption under 50W'], 'Rear l/O': ['1 x Headphone Jack', '1 x HDMI', '1 x VGA', '2 x RJ45 LAN Ports', '2 x USB 3.2 Gen 1'], 'TPM': ['1 x TPM header'], 'OS Compatibility': ['Windows 10 (x64)'], 'Operating Properties': ['Operating temperature: -40°C to 85°C', 'Operating humidity: 0-90% (non-condensing)', 'Non-operating temperature: -40°C to 85°C', 'Non-operating humidity: 0%-95% (non-condensing)'], 'Packing Content': ['Carton size: 375 x 324 x 293 (mm)', 'Packing Capacity: 10pcs', 'Single Box size: 256 x 175 x 59 (mm)', 'Including:', 'SATA power Cable x 1 (P/N: 25CRI-200B02-K1R)', 'Fanless Heatsink x 1 (P/N: 25ST1-113103-A7R)'], 'Order Information': ['9MAPLKASMR-SI1 (Box Packing)'], 'Optional Kit': ['TPM 2.0 module P/N: 9CTM000NR-00', 'TPM Cable P/N: 25CRZ-100600-S9R']}","{'HDMI, VGA, LVDS ports for multiple display', 'Intel® Atom® x5-E3940', '3 x COM Ports (RS-232)', '3.5"" SBC', '2 x GbE LAN Ports', '3.5” SubCompact Wide Temperature Embedded Motherboard with Intel® Atom® x5-E3940 Processor, Dual Channel DDR3L memory, 4 x COM , 1 x SATA 6Gb/s, 6 x USB, Temp -40°C to 85°C', 'M.2 with SATA 6Gb/s', 'Dual Channel DDR3L, 2 x SO-DIMMs', '1 x COM Port (RS-232/422/485 & RI/5V/12V)', '1 x SATA 6Gb/s Port', 'Wide Temperature Embedded Motherboard'}",https://www.gigaipc.com/upload/catalog_list_pic/QBiP-E3940A-A30_MAPLKAS_Top-01-510x530px__24B06iZL6H.png
QBiP-1900AT,Industrial Motherboards,https://www.gigaipc.com/en/products-detail/QBiP-1900AT/,"{'Form Factor': ['3.5"" SBC', '146W x 101.7D(mm)'], 'CPU': ['Intel® Celeron® J1900 Processor', '22nm, 4 cores, 4 threads, up to 2.42 GHz', 'TDP 10W'], 'Socket': ['1 x FCBGA 1170'], 'Memory': ['1 x DDR3L SO-DIMM sockets, Max. Capacity 8 GB', 'Support Single channel DDR3L 1333 MHz memory module'], 'Ethernet': ['2 x GbE LAN Ports (Intel® I211AT)'], 'Video': ['Integrated Graphics Processor -Intel® HD Graphics 500:', '1 x HDMI 1.4 port, supporting a maximum resolution of 1920x1200 @60Hz', '1 x VGA port, supporting a maximum resolution of 2560x1600 @60Hz (with compatible displays)', '1 x LVDS port, supporting a maximum resolution of 1920x1080 @60Hz', '(2 independent display outputs)'], 'Audio': ['Realtek® Audio Codec'], 'Storage': ['1 x SATA 3Gb/s Port'], 'Expansion Slots': ['1 x 2280 M.2 M-Key (SATA 3Gb/s)', '1 x Full-size Mini PCIe with SIM slot (PCIe x1 + USB2.0) -- support 3G/4G module'], 'Internal I/O': ['1 x 4-pin box power connector (DC in +9V~36VDC) (+48VDC Optional)', '1 x SATA Power header', '1 x System fan header', '1 x Front panel header', '1 x 2W Speaker out header', '4 x USB 2.0 headers', '2 x COM headers (RS-232)', '1 x COM header (RS-232/422/485)', '1 x COM header (RS-232/422/485 & RI/5V/12V)', '1 x Backlight Control header', '1 x AT/ATX mode select jumper', '1 x GPIO (8-bits) & SMBus header', '1 x Buzzer header'], 'Rear l/O': ['1 x Headphone Jack', '1 x HDMI', '1 x VGA', '2 x RJ45 LAN Ports', '1 x USB 2.0', '1 x USB 3.2 Gen 1'], 'TPM': ['1 x TPM header'], 'OS Compatibility': ['Windows 10 (x64)'], 'Operating Properties': ['Operating temperature: -40°C to 85°C', 'Operating humidity: 0-90% (non-condensing)', 'Non-operating temperature: -40°C to 85°C', 'Non-operating humidity: 0%-95% (non-condensing)'], 'Packing Content': ['Carton size: 375 x 324 x 293 (mm)', 'Packing Capacity: 10pcs', 'Single Box size: 256 x 175 x 59 (mm)', 'Including:', 'SATA power Cable x 1 (P/N: 25CRI-200B02-K1R)', 'Fanless Heatsink x 1 (P/N: 25ST1-153107-A7R)'], 'Order Information': ['9MBAYTASMR-SI1 (Box Packing)'], 'Optional Kit': ['TPM 2.0 module P/N: 9CTM000NR-00', 'TPM Cable P/N: 25CRZ-100600-S9R']}","{'HDMI, VGA, LVDS ports for multiple display', '3.5” SubCompact Wide Temperature Embedded Motherboard with Intel® Celeron® J1900 Processor, Single Channel DDR3L memory, 4 x COM, 1 x SATA 3Gb/s, 6 x USB, Temp -40°C to 85°C', '1 x COM Port (RS-232/422/485)', 'Intel® Celeron® J1900 Processor', '1 x SATA 3Gb/s Port', '3.5"" SBC', '2 x GbE LAN Ports', 'M.2 with SATA 3Gb/s', 'Single Channel DDR3L, 1 x SO-DIMM', '2 x COM Ports (RS-232)', '1 x COM Port (RS-232/422/485 & RI/5V/12V)', 'Wide Temperature Embedded Motherboard'}",https://www.gigaipc.com/upload/catalog_list_pic/QBiP-1900A_MBAYTAS_A12-Top-510x530px__24B06tLUNZ.png
QM-G700A,Embedded Systems,https://www.gigaipc.com/en/products-detail/QM-G700A/,"{'Dimension': ['112W x 75.5D x 30.55H (mm)'], 'CPU': ['MediaTek Genio 700 (MT8390)', '2 x Arm Cortex-A78, 2.2GHz', '6 x Arm Cortex-A55, 2.0GHz'], 'AI Inference  Computing  Power': ['MediaTek 5th-Gen NPU 4.0 TOPS', '(1x MDLA3.0 + 1x Tensilica VP6)'], 'Memory': ['Onboard 8GB LPDDR4x'], 'Ethernet': ['Realtek® RTL8211F-CG (10/100/1000 Mbps)'], 'Graphics Support': ['Arm Mali-G57 MC3 GPU, Support OpenGL ES 1.1/2.0/3.2, and Vulkan 1.0/1.1 :', '1 x HDMI 2.0, supporting a maximum resolution of 4096x2160 @60Hz (Android only 1920x1200 @60Hz)'], 'Audio': ['MT6365 (Integrated)'], 'Storage': ['eMMC v5.1 64GB (on board)'], 'Expansion-Slots': ['1 x 2230 M.2 E-key slot (PCIe x1, USB2.0), supports WiFi6 : Azurewave AWXB468NF (IC:MT7921L)', '1 x 3052 M.2 B-Key slot (USB3.0), supports 5G : QUECTEL RM500K-CN / RM520N-GL'], 'Front I/O': ['1 x Micro SD Slot', '2 x External Antenna Holes (Optional)'], 'Rear l/O': ['1 x Power button with LED', '1 x Combo audio jack (Headphone & Headset)', '1 x RJ45 LAN Port', '2 x USB 3.0 Ports (Host)', '1 x USB 2.0 Port', '1 x USB Type C (OTG)', '1 x HDMI', '1 x Screw Type DC Jack'], 'Side I/O': ['1 x GPIO (8 bits)', '4 x External Antenna Holes (Optional)'], 'Power': ['+12~24VDC (Adapter 19V/65W)'], 'Operation Temperature': ['Operating temperature: -20°C to 60°C', 'Operating humidity: 40°C @ 20-95% (non-condensing)', 'Non-operating temperature: -40°C to 85°C', 'Non-operating humidity: 60°C @ 95% (non-condensing)', 'Use wide temperature range memory and storage'], 'Vibration During Operation': ['Operation: IEC 60068-2-64, 3 Grms, random, 5 ~ 500 Hz, 1 hr / Per Axis, With SSD/M.2 2280', 'Non-operation: IEC 60068-2-6, 2 G, Sine, 10 ~ 500 Hz, 1 Oct/min, 1 hr / Per Axis'], 'Shock During Operation': ['Operation: IEC 60068-2-29, 50 G, half sine, 11 ms duration'], 'OS Compatibility': ['Yocto 24.1', 'Ubuntu 22.04', 'Android 13 (by demand)'], 'Packing Content': ['Carton size: 360 x 306 x 220 (mm)', 'Packing Capacity: 5', 'Single Box size: 286 x 178 x 66 (mm)', 'Single Box weight: Approx. 1.0kg', 'Including:', 'Power Cord: Optional (by region)', 'PSU ADP 19V 65W 100-240VAC x 1 (P/N: 25EP0-1065W1-A3S)', 'Wall mount bracket x 2 (P/N:25HBA-G70020-U2R)'], 'Order Information': ['9BQMG700AMR-SI (Box packing)'], 'Remark': ['∗ All specifications are subject to change without notice. Please contact with your sales representative for more information.']}","{'eMMC 64GB', 'System Size : 112W x 75.5D x 30.55H (mm)', 'Onboard 8GB LPDDR4x', 'MediaTek Genio 700 (MT8390)', 'Fanless design', 'Fanless Industrial system including PICO size board with MediaTek Genio 700/ Fanless Design/ Onboard 8GB LPDDR4x / 1 x HDMI', 'Operating Temp. -20°C to 60°C'}",https://www.gigaipc.com/upload/catalog_list_pic/QM-G700A-3D-Right-FrontIO-01-340x353px__26D01y2S67.webp
QM-G510A,Embedded Systems,https://www.gigaipc.com/en/products-detail/QM-G510A/,"{'Dimension': ['112W x 75.5D x 30.55H (mm)'], 'CPU': ['MediaTek Genio 510 (MT8370)', '2 x Arm Cortex-A78, 2.0GHz', '6 x Arm Cortex-A55, 2.0GHz'], 'Memory': ['Onboard 8GB LPDDR4x'], 'Ethernet': ['Realtek® RTL8211F-CG (10/100/1000 Mbps)'], 'Graphics Support': ['Arm Mali-G57 MC3 GPU, Support OpenGL ES 1.1/2.0/3.2, and Vulkan 1.0/1.1 :', '1 x HDMI 2.0, supporting a maximum resolution of 4096x2160 @60Hz (Android only 1920x1200 @60Hz)'], 'Audio': ['MT6365 (Integrated)'], 'Storage': ['eMMC v5.1 64GB (on board)'], 'Expansion-Slots': ['1 x 2230 M.2 E-key slot (PCIe x1, USB2.0), supports WiFi6 : Azurewave AW-XB468NF (IC:MT7921L)', '1 x 3052 M.2 B-Key slot (USB3.0), supports 5G : QUECTEL RM500K-CN / RM520N-GL'], 'Front I/O': ['1 x Micro SD Slot', '2 x External Antenna Holes (Optional)'], 'Rear l/O': ['1 x Power button with LED', '1 x Combo audio jack (Headphone & Headset)', '1 x RJ45 LAN Port', '2 x USB 3.0 Ports (Host)', '1 x USB 2.0 Port', '1 x USB Type C (OTG)', '1 x HDMI', '1 x Screw Type DC Jack'], 'Side I/O': ['1 x GPIO (8 bits)', '4 x External Antenna Holes (Optional)'], 'Power': ['+12~24VDC (Adapter 19V/65W)'], 'Operation Temperature': ['Operating temperature: -20°C to 60°C', 'Operating humidity: 40°C @ 20-95% (non-condensing)', 'Non-operating temperature: -40°C to 85°C', 'Non-operating humidity: 60°C @ 95% (non-condensing)', 'Use wide temperature range memory and storage'], 'Vibration During Operation': ['Operation: IEC 60068-2-64, 3 Grms, random, 5 ~ 500 Hz, 1 hr / Per Axis, With SSD/M.2 2280', 'Non-operation: IEC 60068-2-6, 2 G, Sine, 10 ~ 500 Hz, 1 Oct/min, 1 hr / Per Axis'], 'Shock During Operation': ['Operation: IEC 60068-2-29, 50 G, half sine, 11 ms duration'], 'Packing Content': ['Carton size: 360 x 306 x 220 (mm)', 'Packing Capacity: 5', 'Single Box size: 286 x 178 x 66 (mm)', 'Single Box weight: Approx. 1.0kg', 'Including:', 'Power Cord: Optional (by region)', 'PSU ADP 19V 65W 100-240VAC x 1 (P/N: 25EP0-1065W1-A3S)', 'Wall mount bracket x 2 (P/N:25HBA-G70020-U2R)'], 'Order Information': ['9BQMG510AMR-SI (Box packing)'], 'Remark': ['∗ All specifications are subject to change without notice. Please contact with your sales representative for more information.']}","{'Operating Temp. -20°C to 60°C', 'eMMC 64GB', 'System Size : 112W x 75.5D x 30.55H (mm)', 'Onboard 8GB LPDDR4x', 'Fanless design', 'Fanless Industrial system including PICO size board with MediaTek Genio 510/ Fanless Design/ Onboard 8GB LPDDR4x/ 1 x HDMI', 'MediaTek Genio 510 (MT8370)'}",https://www.gigaipc.com/upload/catalog_list_pic/QM-G700A-3D-Right-FrontIO-01-340x353px__26D01LuiDc.webp
QM-7433REA-A1,Embedded Systems,https://www.gigaipc.com/en/products-detail/QM-7433REA-A1/,"{'Dimension': ['120W x 80D x 52H (mm)'], 'CPU': ['Intel® Atom™ x7433RE Processor', 'Intel 7, 4 cores, up to 3.40 GHz'], 'Memory': ['1 x DDR5 SO-DIMM sockets, Max. Capacity 16 GB', 'Support Single channel DDR5 4800 MHz memory modules'], 'Ethernet': ['2 x GbE LAN Ports (Realtek RTL8111H)'], 'Graphics Support': ['Integrated Graphics Processor - Intel® UHD Graphics support:', '1 x HDMI 2.0 port, supporting a maximum resolution of 4096x2160 @60Hz'], 'Expansion-Slots': ['1 x 2280 M.2 M-Key (PCIe Gen3x2)', '1 x 2230 M.2 E-Key'], 'Front I/O': ['2 x RJ45 LAN Ports', '1 x USB 3.2 Gen 2x1', '1 x USB 3.2 Gen 1', '1 x HDMI', '1 x DC IN', '1 x Power button', '1 x HDD LED', '1 x External Antenna Hole (Optional)'], 'Side I/O': ['2 x USB 2.0', '1 x COM Port (RS-232/422/485)', '1 x GPIO (4 bits)', '1 x External Antenna Hole (Optional)'], 'TPM': ['Onboard TPM 2.0 security chip', 'INFINEON SLB9670VQ2.0'], 'Power': ['+12VDC (Adapter 12V/48W)'], 'Operation Temperature': ['Operating temperature: -20°C to 70°C', 'Operating humidity: 40°C @ 20-95% (non-condensing)', 'Non-operating temperature: -40°C to 85°C', 'Non-operating humidity: 60°C @ 95% (non-condensing)', 'Use wide temperature range memory and storage'], 'Vibration During Operation': ['Operation: IEC 60068-2-64, 3 Grms, random, 5 ~ 500 Hz, 1 hr / Per Axis, With SSD/M.2 2280', 'Non-operation: IEC 60068-2-6, 2 G, Sine, 10 ~ 500 Hz, 1 Oct/min, 1 hr / Per Axis'], 'Shock During Operation': ['Operation: IEC 60068-2-29, 50 G, half sine, 11 ms duration'], 'Packing Content': ['Carton size: 360 x 306 x 220 (mm)', 'Packing Capacity: 5', 'Single Box size: 286 x 178 x 66 (mm)', 'Single Box weight: Approx. 1.0kg', 'Including:', 'Power Cord : Optional (by region)', 'PSU ADP 12V 48W x 1 (P/N: 25EP0-700480-A3S)'], 'Mounting': ['Wall mount P/N: 25HB4-743320-A8R x 2 (Optional)', 'VESA 75/100 P/N: 25HB1-TPL021-S8R x 1 + 12SZ-000001-00R x 1 (Screw) (Optional)'], 'Order Information': ['6BQM7433AMR-SI (Box packing)', '(Built in Components: Please contact with your sales representative for more information or e-mailed to : sales@gigaipc.com)']}","{'System Size : 120W x 80D x 52H(mm)', '1 x COM Port (RS-232/422/485)', 'Intel® Atom x7433RE Processor', '2 x GbE LAN Ports', 'Fanless Industrial system including PICO size board with Intel® Atom x7433RE/ Fanless Design/ Single Channel DDR5 up to 16GB/ 1 x HDMI', 'Fanless design', '1 x GPIO (4-bits)', 'Operating Temp. -20°C to 70°C', 'Single Channel DDR5, 1 x SO-DIMM'}",https://www.gigaipc.com/upload/catalog_list_pic/QM-7433REA-A1-3D-RightsideIO-01-340x353px__25G23VxEd8.png
QB-N150A,Embedded Systems,https://www.gigaipc.com/en/products-detail/QB-N150A/,"{'Dimension': ['118W x 109.4D x 44.4H (mm)'], 'CPU': ['Intel® Processor N150', 'Intel® 7, 4 cores, up to 3.60 GHz'], 'Memory': ['1 x DDR5 SO-DIMM socket, Max. Capacity 16 GB', 'Support Single Channel DDR5 4800 MHz memory module'], 'Ethernet': ['2 x GbE LAN Ports (Realtek® RTL8111H)'], 'Graphics Support': ['Integrated Graphics Processor -', 'Intel® Graphics support:', '2 x HDMI 2.0 port, supporting a maximum resolution of 4096x2160 @60Hz', '1 x DP 1.4 through USB Type C (DP Alt.mode), supporting a maximum resolution of 4096x2160 @60Hz', '(3 independent display outputs)'], 'Audio': ['Realtek® ALC269'], 'Expansion-Slots': ['1 x 2280 M.2 M-Key (PCIe Gen 3x1, SATA 6Gb/s)', '1 x 2230 M.2 E-Key (WiFi/BT)'], 'Front I/O': ['2 x USB 3.2 Gen 2x1', '1 x COM Port (RS-232)', '1 x Combo Audio Jack (Headphone & Headset)', '1 x Power button with LED', '1 x USB 3.2 Type C with DP 1.4b (DP Alt. mode)'], 'Rear l/O': ['2 x RJ45 LAN Ports', '2 x USB 3.2 Gen2x1', '2 x HDMI', '2 x External Antenna Holes (Optional)', '1 x Screw Type DC Jack'], 'TPM': ['Onboard TPM 2.0 security chip', 'NUVOTON NPCT760AABYX'], 'Power': ['+12V~19VDC (Adapter 19V/65W)'], 'Operation Temperature': ['Operating temperature: 0°C to 50°C', 'Operating humidity: 40°C @ 20-95% (non-condensing)', 'Non-operating temperature: -40°C to 85°C', 'Non-operating humidity: 60°C @ 95% (non-condensing)', 'Use wide temperature range memory and storage'], 'Vibration During Operation': ['Operation: IEC 60068-2-64, 3 Grms, random, 5 ~ 500 Hz, 1 hr/ Per Axis, with SSD', 'Non-operation: IEC 60068-2-6, 2 G, Sine, 10 ~ 500 Hz, 1 Oct/min, 1 hr/ Per Axis'], 'Shock During Operation': ['Operation: IEC 60068-2-27, 50 G, half sine, 11 ms duration, with SSD'], 'Packing Content': ['Carton size: 373 x 294 x 296 (mm)', 'Packing Capacity: 8pcs', 'Single Box size: 256 x 173 x 66 (mm)', 'Single Box weight: Approx. 2kg', 'Including:', 'Power Cord: Optional (by region)', 'PSU ADP 19V 65W 100-240VAC x 1 (P/N: 25EP0-1065W1-A3S)', 'VESA Bracket x 1 (P/N: 25HB1-TPL021-S8R)', 'VESA Screws x 1 (P/N: 25KSD-000002-C0R)'], 'Order Information': ['6BQBN150AMR-SI (Box packing)']}",{'Industrial system with Intel® Processor N150 Lockable DC Connector/ 2 x HDMI/ 1 x USB Type C with DP Alt. mode/ 2 x LAN Ports/ 1 x Combo Audio Jack (Headphone & Headset)'},https://www.gigaipc.com/upload/catalog_list_pic/QB-N150A-3D-Left-RearIO_340x353px__25L09ftrwy.webp
QBiX-RPLA1355H-A1,Embedded Systems,https://www.gigaipc.com/en/products-detail/QBiX-RPLA1355H-A1/,"{'Dimension': ['138W x 118D x 74.2H(mm)'], 'CPU': ['Intel® Core™ i7-1355U Processor', 'Intel® 7, 10 cores, 2P+8E, 12 threads, up to 5.0 GHz'], 'Chipset': ['SoC'], 'Memory': ['2 x DDR5 SO-DIMM sockets, Max. Capacity 64 GB', 'Support Dual Channel DDR5 5200 MHz memory modules'], 'Ethernet': ['1 x 2.5 GbE LAN Port (Intel® I226V)', '1 x GbE LAN Port (Realtek RTL8111H)'], 'Graphics Support': ['Integrated Graphics Processor - Intel® Iris® Xe Graphics eligible:', '2 x HDMI 2.0 ports, supporting a maximum resolution of 4096x2160 @60Hz', '1 x DP 1.4 through USB Type C (DP Alt. mode), supporting a maximum resolution of 7680x4320 @30Hz, requires designated graphic driver', '(3 independent display outputs)'], 'Audio': ['Realtek® ALC269'], 'Storage': ['1 x 2.5"" HDD/SSD (SATA 6Gb/s)'], 'Expansion-Slots': ['1 x 2280 M.2 M-Key (PCIe Gen 4x4, SATA 6Gb/s)', '1 x 2230 M.2 E-Key (PCIe x1, USB 2.0)'], 'Front I/O': ['2 x USB 3.2 Gen 2x1', '1 x USB 3.2 type C with DP 1.4b (DP Alt. mode)', '1 x Power button with LED', '1 x HDD LED', '1 x COM Port (RS-232/422/485)', '1 x Combo Audio Jack (Headphone & Headset)'], 'Rear l/O': ['2 x HDMI', '2 x RJ45 LAN Ports', '2 x External Antenna Holes (Optional)', '2 x USB 3.2 Gen 2x1', '1 x Screw type DC Jack'], 'TPM': ['Onboard TPM 2.0 security chip', 'INFINEON SLB9672VU2.0'], 'Power': ['+12V~24VDC (Adapter 19.5V/135W)'], 'Operation Temperature': ['Operating temperature: 0°C to 50°C', 'Operating humidity: 0-90% (non-condensing)', 'Non-operating temperature:-40°C to 85°C', 'Non-operating humidity: 0%-95% (non-condensing)', 'Use wide temperature range memory and storage'], 'Vibration During Operation': ['Operation: IEC 60068-2-64, 3 Grms, random, 5 ~ 500 Hz, 1 hr / Per Axis, With SSD', 'Non-operation: IEC 60068-2-6, 2 G, Sine, 10 ~ 500 Hz, 1 Oct/min, 1 hr / Per Axis'], 'Shock During Operation': ['Operation: IEC 60068-2-27, 50 G, half sine, 11 ms duration, With SSD'], 'Packing Content': ['Carton size: 416 x 409 x 296 (mm)', 'Packing Capacity: 6pcs', 'Single Box size: 258 x 191 x 130 (mm)', 'Single Box weight: Approx. 2.5kg', 'Including:', 'PSU ADP 19.5V 135W 100-240VAC x 1 (P/N: 25EP4-201352-C1S)', 'Power Cord : Optional (by region)', 'Wall Mount Bracket x 2 (P/N: 25HB2-CGAA20-CHR)', 'Screw I Head for 2.5"" HDD M3x8L x 4 (P/N: 25KSG-130081-K1R)', 'Thermal PAD for DRAM2 x 1 (P/N: 25ST3-200086-T5R)'], 'Order Information': ['6BQB1355AMR-SI (Box packing)']}","{'Dual Channel DDR5, 2 x SO-DIMMs', 'Intel® Core™ i7-1355U Processor', '1 x GbE LAN Port', '1 x COM Port (RS-232/422/485)', 'Industrial system with Intel® Core™ i7-1355U Processor / Lockable DC Connector/ 2 x HDMI / 1x DP 1.4 (USB type C – DP Alt. mode)/ 2 x LAN Ports', 'System Size : 138W x 118D x 74.2H (mm)', '2 x HDMI, 1 x DP1.4 (USB type C – DP Alt. mode) for Triple Display', '1 x 2.5GbE LAN Port'}",https://www.gigaipc.com/upload/catalog_list_pic/QBiX-RPLA1355H-A1-3D-Front-Left-01-340x353px__24G05YegbL.png
QBiX-RPLA1335H-A1,Embedded Systems,https://www.gigaipc.com/en/products-detail/QBiX-RPLA1335H-A1/,"{'Dimension': ['138W x 118D x 74.2H(mm)'], 'CPU': ['Intel® Core™ i5-1335U Processor', 'Intel® 7, 10 cores, 2P+8E, 12 threads, up to 4.6 GHz'], 'Chipset': ['SoC'], 'Memory': ['2 x DDR5 SO-DIMM sockets, Max. Capacity 64 GB', 'Support Dual Channel DDR5 5200 MHz memory modules'], 'Ethernet': ['1 x 2.5 GbE LAN Port (Intel® I226V)', '1 x GbE LAN Port (Realtek RTL8111H)'], 'Graphics Support': ['Integrated Graphics Processor - Intel® Iris® Xe Graphics eligible:', '2 x HDMI 2.0 ports, supporting a maximum resolution of 4096x2160 @60Hz', '1 x DP 1.4 through USB Type C (DP Alt. mode), supporting a maximum resolution of 7680x4320 @30Hz, requires designated graphic driver', '(3 independent display outputs)'], 'Audio': ['Realtek® ALC269'], 'Storage': ['1 x 2.5"" HDD/SSD (SATA 6Gb/s)'], 'Expansion-Slots': ['1 x 2280 M.2 M-Key (PCIe Gen 4x4, SATA 6Gb/s)', '1 x 2230 M.2 E-Key (PCIe x1, USB 2.0)'], 'Front I/O': ['2 x USB 3.2 Gen 2x1', '1 x USB 3.2 type C with DP 1.4b (DP Alt. mode)', '1 x Power button with LED', '1 x HDD LED', '1 x COM Port (RS-232/422/485)', '1 x Combo Audio Jack (Headphone & Headset)'], 'Rear l/O': ['2 x HDMI', '2 x RJ45 LAN Ports', '2 x External Antenna Holes (Optional)', '2 x USB 3.2 Gen 2x1', '1 x Screw type DC Jack'], 'TPM': ['Onboard TPM 2.0 security chip', 'INFINEON SLB9672VU2.0'], 'Power': ['+12V~24VDC (Adapter 19.5V/135W)'], 'Operation Temperature': ['Operating temperature: 0°C to 50°C', 'Operating humidity: 0-90% (non-condensing)', 'Non-operating temperature:-40°C to 85°C', 'Non-operating humidity: 0%-95% (non-condensing)', 'Use wide temperature range memory and storage'], 'Vibration During Operation': ['Operation: IEC 60068-2-64, 3 Grms, random, 5 ~ 500 Hz, 1 hr / Per Axis, With SSD', 'Non-operation: IEC 60068-2-6, 2 G, Sine, 10 ~ 500 Hz, 1 Oct/min, 1 hr / Per Axis'], 'Shock During Operation': ['Operation: IEC 60068-2-27, 50 G, half sine, 11 ms duration, With SSD'], 'Packing Content': ['Carton size: 416 x 409 x 296 (mm)', 'Packing Capacity: 6pcs', 'Single Box size: 258 x 191 x 130 (mm)', 'Single Box weight: Approx. 2.5kg', 'Including:', 'PSU ADP 19.5V 135W 100-240VAC x 1 (P/N: 25EP4-201352-C1S)', 'Power Cord : Optional (by region)', 'Wall Mount Bracket x 2 (P/N: 25HB2-CGAA20-CHR)', 'Screw I Head for 2.5"" HDD M3x8L x 4 (P/N: 25KSG-130081-K1R)', 'Thermal PAD for DRAM2 x 1 (P/N: 25ST3-200086-T5R)'], 'Order Information': ['6BQB1335AMR-SI (Box packing)']}","{'Dual Channel DDR5, 2 x SO-DIMMs', '1 x GbE LAN Port', '1 x COM Port (RS-232/422/485)', 'System Size : 138W x 118D x 74.2H (mm)', 'Industrial system with Intel® Core™ i5-1335U Processor / Lockable DC Connector/ 2 x HDMI / 1x DP 1.4 (USB type C – DP Alt. mode)/ 2 x LAN Ports', '2 x HDMI, 1 x DP1.4 (USB type C – DP Alt. mode) for Triple Display', 'Intel® Core™ i5-1335U Processor', '1 x 2.5GbE LAN Port'}",https://www.gigaipc.com/upload/catalog_list_pic/QBiX-RPLA1355H-A1-3D-Front-Left-01-340x353px__24G05gIDEf.png
QBiX-RPLA1315EH-A1,Embedded Systems,https://www.gigaipc.com/en/products-detail/QBiX-RPLA1315EH-A1/,"{'Dimension': ['138W x 118D x 74.2H(mm)'], 'CPU': ['ntel® Core™ i3-1315UE Processor', 'Intel® 7, 6 cores, 2P+4E, 8 threads, up to 4.5 GHz'], 'Chipset': ['SoC'], 'Memory': ['2 x DDR5 SO-DIMM sockets, Max. Capacity 64 GB', 'Support Dual Channel DDR5 5200 MHz memory modules'], 'Ethernet': ['1 x 2.5 GbE LAN Port (Intel® I226V)', '1 x GbE LAN Port (Realtek RTL8111H)'], 'Graphics Support': ['Integrated Graphics Processor - Intel® UHD Graphics for 13th Gen Intel® Processors:', '2 x HDMI 2.0 ports, supporting a maximum resolution of 4096x2160 @60Hz', '1 x DP 1.4 through USB Type C (DP Alt. mode), supporting a maximum resolution of 7680x4320 @30Hz, requires designated graphic driver', '(3 independent display outputs)'], 'Audio': ['Realtek® ALC269'], 'Storage': ['1 x 2.5"" HDD/SSD (SATA 6Gb/s)'], 'Expansion-Slots': ['1 x 2280 M.2 M-Key (PCIe Gen 4x4, SATA 6Gb/s)', '1 x 2230 M.2 E-Key (PCIe x1, USB 2.0)'], 'Front I/O': ['2 x USB 3.2 Gen 2x1', '1 x USB 3.2 type C with DP 1.4b (DP Alt. mode)', '1 x Power button with LED', '1 x HDD LED', '1 x COM Port (RS-232/422/485)', '1 x Combo Audio Jack (Headphone & Headset)'], 'Rear l/O': ['2 x HDMI', '2 x RJ45 LAN Ports', '2 x External Antenna Holes (Optional)', '2 x USB 3.2 Gen 2x1', '1 x Screw type DC Jack'], 'TPM': ['Onboard TPM 2.0 security chip', 'INFINEON SLB9672VU2.0'], 'Power': ['+12V~24VDC (Adapter 19.5V/135W)'], 'Operation Temperature': ['Operating temperature: 0°C to 50°C', 'Operating humidity: 0-90% (non-condensing)', 'Non-operating temperature:-40°C to 85°C', 'Non-operating humidity: 0%-95% (non-condensing)', 'Use wide temperature range memory and storage'], 'Vibration During Operation': ['Operation: IEC 60068-2-64, 3 Grms, random, 5 ~ 500 Hz, 1 hr / Per Axis, With SSD', 'Non-operation: IEC 60068-2-6, 2 G, Sine, 10 ~ 500 Hz, 1 Oct/min, 1 hr / Per Axis'], 'Shock During Operation': ['Operation: IEC 60068-2-27, 50 G, half sine, 11 ms duration, With SSD'], 'Packing Content': ['Carton size: 416 x 409 x 296 (mm)', 'Packing Capacity: 6pcs', 'Single Box size: 258 x 191 x 130 (mm)', 'Single Box weight: Approx. 2.5kg', 'Including:', 'PSU ADP 19.5V 135W 100-240VAC x 1 (P/N: 25EP4-201352-C1S)', 'Power Cord : Optional (by region)', 'Wall Mount Bracket x 2 (P/N: 25HB2-CGAA20-CHR)', 'Screw I Head for 2.5"" HDD M3x8L x 4 (P/N: 25KSG-130081-K1R)', 'Thermal PAD for DRAM2 x 1 (P/N: 25ST3-200086-T5R)'], 'Order Information': ['6BQB1315AMR-SI (Box packing)']}","{'Dual Channel DDR5, 2 x SO-DIMMs', '1 x GbE LAN Port', '1 x COM Port (RS-232/422/485)', 'System Size : 138W x 118D x 74.2H (mm)', 'Intel® Core™ i3-1315UE Processor', 'Industrial system with Intel® Core™ i3-1315UE Processor / Lockable DC Connector/ 2 x HDMI / 1x DP 1.4 (USB type C – DP Alt. mode)/ 2 x LAN Ports', '2 x HDMI, 1 x DP1.4 (USB type C – DP Alt. mode) for Triple Display', '1 x 2.5GbE LAN Port'}",https://www.gigaipc.com/upload/catalog_list_pic/QBiX-RPLA1355H-A1-3D-Front-Left-01-340x353px__24G0504uLR.png
QBiX-ADNAN97-A1,Embedded Systems,https://www.gigaipc.com/en/products-detail/QBiX-ADNAN97-A1/,"{'Dimension': ['118W x 109.4D x 44.4H (mm)'], 'CPU': ['Intel® Processor N97', 'Intel® 7, 4 cores, up to 3.60 GHz'], 'Memory': ['1 x DDR5 SO-DIMM socket, Max. Capacity 16 GB', 'Support Single Channel DDR5 4800 MHz memory module'], 'Ethernet': ['2 x GbE LAN Ports (Realtek® RTL8111H)'], 'Graphics Support': ['Integrated Graphics Processor -', 'Intel® UHD Graphics support:', '2 x HDMI 2.0 port, supporting a maximum resolution of 4096x2160 @60Hz', '(2 independent display outputs)'], 'Audio': ['Realtek® ALC269'], 'Expansion-Slots': ['1 x 2280 M.2 M-Key (PCIe Gen 3x1, SATA 6Gb/s)', '1 x 2230 M.2 E-Key (WiFi/BT)'], 'Front I/O': ['2 x USB 3.2 Gen 2x1', '1 x COM Port (RS-232)', '1 x Combo Audio Jack (Headphone & Headset)', '1 x Power button with LED'], 'Rear l/O': ['2 x RJ45 LAN Ports', '2 x USB 3.2 Gen2x1', '2 x HDMI', '2 x External Antenna Holes (Optional)', '1 x Screw Type DC Jack'], 'TPM': ['Onboard TPM 2.0 security chip', 'NUVOTON NPCT760AABYX'], 'Power': ['+12V~19VDC (Adapter 19V/65W)'], 'Operation Temperature': ['Operating temperature: 0°C to 50°C', 'Operating humidity: 0-90% (non-condensing)', 'Non-operating temperature: -40°C to 85°C', 'Non-operating humidity: 0%-95% (non-condensing)', 'Use wide temperature range memory and storage'], 'Vibration During Operation': ['Operation: IEC 60068-2-64, 3 Grms, random, 5 ~ 500 Hz, 1 hr/ Per Axis, with SSD', 'Non-operation: IEC 60068-2-6, 2 G, Sine, 10 ~ 500 Hz, 1 Oct/min, 1 hr/ Per Axis'], 'Shock During Operation': ['Operation: IEC 60068-2-27, 50 G, half sine, 11 ms duration, with SSD'], 'Packing Content': ['Carton size: 373 x 294 x 296 (mm)', 'Packing Capacity: 8pcs', 'Single Box size: 256 x 173 x 66 (mm)', 'Single Box weight: Approx. 2kg', 'Including:', 'Power Cord: Optional (by region)', 'PSU ADP 19V 65W 100-240VAC x 1 (P/N: 25EP0-1065W1-A3S)', 'VESA Bracket x 1 (P/N: 25HB1-TPL021-S8R)', 'VESA Screws x 1 (P/N: 25KSD-000001-S4R)'], 'Order Information': ['6BQBN970AMR-SI (Box packing)']}",{'Industrial system with Intel® Processor N97 Lockable DC Connector/ 2 x HDMI / 2 x LAN Ports/ 1 x Combo Audio Jack (Headphone & Headset)'},https://www.gigaipc.com/upload/catalog_list_pic/QBiX-ADNAN97-A1-3D-Left-Rear-IO-340x353px__24G02Ddasl.webp
QBiX-EHLA6412-A1,Embedded Systems,https://www.gigaipc.com/en/products-detail/QBiX-EHLA6412-A1/,"{'Dimension': ['118W x 109.4D x 44.4H(mm)'], 'CPU': ['Intel® Celeron® J6412 Processor', '10nm, 4 cores, 4 threads, up to 2.60 GHz', 'TDP 10W'], 'Memory': ['1 x DDR4 SO-DIMM socket, Max. Capacity 32 GB', 'Support Single Channel DDR4 3200 MHz memory modules'], 'Ethernet': ['2 x GbE LAN Ports (Intel® I210AT)'], 'Graphics Support': ['Integrated Graphics Processor - Intel® UHD Graphics for 10th Gen Intel® Processors :', '2 x HDMI 2.0 port, supporting a maximum resolution of 4096x2160 @60Hz', '(2 independent display outputs)'], 'Audio': ['Realtek® Audio Codec'], 'Expansion-Slots': ['1 x 2280 M.2 M-Key (PCIe x2, SATA 6Gb/s)', '1 x 2230 M.2 E-Key (WiFi/BT)'], 'Front I/O': ['2 x USB 3.2 Gen 2x1', '1 x COM Port (RS-232)', '1 x Combo Audio Jack (Headphone & Headset)', '1 x Power button with LED'], 'Rear l/O': ['2 x RJ45 LAN Ports', '2 x USB 3.2 Gen 2x1', '2 x HDMI', '2 x External Antenna Holes (Optional)', '1 x Screw Type DC Jack'], 'Power': ['+12V~19VDC (Adapter 19V/65W)'], 'Operation Temperature': ['Operating temperature: 0°C to 50°C', 'Operating humidity: 0-90% (non-condensing)', 'Non-operating temperature: -40°C to 85°C', 'Non-operating humidity: 0%-95% (non-condensing)', 'Use wide temperature range memory and storage'], 'Vibration During Operation': ['Operation: IEC 60068-2-64, 3 Grms, random, 5 ~ 500 Hz, 1 hr / Per Axis, With SSD', 'Non-operation: IEC 60068-2-6, 2 G, Sine, 10 ~ 500 Hz, 1 Oct/min, 1 hr / Per Axis'], 'Shock During Operation': ['Operation: IEC 60068-2-27, 50 G, half sine, 11 ms duration, With SSD'], 'Packing Content': ['Carton size: 373 x 294 x 296 (mm)', 'Packing Capacity: 8pcs', 'Single Box size: 256 x 173 x 66 (mm)', 'Single Box weight: Approx. 1.7kg', 'Including:', 'Power Cord : Optional (by region)', 'PSU ADP 19V 65W 100-240VAC x 1 (P/N: 25EP0-1065W1-A3S)', 'VESA Bracket x 1 (P/N: 25HB1-TPL021-S8R)', 'VESA Screws x 1 (P/N: 25KSD-000001-S4R)'], 'Order Information': ['6BQB6412AMR-SI (Box packing)']}","{'System Size : 118W x 109.4D x 44.4H (mm)', 'Single Channel DDR4, 1 x SO-DIMM', '2 x HDMI for Dual display', '1 x COM Port (RS-232)', '2 x GbE LAN Ports', 'Intel® Celeron® J6412 Processor', 'Industrial system with Intel® Celeron® J6412 Processor/ Lockable DC Connector/ 2 x HDMI / 2 x LAN Ports/ 1 x Combo Audio Jack (Headphone & Headset)'}",https://www.gigaipc.com/upload/catalog_list_pic/QBiX-EHLA6412-A1_OK-3D-Front-01_510x530px__24C12fXlJr.png
QBiX-TGLA1135G7-A1,Embedded Systems,https://www.gigaipc.com/en/products-detail/QBiX-TGLA1135G7-A1/,"{'Dimension': ['138W x 118D x 74.2H(mm)'], 'CPU': ['Intel® Core™ i5-1135G7 Processor', '10nm SuperFin, 4 cores, 8 threads, up to 4.2 GHz'], 'Chipset': ['SoC'], 'Memory': ['2 x DDR4 SO-DIMM socket, Max. Capacity 64 GB', 'Support Dual Channel DDR4 3200 MHz memory modules'], 'Ethernet': ['1 x GbE LAN Port (Intel® I219V)', '1 x GbE LAN Port (Realtek® RTL8111HS)'], 'Graphics Support': ['Integrated Graphics Processor - Intel® Iris® Xᵉ Graphics:', '2 x HDMI 2.0 ports, supporting a maximum resolution of 4096x2160 @60Hz', '(2 independent display outputs)'], 'Audio': ['Realtek® Audio Codec'], 'Expansion-Slots': ['1 x 2280 M.2 M-Key (PCIe x4, SATA 6Gb/s)', '1 x 2230 M.2 E-Key (WiFi/BT)'], 'Front I/O': ['2 x USB 3.2 Gen 2x1', '1 x Power Button with LED', '2 x External Antenna Holes (Optional)', '1 x HDD LED', '1 x COM Port (RS-232/422/845)', '1 x Headphone Jack'], 'Rear l/O': ['2 x HDMI', '2 x RJ45 LAN Ports', '2 x USB 3.2 Gen 2x1', '1 x Screw type DC Jack'], 'Power': ['+9V~48VDC (Adapter 19.5V/135W)'], 'Operation Temperature': ['Operating temperature: 0°C to 50°C', 'Operating humidity: 0-90% (non-condensing)', 'Non-operating temperature:-40°C to 85°C', 'Non-operating humidity: 0%-95% (non-condensing)', 'Use wide temperature range memory and storage'], 'Vibration During Operation': ['Operation: IEC 60068-2-64, 3 Grms, random, 5 ~ 500 Hz, 1 hr / Per Axis, With SSD', 'Non-operation: IEC 60068-2-6, 2 G, Sine, 10 ~ 500 Hz, 1 Oct/min, 1 hr / Per Axis'], 'Shock During Operation': ['Operation: IEC 60068-2-27, 50 G, half sine, 11 ms duration, With SSD'], 'Packing Content': ['Carton size: 416 x 409 x 296 (mm)', 'Packing Capacity: 6pcs', 'Single Box size: 258 x 191 x 130 (mm)', 'Single Box weight: Approx. 2.5kg', 'Including:', 'PSU ADP 19.5V 135W 100-240VAC x 1 (P/N: 25EP4-201352-C1S)', 'Power Cord : Optional (by region)', 'Wall Mount Bracket x 2 (P/N: 25HB2-CGAA20-CHR)'], 'Order Information': ['6BQB1135AMR-SI (Box packing)']}","{'Intel® Core™ i5-1135G7 Processor', '1 x COM Port (RS-232/422/485)', 'System Size : 138W x 118D x 74.2H (mm)', '2 x HDMI for Dual display', 'Dual Channel DDR4, 2 x SO-DIMMs', '2 x GbE LAN Ports', 'Industrial system with Intel® Core™ i5-1135G7 Processor / Lockable DC Connector/ 2 x HDMI / 2 x LAN Ports'}",https://www.gigaipc.com/upload/catalog_list_pic/QBiX-TGLA1135G7_1115G4E-A1-3D-Rear-01-510x530px__24B06JLqNI.webp
QBiX-TGLA1115G4E-A1,Embedded Systems,https://www.gigaipc.com/en/products-detail/QBiX-TGLA1115G4E-A1/,"{'Dimension': ['138W x 118D x 74.2H(mm)'], 'CPU': ['Intel® Core™ i3-1115G4E Processor', '10nm SuperFin, 2 cores, 4 threads, up to 3.90 GHz'], 'Chipset': ['SoC'], 'Memory': ['2 x DDR4 SO-DIMM socket, Max. Capacity 64 GB', 'Support Dual Channel DDR4 3200 MHz memory modules'], 'Ethernet': ['1 x GbE LAN Port (Intel® I219V)', '1 x GbE LAN Port (Realtek® RTL8111HS)'], 'Graphics Support': ['Integrated Graphics Processor - Intel® Iris® Xᵉ Graphics:', '2 x HDMI 2.0 ports, supporting a maximum resolution of 4096x2160 @60Hz', '(2 independent display outputs)'], 'Audio': ['Realtek® Audio Codec'], 'Expansion-Slots': ['1 x 2280 M.2 M-Key (PCIe x4, SATA 6Gb/s)', '1 x 2230 M.2 E-Key (WiFi/BT)'], 'Front I/O': ['2 x USB 3.2 Gen 2x1', '1 x Power Button with LED', '2 x External Antenna Holes (Optional)', '1 x HDD LED', '1 x COM Port (RS-232/422/845)', '1 x Headphone Jack'], 'Rear l/O': ['2 x HDMI', '2 x RJ45 LAN Ports', '2 x USB 3.2 Gen 2x1', '1 x Screw type DC Jack'], 'Power': ['+9V~48VDC (Adapter 19.5V/135W)'], 'Operation Temperature': ['Operating temperature: 0°C to 50°C', 'Operating humidity: 0-90% (non-condensing)', 'Non-operating temperature:-40°C to 85°C', 'Non-operating humidity: 0%-95% (non-condensing)', 'Use wide temperature range memory and storage'], 'Vibration During Operation': ['Operation: IEC 60068-2-64, 3 Grms, random, 5 ~ 500 Hz, 1 hr / Per Axis, With SSD', 'Non-operation: IEC 60068-2-6, 2 G, Sine, 10 ~ 500 Hz, 1 Oct/min, 1 hr / Per Axis'], 'Shock During Operation': ['Operation: IEC 60068-2-27, 50 G, half sine, 11 ms duration, With SSD'], 'Packing Content': ['Carton size: 416 x 409 x 296 (mm)', 'Packing Capacity: 6pcs', 'Single Box size: 258 x 191 x 130 (mm)', 'Single Box weight: Approx. 2.5kg', 'Including:', 'PSU ADP 19.5V 135W 100-240VAC x 1 (P/N: 25EP4-201352-C1S)', 'Power Cord : Optional (by region)', 'Wall Mount Bracket x 2 (P/N: 25HB2-CGAA20-CHR)'], 'Order Information': ['6BQB1115AMR-SI (Box packing)']}","{'Industrial system with Intel® Core™ i3-1115G4E Processor / Lockable DC Connector/ 2 x HDMI / 2 x LAN Ports', 'Intel® Core™ i3-1115G4E Processor', 'System Size : 138W x 118D x 74.2H (mm)', '1 x COM Port (RS-232/422/485)', '2 x HDMI for Dual display', 'Dual Channel DDR4, 2 x SO-DIMMs', '2 x GbE LAN Ports'}",https://www.gigaipc.com/upload/catalog_list_pic/QBiX-TGLA1135G7_1115G4E-A1-3D-Rear-01-510x530px__24B063dc4R.webp
QBiX-WHLA8565H-A1,Embedded Systems,https://www.gigaipc.com/en/products-detail/QBiX-WHLA8565H-A1/,"{'Dimension': ['138W x 118D x 74.2H(mm)'], 'CPU': ['Intel® Core™ i7-8565U Processor', '14nm, 4 cores, 8 threads, up to 4.6 GHz', 'TDP 15W'], 'Chipset': ['SoC'], 'Memory': ['2 x DDR4 SO-DIMM socket, Max. Capacity 64 GB', 'Support Dual Channel DDR4 2400 MHz memory modules'], 'Ethernet': ['1 x GbE LAN Port (Intel® I219V)', '1 x GbE LAN Port (Realtek® RTL8111HS)'], 'Graphics Support': ['Integrated Graphics Processor - Intel® UHD Graphics 620:', '2 x HDMI 1.4 ports, supporting a maximum resolution of 4096x2160 @30Hz', '(2 independent display outputs)'], 'Audio': ['Realtek® Audio Codec'], 'Storage': ['1 x 2.5"" HDD/SSD (SATA 6 Gb/s)'], 'Expansion-Slots': ['1 x 2280 M.2 M-Key (PCIe x4, SATA 6Gb/s)', '1 x 2230 M.2 E-Key (WiFi/BT)', '1 x Vertical USB 3.2 Gen 1'], 'Front I/O': ['2 x USB 3.2 Gen 2x1', '1 x Power button with LED', '2 x External Antenna Holes (Optional)', '1 x HDD LED', '1 x COM Port (RS-232/422/845)', '1 x Headphone Jack'], 'Rear l/O': ['2 x HDMI', '2 x RJ45 LAN Ports', '2 x USB 3.2 Gen 2x1', '1 x Screw type DC Jack'], 'Power': ['+9V~36VDC (Adapter 19V/90W)'], 'Operation Temperature': ['Operating temperature: 0°C to 50°C', 'Operating humidity: 0-90% (non-condensing)', 'Non-operating temperature:-40°C to 85°C', 'Non-operating humidity: 0%-95% (non-condensing)', 'Use wide temperature range memory and storage'], 'Vibration During Operation': ['Operation: IEC 60068-2-64, 5 Grms, random, 5 ~ 500 Hz, 1 hr / Per Axis, With SSD', 'Non-operation: IEC 60068-2-6, 2 G, Sine, 10 ~ 500 Hz, 1 Oct/min, 1 hr / Per Axis'], 'Shock During Operation': ['Operation: IEC 60068-2-27, 50 G, half sine, 11 ms duration, With SSD'], 'Packing Content': ['Carton size: 416 x 409 x 296 (mm)', 'Packing Capacity: 6pcs', 'Single Box size: 258 x 191 x 130 (mm)', 'Single Box weight: Approx. 2.4kg', 'Including:', 'PSU ADP 19V 90W 100-240VAC x 1 (P/N: 25EP4-10090A-F3S)', 'Power Cord : Optional (by region)', 'Wall Mount Bracket (P/N: 25HB2-CGAA20-CHR)', 'Screw I Head for 2.5"" HDD M3x8L x 4 (P/N: 25KSG-130081-K1R)', 'Thermal Pad HDD x 2 (P/N: 25ST3-200052-T5R)', 'Thermal Pad DRAM2 x 1 (P/N: 25ST3-200051-T5R)', 'SATA power Cable x 1 (P/N: 25CRI-075630-S9R)', 'SATA Cable x 1 (P/N: 25CF4-075500-S9R)'], 'Order Information': ['6BQB8565AMR-SI (Box packing)'], 'Optional Kit': ['TPM 2.0 module P/N: 9CTM000NR-00', 'TPM Cable P/N: 25CRZ-100600-S9R']}","{'1 x COM Port (RS-232/422/485)', 'System Size : 138W x 118D x 74.2H (mm)', 'Industrial system with Intel® Core™ i7-8565U Processor / Lockable DC Connector/ 2 x HDMI / 2 x LAN Ports', '2 x HDMI for Dual display', 'Dual Channel DDR4, 2 x SO-DIMMs', 'Intel® Core™ i7-8565U Processor', '2 x GbE LAN Ports'}",https://www.gigaipc.com/upload/catalog_list_pic/QBiX-WHLA8565_8265_8145H-A1-3D-Front-01-510x530px__24B06LTfMl.png
QBiX-WHLA8265H-A1,Embedded Systems,https://www.gigaipc.com/en/products-detail/QBiX-WHLA8265H-A1/,"{'Dimension': ['138W x 118D x 74.2H(mm)'], 'CPU': ['Intel® Core™ i5-8265U Processor', '14nm, 4 cores, 8 threads, up to 3.9 GHz', 'TDP 15W'], 'Chipset': ['SoC'], 'Memory': ['2 x DDR4 SO-DIMM socket, Max. Capacity 64 GB', 'Support Dual Channel DDR4 2400 MHz memory modules'], 'Ethernet': ['1 x GbE LAN Port (Intel® I219V)', '1 x GbE LAN Port (Realtek® RTL8111HS)'], 'Graphics Support': ['Integrated Graphics Processor - Intel® UHD Graphics 620:', '2 x HDMI 1.4 ports, supporting a maximum resolution of 4096x2160 @30Hz', '(2 independent display outputs)'], 'Audio': ['Realtek® Audio Codec'], 'Storage': ['1 x 2.5"" HDD/SSD (SATA 6 Gb/s)'], 'Expansion-Slots': ['1 x 2280 M.2 M-Key (PCIe x4, SATA 6Gb/s)', '1 x 2230 M.2 E-Key (WiFi/BT)', '1 x Vertical USB 3.2 Gen 1'], 'Front I/O': ['2 x USB 3.2 Gen 2x1', '1 x Power button with LED', '2 x External Antenna Holes (Optional)', '1 x HDD LED', '1 x COM Port (RS-232/422/845)', '1 x Headphone Jack'], 'Rear l/O': ['2 x HDMI', '2 x RJ45 LAN Ports', '2 x USB 3.2 Gen 2x1', '1 x Screw type DC Jack'], 'Power': ['+9V~36VDC (Adapter 19V/90W)'], 'Operation Temperature': ['Operating temperature: 0°C to 50°C', 'Operating humidity: 0-90% (non-condensing)', 'Non-operating temperature:-40°C to 85°C', 'Non-operating humidity: 0%-95% (non-condensing)', 'Use wide temperature range memory and storage'], 'Vibration During Operation': ['Operation: IEC 60068-2-64, 5 Grms, random, 5 ~ 500 Hz, 1 hr / Per Axis, With SSD', 'Non-operation: IEC 60068-2-6, 2 G, Sine, 10 ~ 500 Hz, 1 Oct/min, 1 hr / Per Axis'], 'Shock During Operation': ['Operation: IEC 60068-2-27, 50 G, half sine, 11 ms duration, With SSD'], 'Packing Content': ['Carton size: 416 x 409 x 296 (mm)', 'Packing Capacity: 6pcs', 'Single Box size: 258 x 191 x 130 (mm)', 'Single Box weight: Approx. 2.4kg', 'Including:', 'PSU ADP 19V 90W 100-240VAC x 1 (P/N: 25EP4-10090A-F3S)', 'Power Cord : Optional (by region)', 'Wall Mount Bracket (P/N: 25HB2-CGAA20-CHR)', 'Screw I Head for 2.5"" HDD M3x8L x 4 (P/N: 25KSG-130081-K1R)', 'Thermal Pad HDD x 2 (P/N: 25ST3-200052-T5R)', 'Thermal Pad DRAM2 x 1 (P/N: 25ST3-200051-T5R)', 'SATA power Cable x 1 (P/N: 25CRI-075630-S9R)', 'SATA Cable x 1 (P/N: 25CF4-075500-S9R)'], 'Order Information': ['6BQB8265AMR-SI (Box packing)'], 'Optional Kit': ['TPM 2.0 module P/N: 9CTM000NR-00', 'TPM Cable P/N: 25CRZ-100600-S9R']}","{'Intel® Core™ i5-8265U Processor', '1 x COM Port (RS-232/422/485)', 'System Size : 138W x 118D x 74.2H (mm)', '2 x HDMI for Dual display', 'Dual Channel DDR4, 2 x SO-DIMMs', '2 x GbE LAN Ports', 'Industrial system with Intel® Core™ i5-8265U Processor / Lockable DC Connector/ 2 x HDMI / 2 x LAN Ports'}",https://www.gigaipc.com/upload/catalog_list_pic/QBiX-WHLA8565_8265_8145H-A1-3D-Front-01-510x530px__24B06huHUl.png
QBiX-WHLA8145H-A1,Embedded Systems,https://www.gigaipc.com/en/products-detail/QBiX-WHLA8145H-A1/,"{'Dimension': ['138W x 118D x 74.2H(mm)'], 'CPU': ['Intel® Core™ i3-8145UE Processor', '14nm, 2 cores, 4 threads, up to 3.9 GHz', 'TDP 15W'], 'Chipset': ['SoC'], 'Memory': ['2 x DDR4 SO-DIMM socket, Max. Capacity 64 GB', 'Support Dual Channel DDR4 2400 MHz memory modules'], 'Ethernet': ['1 x GbE LAN Port (Intel® I219V)', '1 x GbE LAN Port (Realtek® RTL8111HS)'], 'Graphics Support': ['Integrated Graphics Processor - Intel® UHD Graphics 620:', '2 x HDMI 1.4 ports, supporting a maximum resolution of 4096x2160 @30Hz', '(2 independent display outputs)'], 'Audio': ['Realtek® Audio Codec'], 'Storage': ['1 x 2.5"" HDD/SSD (SATA 6 Gb/s)'], 'Expansion-Slots': ['1 x 2280 M.2 M-Key (PCIe x4, SATA 6Gb/s)', '1 x 2230 M.2 E-Key (WiFi/BT)', '1 x Vertical USB 3.2 Gen 1'], 'Front I/O': ['2 x USB 3.2 Gen 2x1', '1 x Power button with LED', '2 x External Antenna Holes (Optional)', '1 x HDD LED', '1 x COM Port (RS-232/422/845)', '1 x Headphone Jack'], 'Rear l/O': ['2 x HDMI', '2 x RJ45 LAN Ports', '2 x USB 3.2 Gen 2x1', '1 x Screw type DC Jack'], 'Power': ['+9V~36VDC (Adapter 19V/90W)'], 'Operation Temperature': ['Operating temperature: 0°C to 50°C', 'Operating humidity: 0-90% (non-condensing)', 'Non-operating temperature:-40°C to 85°C', 'Non-operating humidity: 0%-95% (non-condensing)', 'Use wide temperature range memory and storage'], 'Vibration During Operation': ['Operation: IEC 60068-2-64, 5 Grms, random, 5 ~ 500 Hz, 1 hr / Per Axis, With SSD', 'Non-operation: IEC 60068-2-6, 2 G, Sine, 10 ~ 500 Hz, 1 Oct/min, 1 hr / Per Axis'], 'Shock During Operation': ['Operation: IEC 60068-2-27, 50 G, half sine, 11 ms duration, With SSD'], 'Packing Content': ['Carton size: 416 x 409 x 296 (mm)', 'Packing Capacity: 6pcs', 'Single Box size: 258 x 191 x 130 (mm)', 'Single Box weight: Approx. 2.4kg', 'Including:', 'PSU ADP 19V 90W 100-240VAC x 1 (P/N: 25EP4-10090A-F3S)', 'Power Cord : Optional (by region)', 'Wall Mount Bracket (P/N: 25HB2-CGAA20-CHR)', 'Screw I Head for 2.5"" HDD M3x8L x 4 (P/N: 25KSG-130081-K1R)', 'Thermal Pad HDD x 2 (P/N: 25ST3-200052-T5R)', 'Thermal Pad DRAM2 x 1 (P/N: 25ST3-200051-T5R)', 'SATA power Cable x 1 (P/N: 25CRI-075630-S9R)', 'SATA Cable x 1 (P/N: 25CF4-075500-S9R)'], 'Order Information': ['6BQB8145AMR-SI (Box packing)'], 'Optional Kit': ['TPM 2.0 module P/N: 9CTM000NR-00', 'TPM Cable P/N: 25CRZ-100600-S9R']}","{'Intel® Core™ i3-8145UE Processor', '1 x COM Port (RS-232/422/485)', 'System Size : 138W x 118D x 74.2H (mm)', '2 x HDMI for Dual display', 'Dual Channel DDR4, 2 x SO-DIMMs', 'Industrial system with Intel® Core™ i3-8145UE Processor/ Lockable DC Connector/ 2 x HDMI/ 2 x LAN Ports', '2 x GbE LAN Ports'}",https://www.gigaipc.com/upload/catalog_list_pic/QBiX-WHLA8565_8265_8145H-A1-3D-Front-01-510x530px__24B06DjHeo.png
QBiX-GLKB4125-A1,Embedded Systems,https://www.gigaipc.com/en/products-detail/QBiX-GLKB4125-A1/,"{'Dimension': ['118W x 109.4D x 44.4H(mm)'], 'CPU': ['Intel® Celeron® J4125 Processor', '14nm, 4 cores, 4 threads, up to 2.7 GHz', 'TDP 10W'], 'Chipset': ['SoC'], 'Memory': ['1 x DDR4 SO-DIMM socket, Max. Capacity 8 GB', 'Support Single Channel DDR4 2400 MHz memory modules'], 'Ethernet': ['1 x GbE LAN Ports (Intel® I211AT )', '1 x GbE LAN Ports (Realtek® RTL8111HS)'], 'Graphics Support': ['Integrated Graphics Processor - Intel® UHD Graphics 600:', '2 x HDMI 1.4b port, supporting a maximum resolution of 4096x2160 @30Hz', '(2 independent display outputs)'], 'Audio': ['Realtek® Audio Codec'], 'Expansion-Slots': ['1 x 2280 M.2 M-Key (SATA 6Gb/s)', '1 x 2230 M.2 E-Key (WiFi/BT)'], 'Front I/O': ['2 x USB 3.2 Gen 1', '1 x COM Port (RS-232)', '1 x Headphone Jack', '1 x Power button with LED'], 'Rear l/O': ['2 x RJ45 LAN Ports', '2 x USB 3.2 Gen 1', '2 x HDMI', '2 x External Antenna Holes (Optional)', '1 x Screw Type DC Jack'], 'Power': ['+12V~19VDC (Adapter 19V/65W)'], 'Operation Temperature': ['Operating temperature: 0°C to 50°C', 'Operating humidity: 0-90% (non-condensing)', 'Non-operating temperature: -40°C to 85°C', 'Non-operating humidity: 0%-95% (non-condensing)', 'Use wide temperature range memory and storage'], 'Vibration During Operation': ['Operation: IEC 60068-2-64, 5 Grms, random, 5 ~ 500 Hz, 1 hr / Per Axis, With SSD', 'Non-operation: IEC 60068-2-6, 2 G, Sine, 10 ~ 500 Hz, 1 Oct/min, 1 hr / Per Axis'], 'Shock During Operation': ['Operation: IEC 60068-2-27, 50 G, half sine, 11 ms duration, With SSD'], 'Packing Content': ['Carton size: 416 x 409 x 296 (mm)', 'Packing Capacity: 6pcs', 'Single Box size: 258 x 191 x 130 (mm)', 'Single Box weight: Approx. 1.5kg', 'Including:', 'Power Cord 3Cx18AWG SVT US x 1 (P/N: 25CP0-007001-Q0R)', 'PSU ADP 19V 65W 100-240VAC x 1 (P/N: 25EP0-1065W1-A3S)', 'VESA_RS_BKT_KP x 1 (P/N: 25HB1-TPL021-S8R)', 'VESA-SCREW-ASM x 1 (P/N: 25KSD-000001-S4R)'], 'Order Information': ['6BQB4125AMR-SI (Box packing)'], 'Optional Kit': ['WiFi module (Intel 3168AC) : 25FC7-3168N0-10R', 'Internal Antenna (300mm) : 25CA0-300003-A5S', 'Internal Antenna (230mm) : 25CA0-230003-A5S', 'WiFi/BT Antenna x 2 : 25CA0-111000-A5S']}","{'System Size : 118W x 109.4D x 44.4H (mm)', 'Single Channel DDR4, 1 x SO-DIMM', '2 x HDMI for Dual display', 'Intel® Celeron® J4125 Processor', 'Industrial system with Intel® Celeron® J4125 Processor/ Lockable DC Connector/ 2 x HDMI / 2 x LAN Ports/ 1 x Headphone Jack', '1 x COM Port (RS-232)', '2 x GbE LAN Ports'}",https://www.gigaipc.com/upload/catalog_list_pic/QBiX-GLKA4125-A1-3D-Front_510x530px__24B06iGqNQ.png
QBiX-APLA4200H-A1,Embedded Systems,https://www.gigaipc.com/en/products-detail/QBiX-APLA4200H-A1/,"{'Dimension': ['118W x 109.4D x 54.4H(mm)'], 'CPU': ['Intel® Pentium® N4200 Processor', '14nm, 4 cores, 4 threads, up to 2.5 GHz', 'TDP 6W'], 'Chipset': ['SoC'], 'Memory': ['1 x DDR3L SO-DIMM socket, Max. Capacity 8 GB', 'Support Single Channel DDR3L 1866 MHz memory module'], 'Ethernet': ['1 x GbE LAN Port (Realtek® RTL8111HS)'], 'Graphics Support': ['Integrated Graphics Processor - Intel® HD Graphics 505:', '1 x HDMI port, supporting a maximum resolution of 3840x2160 @30Hz', '1 x VGA port, supporting a maximum resolution of 2560x1600 @60Hz (with compatible displays)', '(2 independent display outputs)'], 'Audio': ['Realtek® Audio Codec'], 'Storage': ['1 x 2.5"" HDD/SSD (SATA 6Gb/s)'], 'Expansion-Slots': ['1 x 2230 M.2 E-Key (WiFi/BT)'], 'Front I/O': ['2 x USB 3.2 Gen 1', '1 x Power button with LED', '1 x Headphone Jack'], 'Rear l/O': ['1 x RJ45 LAN Port', '2 x USB 3.2 Gen 1', '1 x HDMI', '1 x VGA', '2 x External Antenna Holes (Optional)'], 'Side I/O': ['1 x DC-Jack'], 'Power': ['+12V~24VDC (Adapter 19V/65W)'], 'Operation Temperature': ['Operating temperature: 0°C to 50°C', 'Operating humidity: 0-90% (non-condensing)', 'Non-operating temperature: -40°C to 85°C', 'Non-operating humidity: 0%-95% (non-condensing)', 'Use wide temperature range memory and storage'], 'Vibration During Operation': ['Operation: IEC 60068-2-64, 5 Grms, random, 5 ~ 500 Hz, 1 hr / Per Axis, With SSD', 'Non-operation: IEC 60068-2-6, 2 G, Sine, 10 ~ 500 Hz, 1 Oct/min, 1 hr / Per Axis'], 'Shock During Operation': ['Operation: IEC 60068-2-27, 50 G, half sine, 11 ms duration, With SSD'], 'Packing Content': ['Carton size: 416 x 409 x 296 (mm)', 'Packing Capacity: 6pcs', 'Single Box size: 258 x 191 x 130 (mm)', 'Including:', 'Power Cord 3Cx18AWG SVT US x 1 (P/N: 25CP0-007001-Q0R)', 'PSU ADP 19V 65W 100-240VAC x 1 (P/N: 25EP2-10065M-F3S)', 'VESA_RS_BKT_KP x 1 (P/N: 25HB1-TPL021-S8R)', 'VESA-SCREW-ASM x 1 (P/N: 25KSD-000001-S4R)', 'Screw I Head for 2.5"" HDD M3x8L x 4 (P/N: 25KSG-130081-K1R)', 'Thermal Pad H48-6T TGLOBAL x 2 (P/N: 25ST3-200047-T5R)', 'SATA + Power Cable x 1 (P/N: 25CFZ-140000-S9R)'], 'Order Information': ['6BCBAAMR-SI (Box packing)'], 'Optional Kit': ['TPM 2.0 module P/N: 9CTM000NR-00', 'TPM Cable P/N: 25CRZ-100600-S9R']}","{'1 x GbE LAN Port', 'Industrial system with Intel® Pentium® N4200 Processor', 'System Size: 118W x 109.4D x 54.4H (mm)', 'Intel® Pentium® N4200 Processor', 'Single Channel DDR3L, 1 x SO-DIMM', 'HDMI, VGA'}",https://www.gigaipc.com/upload/catalog_list_pic/QBiX-APLA4200H-A1-Rear_510x530px__24B06fjyKm.png
QBiX-KBLA7100H-A1,Embedded Systems,https://www.gigaipc.com/en/products-detail/QBiX-KBLA7100H-A1/,"{'Dimension': ['138W x 118D x 74.2H (mm)'], 'CPU': ['Intel® Core™ i3-7100U Processor', '14nm, 2 cores, 4 threads, 2.4 GHz', 'TDP 15W'], 'Chipset': ['SoC'], 'Memory': ['2 x DDR4 SO-DIMM sockets, Max. Capacity 32 GB', 'Support Dual Channel DDR4 2133 MHz memory modules'], 'Ethernet': ['1 x GbE LAN Port (Intel® I219V)'], 'Graphics Support': ['Integrated Graphics Processor - Intel® HD Graphics 620:', '1 x HDMI 2.0 port, supporting a maximum resolution of 4096x2160 @60Hz', '1 x Mini DP port, supporting a maximum resolution of 4096x2160 @60Hz', '(2 independent display outputs)'], 'Audio': ['Intel® Integrated Audio'], 'Storage': ['1 x 2.5"" HDD/SSD (SATA 6Gb/s)'], 'Expansion-Slots': ['1 x 2280 M.2 M-Key (PCIe x4, SATA 6Gb/s)', '1 x 2230 M.2 E-Key (WiFi/BT)'], 'Front I/O': ['2 x USB 3.2 Gen 1', '1 x Power switch', '2 x External Antenna Holes (Optional)', '1 x HDD LED', '1 x Power LED'], 'Rear l/O': ['1 x RJ45 LAN Port', '2 x USB 3.2 Gen 1', '1 x HDMI', '1 x Mini Display Port', '1 x COM Port (RS-232)', '1 x Screw Type DC Jack'], 'Power': ['+12V~24VDC (Adapter 19V/65W)'], 'Operation Temperature': ['Operating temperature: 0°C to 50°C', 'Operating humidity: 0-90% (non-condensing)', 'Non-operating temperature: -40°C to 85°C', 'Non-operating humidity: 0%-95% (non-condensing)', 'Use wide temperature range memory and storage'], 'Vibration During Operation': ['Operation: IEC 60068-2-64, 5 Grms, random, 5 ~ 500 Hz, 1 hr / Per Axis, With SSD', 'Non-operation: IEC 60068-2-6, 2 G, Sine, 10 ~ 500 Hz, 1 Oct/min, 1 hr / Per Axis'], 'Shock During Operation': ['Operation: IEC 60068-2-27, 50 G, half sine, 11 ms duration, With SSD'], 'Packing Content': ['Carton size: 416 x 409 x 296 (mm)', 'Packing Capacity: 6pcs', 'Single Box size: 258 x 191 x 130 (mm)', 'Including:', 'Power Cord 3Cx18AWG SVT US x 1 (P/N: 25CP0-007001-Q0R)', 'PSU ADP 19V 65W 100-240VAC x 1 (P/N: 25EP0-1065W1-A3S)', 'VESA_RS_BKT_KP x 1 (P/N: 25HB1-TPL021-S8R)', 'VESA-SCREW-ASM x 1 (P/N: 25KSD-000001-S4R)', 'Screw I Head for 2.5"" HDD M3x8L x 4 (P/N: 25KSG-130081-K1R)', 'Thermal Pad HDD x 2 (P/N: 25ST3-200052-T5R)', 'Thermal Pad DRAM2 x 1 (P/N: 25ST3-200051-T5R)', 'SATA + Power Cable x 1 (P/N: 25CRA-010000-S9R)'], 'Order Information': ['6BCKAAMR-SI (Box packing)'], 'Optional Kit': ['TPM 2.0 module P/N: 9CTM000NR-00', 'TPM Cable P/N: 25CRZ-100600-S9R']}","{'Industrial system with Intel® Core™ i3-7100U Processor/ HDMI 2.0 & mini DP output for 4K resolution/ USB 3.2 Gen 1/ COM Port/ M.2 2230/2280 slots', '1 x GbE LAN Port', 'System Size : 138W x 118D x 74.2H (mm)', 'Dual Channel DDR4, 2 x SO-DIMMs', 'HDMI, Mini Display port for Dual display', '1 x COM Port (RS-232)', 'Intel® Core™ i3-7100U Processor'}",https://www.gigaipc.com/upload/catalog_list_pic/QBiX-KBLA7100H-A1-3D-Front-01_510x530px__24B06FKUsH.png
QF-N150A,Embedded Systems,https://www.gigaipc.com/en/products-detail/QF-N150A/,"{'Dimension': ['172W x 105.8D x 44H(mm)'], 'CPU': ['Intel® Processor N150', 'Intel 7, 4 cores, up to 3.60 GHz'], 'Memory': ['1 x DDR5 SO-DIMM sockets, Max. Capacity 16 GB', 'Support Single channel DDR5 4800 MHz memory modules'], 'Ethernet': ['6 x 2.5GbE LAN Ports (Realtek RTL8125D)'], 'Graphics Support': ['Integrated Graphics Processor -Intel® Graphics supports:', '1 x HDMI 2.0 port, supporting a maximum resolution of 4096x2160 @60Hz'], 'Expansion-Slots': ['1 x 2280 M.2 M-Key (PCIe Gen3x2)', '1 x 2230 M.2 E-Key'], 'Front I/O': ['6 x RJ45 LAN Ports', '1 x Console Port (RS-232)(RJ45 Type)', '2 x External Antenna Holes (Optional)'], 'Rear l/O': ['1 x GPIO (8 bits)', '1 x Power button', '1 x HDMI', '2 x USB 3.2 Gen 2 (10 Gbps)', '2 x USB 2.0', '6 x LAN status LED', '1 x DC Jack (Screw Type)'], 'TPM': ['Onboard TPM 2.0 security chip', 'INFINEON SLB9670VQ2.0'], 'Power': ['+12V~36VDC (19V/65W)'], 'Operation Temperature': ['Operating temperature: 0°C to 50°C', 'Operating humidity: 40°C @ 20-95% (non-condensing)', 'Non-operating temperature: -40°C to 85°C', 'Non-operating humidity: 60°C @ 95% (non-condensing)', 'Use wide temperature range memory and storage'], 'Vibration During Operation': ['Operation: IEC 60068-2-64, 3 Grms, random, 5 ~ 500 Hz, 1 hr / Per Axis, With SSD/M.2 2280', 'Non-operation: IEC 60068-2-6, 2 G, Sine, 10 ~ 500 Hz, 1 Oct/min, 1 hr / Per Axis'], 'Shock During Operation': ['Operation: IEC 60068-2-27, 50 G, half sine, 11 ms duration, With SSD'], 'OS Compatibility': ['Windows 11 IoT Enterprise, version 25H2, x64', 'Windows 11 Enterprise LTSC 2024', 'Windows 11 IoT Enterprise LTSC 2024, x64', 'Windows 11 IoT Enterprise, version 24H2 x64'], 'Packing Content': ['Carton size: 590 x 321 x 238 (mm)', 'Packing Capacity: 5pcs', 'Single Box size: 301 x 198 x 112 (mm)', 'Including:', 'Power Cord : Optional (by region)', 'PSU ADP 19V 65W 100-240VAC x 1 (P/N: 25EP1-100651-A3S)'], 'Mounting': ['Wall mount P/N: 25HB2-CGAA20-CHR x 1 (Optional)', 'VESA 75/100 P/N: 25HB1-TPL021-S8R x 1 + 12KSZ000001-00R x 1 (Screw) (Optional)'], 'Order Information': ['6BQFN150AMR-SI (Box packing)']}","{'Onboard TPM v2.0', 'System Size : 172W x 105.8D x 44H(mm)', 'DC input : 12V~36V Full Range', 'Network appliance system with Intel® Processor N150/ Fanless design/ Single Channel DDR5 memory/ 6 x 2.5GbE LAN', 'Fanless design', 'Intel® Processor N150', 'Single Channel DDR5, 1 x SO-DIMM'}",https://www.gigaipc.com/upload/catalog_list_pic/QF-N150A-3D-Rightside-FrontIO--340x353px__26H17j9bLY.webp
QF-7433A,Embedded Systems,https://www.gigaipc.com/en/products-detail/QF-7433A/,"{'Dimension': ['172W x 105.8D x 44H(mm)'], 'CPU': ['Intel® Atom® x7433RE Processor', 'Intel 7, 4 cores, up to 3.40 GHz'], 'Memory': ['1 x DDR5 SO-DIMM sockets, Max. Capacity 16 GB', 'Support Single channel DDR5 4800 MHz memory modules'], 'Ethernet': ['6 x 2.5GbE LAN Ports (Realtek RTL8125D)'], 'Graphics Support': ['Integrated Graphics Processor -Intel® UHD Graphics:', '1 x HDMI 1.4 port'], 'Expansion-Slots': ['1 x 2280 M.2 M-Key (PCIe Gen3x2)', '1 x 2230 M.2 E-Key'], 'Front I/O': ['1 x HDMI', '1 x 8bits GPIO', '2 x USB 3.2 Gen2', '2 x USB 2.0', '1 x Power button', '1 x Power LED & HDD LED', '6 x LAN status LED'], 'Rear l/O': ['6 x RJ45 LAN Ports', '1 x Console (RJ45-RS232)', '1 x DC Jack (Screw Type) 12V~36V'], 'TPM': ['Onboard TPM 2.0 security chip', 'INFINEON SLB9670VQ2.0'], 'Operation Temperature': ['Operating temperature: 0°C to +60°C'], 'Remark': ['∗ All specifications are subject to change without notice. Please contact with your sales representative for more information.']}","{'Onboard TPM v2.0', 'System Size : 172W x 105.8D x 44H(mm)', 'Network appliance system with Intel® Atom® x7433RE Processor/ Single Channel DDR5 memory/ Fanless design', 'Intel® Atom® x7433RE Processor', 'DC input : 12V~36V Full Range', 'Fanless design', 'Single Channel DDR5, 1 x SO-DIMM'}",https://www.gigaipc.com/upload/catalog_list_pic/Coming-soon_340x353-px__25K18AYBWc.png
QP-N150B-A1,Embedded Systems,https://www.gigaipc.com/en/products-detail/QP-N150B-A1/,"{'Dimension': ['178W x 125D x 52.7H(mm)'], 'CPU': ['Intel® Processor N150', 'Intel 7, 4 cores, up to 3.60 GHz'], 'Memory': ['1 x DDR5 SO-DIMM sockets, Max. Capacity 16 GB', 'Support Single channel DDR5 4800 MHz memory modules'], 'Ethernet': ['2 x 2.5GbE LAN Ports (Intel® I226V)'], 'Graphics Support': ['Integrated Graphics Processor - Intel® Graphics support:', '2 x HDMI 2.0 port, supporting a maximum resolution of 4096x2160 @60Hz', '(2 independent display outputs)'], 'Audio': ['Realtek® ALC897'], 'Storage': ['1 x 2.5"" HDD/SSD (SATA 6Gb/s)'], 'Expansion-Slots': ['1 x 2280 M.2 M-Key (PCIe Gen3x2)', '1 x 2230 M.2 E-Key', '1 x Full-size mini PCIe with SIM slot'], 'Front I/O': ['2 x RJ45 LAN Ports', '2 x USB 3.2 Gen 2x1', '2 x USB 2.0', '2 x HDMI', '1 x Power button with LED', '1 x HDD LED', '1 x Headphone jack'], 'Rear l/O': ['2 x USB 2.0', '2 x COM Ports (RS-232)', '1 x COM Port (RS-232/422/485)', '1 x GPIO (8 bits)', '1 x 3-pin Terminal Block'], 'Side I/O': ['2 x External Antenna Holes (Optional)'], 'TPM': ['Onboard TPM 2.0 security chip', 'INFINEON SLB9670VQ2.0'], 'Power': ['+12V~36VDC (Full Range)'], 'Operation Temperature': ['Operating temperature: 0°C to 50°C', 'Operating humidity: 40°C @ 20-95% (non-condensing)', 'Non-operating temperature: -40°C to 85°C', 'Non-operating humidity: 60°C @ 95% (non-condensing)', 'Use wide temperature range memory and storage'], 'Vibration During Operation': ['Operation: IEC 60068-2-64, 3 Grms, random, 5 ~ 500 Hz, 1 hr / Per Axis, With SSD/M.2 2280', 'Non-operation: IEC 60068-2-6, 2 G, Sine, 10 ~ 500 Hz, 1 Oct/min, 1 hr / Per Axis'], 'Shock During Operation': ['Operation: IEC 60068-2-27, 50 G, half sine, 11 ms duration, With SSD'], 'OS Compatibility': ['Windows 11 IoT Enterprise LTSC 2024 (x64)', 'Windows 11 Enterprise LTSC 2024'], 'Packing Content': ['Carton size: 505 x 333 x 231 (mm)', 'Packing Capacity: 5pcs', 'Single Box size: 313 x 191 x 95 (mm)', 'Single Box weight: Approx. 1.5kg', 'Including:', 'Screw I Head For 2.5"" HDD M3x8L x 4 (P/N: 25KSG-130081-K1R)', 'SATA Cable x 1 (P/N: 25CRI-150001-S9R)', '3-pin Terminal Blocks Male Plug x 1 (P/N: 25IO0-5ESDV0-D2R)', '2-pin Terminal Blocks Male Plug x 1 (P/N: 25IO0-EC3812-D2R)'], 'Mounting': ['Wall mount P/N: 25HB2-CGAA20-CHR x 1 (Optional)', 'VESA 75/100 P/N: 25HB1-TPL021-S8R x 1 + 12KSZ-000001-00R x 1 (Screw) (Optional)'], 'Order Information': ['6BQPN150BMR-SI (Box packing)'], 'Remark': ['∗ All specifications are subject to change without notice. Please contact with your sales representative for more information.']}","{'1 x GPIO', '1 x COM Port (RS-232/422/485)', '2 x 2.5GbE LAN Ports', 'Industrial system with Intel® Processor N150/ Fanless Design/ Single Channel DDR5 up to 16GB/ 2 x HDMI', 'System Size : 178W x 125D x 52.7H(mm)', '2 x COM Ports (RS-232)', 'Intel® Processor N150', 'Single Channel DDR5, 1 x SO-DIMM'}",https://www.gigaipc.com/upload/catalog_list_pic/QBiX-Pro-ADNAN97H-A1-3D-Right-Front-340x353px__26E28suoKf.jpg
QP-N150B-A2,Embedded Systems,https://www.gigaipc.com/en/products-detail/QP-N150B-A2/,"{'Dimension': ['178W x 125D x 52.7H(mm)'], 'CPU': ['Intel® Processor N150', 'Intel 7, 4 cores, up to 3.60 GHz'], 'Memory': ['1 x DDR5 SO-DIMM sockets, Max. Capacity 16 GB', 'Support Single channel DDR5 4800 MHz memory modules'], 'Ethernet': ['2 x 2.5GbE LAN Ports (Intel® I226V)'], 'Graphics Support': ['Integrated Graphics Processor - Intel® Graphics support:', '2 x HDMI 2.0 port, supporting a maximum resolution of 4096x2160 @60Hz', '(2 independent display outputs)'], 'Audio': ['Realtek® ALC897'], 'Storage': ['1 x 2.5"" HDD/SSD (SATA 6Gb/s)'], 'Expansion-Slots': ['1 x 2280 M.2 M-Key (PCIe Gen3x2)', '1 x 2230 M.2 E-Key', '1 x Full-size mini PCIe with SIM slot'], 'Front I/O': ['2 x RJ45 LAN Ports', '2 x USB 3.2 Gen 2x1', '2 x USB 2.0', '2 x HDMI', '1 x Power button with LED', '1 x HDD LED', '1 x Headphone jack'], 'Rear l/O': ['2 x USB 2.0', '2 x COM Ports (RS-232)', '1 x COM Port (RS-232/422/485)', '1 x GPIO (8 bits)', '1 x Screw Type DC Jack'], 'Side I/O': ['2 x External Antenna Holes (Optional)'], 'TPM': ['Onboard TPM 2.0 security chip', 'INFINEON SLB9670VQ2.0'], 'Power': ['+12V~36VDC (Adapter 19V/65W)'], 'Operation Temperature': ['Operating temperature: 0°C to 50°C', 'Operating humidity: 40°C @ 20-95% (non-condensing)', 'Non-operating temperature: -40°C to 85°C', 'Non-operating humidity: 60°C @ 95% (non-condensing)', 'Use wide temperature range memory and storage'], 'Vibration During Operation': ['Operation: IEC 60068-2-64, 3 Grms, random, 5 ~ 500 Hz, 1 hr / Per Axis, With SSD/M.2 2280', 'Non-operation: IEC 60068-2-6, 2 G, Sine, 10 ~ 500 Hz, 1 Oct/min, 1 hr / Per Axis'], 'Shock During Operation': ['Operation: IEC 60068-2-27, 50 G, half sine, 11 ms duration, With SSD'], 'OS Compatibility': ['Windows 11 IoT Enterprise LTSC 2024 (x64)', 'Windows 11 Enterprise LTSC 2024'], 'Packing Content': ['Carton size: 505 x 333 x 231 (mm)', 'Packing Capacity: 5pcs', 'Single Box size: 313 x 191 x 95 (mm)', 'Single Box weight: Approx. 1.5kg', 'Including:', 'Screw I Head For 2.5"" HDD M3x8L x 4 (P/N: 25KSG-130081-K1R)', 'SATA Cable x 1 (P/N: 25CRI-150001-S9R)', '2-pin Terminal Blocks Male Plug x 1 (P/N: 25IO0-EC3812-D2R)', 'Power Cord : Optional (by region)', 'PSU ADP 19V 65W 100-240VAC x 1 (P/N: 25EP1-100651-A3S)'], 'Mounting': ['Wall mount P/N: 25HB2-CGAA20-CHR x 1 (Optional)', 'VESA 75/100 P/N: 25HB1-TPL021-S8R x 1 + 12KSZ-000001-00R x 1 (Screw) (Optional)'], 'Order Information': ['6BQPN150BMR-SI (Box packing)'], 'Remark': ['∗ All specifications are subject to change without notice. Please contact with your sales representative for more information.']}","{'1 x GPIO', '1 x COM Port (RS-232/422/485)', '2 x 2.5GbE LAN Ports', 'Industrial system with Intel® Processor N150/ Fanless Design/ Single Channel DDR5 up to 16GB/ 2 x HDMI', 'System Size : 178W x 125D x 52.7H(mm)', '2 x COM Ports (RS-232)', 'Intel® Processor N150', 'Single Channel DDR5, 1 x SO-DIMM'}",https://www.gigaipc.com/upload/catalog_list_pic/QBiX-Pro-ADNAN97H-A2-3D-Right-Front-340x353px__26E28bygek.jpg
QP-N150A-A1,Embedded Systems,https://www.gigaipc.com/en/products-detail/QP-N150A-A1/,"{'Dimension': ['178W x 125D x 52.7H(mm)'], 'CPU': ['Intel® Processor N150', 'Intel 7, 4 cores, up to 3.60 GHz'], 'Memory': ['1 x DDR5 SO-DIMM sockets, Max. Capacity 16 GB', 'Support Single channel DDR5 4800 MHz memory modules'], 'Ethernet': ['2 x 2.5GbE LAN Ports (Intel® I226V)'], 'Graphics Support': ['Integrated Graphics Processor - Intel® Graphics support:', '2 x HDMI 2.0 port, supporting a maximum resolution of 4096x2160 @60Hz', '(2 independent display outputs)'], 'Audio': ['Realtek® ALC897'], 'Storage': ['1 x 2.5"" HDD/SSD (SATA 6Gb/s)'], 'Expansion-Slots': ['1 x 2280 M.2 M-Key (PCIe Gen3x2)', '1 x 2230 M.2 E-Key', '1 x Full-size mini PCIe with SIM slot'], 'Front I/O': ['2 x RJ45 LAN Ports', '2 x USB 3.2 Gen 2x1', '2 x USB 2.0', '2 x HDMI', '1 x Power button with LED', '1 x HDD LED', '1 x Headphone jack'], 'Rear l/O': ['2 x USB 2.0', '1 x COM Port (RS-232/422/485 & RI/5V/12V)', '1 x COM Port (RS-232/422/485)', '1 x Remote control', '1 x GPIO (8 bits)', '1 x 3-pin Terminal Block'], 'Side I/O': ['2 x External Antenna Holes (Optional)'], 'TPM': ['Onboard TPM 2.0 security chip', 'INFINEON SLB9670VQ2.0'], 'Power': ['+12V~36VDC (Full Range)'], 'Operation Temperature': ['Operating temperature: 0°C to 50°C', 'Operating humidity: 40°C @ 20-95% (non-condensing)', 'Non-operating temperature: -40°C to 85°C', 'Non-operating humidity: 60°C @ 95% (non-condensing)', 'Use wide temperature range memory and storage'], 'Vibration During Operation': ['Operation: IEC 60068-2-64, 3 Grms, random, 5 ~ 500 Hz, 1 hr / Per Axis, With SSD/M.2 2280', 'Non-operation: IEC 60068-2-6, 2 G, Sine, 10 ~ 500 Hz, 1 Oct/min, 1 hr / Per Axis'], 'Shock During Operation': ['Operation: IEC 60068-2-27, 50 G, half sine, 11 ms duration, With SSD'], 'OS Compatibility': ['Windows 11 IoT Enterprise LTSC 2024 (x64)', 'Windows 11 Enterprise LTSC 2024'], 'Packing Content': ['Carton size: 505 x 333 x 231 (mm)', 'Packing Capacity: 5pcs', 'Single Box size: 313 x 191 x 95 (mm)', 'Single Box weight: Approx. 1.5kg', 'Including:', 'Screw I Head For 2.5"" HDD M3x8L x 4 (P/N: 25KSG-130081-K1R)', 'SATA Cable x 1 (P/N: 25CRI-150001-S9R)', '3-pin Terminal Blocks Male Plug x 1 (P/N: 25IO0-5ESDV0-D2R)', '2-pin Terminal Blocks Male Plug x 1 (P/N: 25IO0-EC3812-D2R)'], 'Mounting': ['Wall mount P/N: 25HB2-CGAA20-CHR x 1 (Optional)', 'VESA 75/100 P/N: 25HB1-TPL021-S8R x 1 + 12KSZ-000001-00R x 1 (Screw) (Optional)'], 'Order Information': ['6BQPN150AMR-SI (Box packing)']}","{'1 x COM Port (RS-232/422/485)', '2 x 2.5GbE LAN Ports', 'Industrial system with Intel® Processor N150/ Fanless Design/ Single Channel DDR5 up to 16GB/ 2 x HDMI', 'System Size : 178W x 125D x 52.7H(mm)', '1 x Remote control', '1 x COM Port (RS-232/422/485 & RI/5V/12V)', 'Intel® Processor N150', 'Single Channel DDR5, 1 x SO-DIMM'}",https://www.gigaipc.com/upload/catalog_list_pic/QBiX-Pro-AMLA7433REH-A1-3D-Right-RearIO-340x353px__26C18cfm1Z.png
QP-N150A-A2,Embedded Systems,https://www.gigaipc.com/en/products-detail/QP-N150A-A2/,"{'Dimension': ['178W x 125D x 52.7H(mm)'], 'CPU': ['Intel® Processor N150', 'Intel 7, 4 cores, up to 3.60 GHz'], 'Memory': ['1 x DDR5 SO-DIMM sockets, Max. Capacity 16 GB', 'Support Single channel DDR5 4800 MHz memory modules'], 'Ethernet': ['2 x 2.5GbE LAN Ports (Intel® I226V)'], 'Graphics Support': ['Integrated Graphics Processor - Intel® Graphics support:', '2 x HDMI 2.0 port, supporting a maximum resolution of 4096x2160 @60Hz', '(2 independent display outputs)'], 'Audio': ['Realtek® ALC897'], 'Storage': ['1 x 2.5"" HDD/SSD (SATA 6Gb/s)'], 'Expansion-Slots': ['1 x 2280 M.2 M-Key (PCIe Gen3x2)', '1 x 2230 M.2 E-Key', '1 x Full-size mini PCIe with SIM slot'], 'Front I/O': ['2 x RJ45 LAN Ports', '2 x USB 3.2 Gen 2x1', '2 x USB 2.0', '2 x HDMI', '1 x Power button with LED', '1 x HDD LED', '1 x Headphone jack'], 'Rear l/O': ['2 x USB 2.0', '1 x COM Port (RS-232/422/485 & RI/5V/12V)', '1 x COM Port (RS-232/422/485)', '1 x Remote control', '1 x GPIO (8 bits)', '1 x Screw Type DC Jack'], 'Side I/O': ['2 x External Antenna Holes (Optional)'], 'TPM': ['Onboard TPM 2.0 security chip', 'INFINEON SLB9670VQ2.0'], 'Power': ['+12V~36VDC (Adapter 19V/65W)'], 'Operation Temperature': ['Operating temperature: 0°C to 50°C', 'Operating humidity: 40°C @ 20-95% (non-condensing)', 'Non-operating temperature: -40°C to 85°C', 'Non-operating humidity: 60°C @ 95% (non-condensing)', 'Use wide temperature range memory and storage'], 'Vibration During Operation': ['Operation: IEC 60068-2-64, 3 Grms, random, 5 ~ 500 Hz, 1 hr / Per Axis, With SSD/M.2 2280', 'Non-operation: IEC 60068-2-6, 2 G, Sine, 10 ~ 500 Hz, 1 Oct/min, 1 hr / Per Axis'], 'Shock During Operation': ['Operation: IEC 60068-2-27, 50 G, half sine, 11 ms duration, With SSD'], 'OS Compatibility': ['Windows 11 IoT Enterprise LTSC 2024 (x64)', 'Windows 11 Enterprise LTSC 2024'], 'Packing Content': ['Carton size: 505 x 333 x 231 (mm)', 'Packing Capacity: 5pcs', 'Single Box size: 313 x 191 x 95 (mm)', 'Single Box weight: Approx. 1.5kg', 'Including:', 'Screw I Head For 2.5"" HDD M3x8L x 4 (P/N: 25KSG-130081-K1R)', 'SATA Cable x 1 (P/N: 25CRI-150001-S9R)', '2-pin Terminal Blocks Male Plug x 1 (P/N: 25IO0-EC3812-D2R)', 'Power Cord : Optional (by region)', 'PSU ADP 19V 65W 100-240VAC x 1 (P/N: 25EP1-100651-A3S)'], 'Mounting': ['Wall mount P/N: 25HB2-CGAA20-CHR x 1 (Optional)', 'VESA 75/100 P/N: 25HB1-TPL021-S8R x 1 + 12KSZ-000001-00R x 1 (Screw) (Optional)'], 'Order Information': ['6BQPN150AMR-SI (Box packing)']}","{'1 x COM Port (RS-232/422/485)', '2 x 2.5GbE LAN Ports', 'Industrial system with Intel® Processor N150/ Fanless Design/ Single Channel DDR5 up to 16GB/ 2 x HDMI', 'System Size : 178W x 125D x 52.7H(mm)', '1 x Remote control', '1 x COM Port (RS-232/422/485 & RI/5V/12V)', 'Intel® Processor N150', 'Single Channel DDR5, 1 x SO-DIMM'}",https://www.gigaipc.com/upload/catalog_list_pic/QBiX-Pro-AMLA7433REH-A2-3D-Right-FrontIO-340x353px__26C18oWOnd.png
QBiX-Pro-ARUA255H-A1,Embedded Systems,https://www.gigaipc.com/en/products-detail/QBiX-Pro-ARUA255H-A1/,"{'Dimension': ['178W x 125D x 52.7H(mm)'], 'CPU': ['Intel® Core™ Ultra 7 Processor 255U', 'Intel® 3, 12 cores, 2P+8E+2LPE, 14 threads, up to 5.20 GHz'], 'Memory': ['2 x DDR5 SO-DIMM sockets, Max. Capacity 96 GB', 'Support Dual Channel DDR5 5600 MHz memory modules', 'or', '2 x DDR5 CSO-DIMM sockets, Max. Capacity 128 GB', 'Support Dual Channel DDR5 6400 MHz memory modules'], 'Ethernet': ['2 x 2.5GbE LAN Ports (Intel® I226V & I226LM)'], 'Graphics Support': ['Integrated Graphics Processor - Intel® Graphics:', '2 x HDMI2.1 port, supporting a maximum resolution of 7680x4320 @60Hz (HDMI 2 port support HDMI CEC)', '(2 independent display outputs)'], 'Audio': ['Realtek® ALC269'], 'Storage': ['1 x 2.5"" HDD/SSD (SATA 6Gb/s)'], 'Expansion-Slots': ['1 x 2280 M.2 M-Key (PCIe Gen4x4, SATA 6Gb/s)', '1 x 2230 M.2 E-Key', '1 x Full-size Mini PCIe with SIM slot'], 'Front I/O': ['2 x RJ45 LAN Ports', '4 x USB 3.2 Gen 2x1', '2 x HDMI', '1 x Power button with LED', '1 x HDD LED', '1 x COM Port (RS-232/422/485 & RI/5V/12V)', '1 x External Antenna Hole (Optional)'], 'Rear l/O': ['2 x USB 2.0', '2 x COM Ports (RS-232/422/485)', '1 x GPIO (8 bits)', '1 x Combo Audio Jack (Headphone & Headset)', '1 x Remote control', '1 x 3-pin Terminal Block'], 'Side I/O': ['2 x External Antenna Holes (Optional)'], 'TPM': ['Onboard TPM 2.0 security chip', 'INFINEON SLB9672XU2.0'], 'Power': ['+9V~36VDC (Full Range)'], 'Operation Temperature': ['Operating temperature: 0°C to 50°C', 'Operating humidity: 40°C @ 20-95% (non-condensing)', 'Non-operating temperature: -40°C to 85°C', 'Non-operating humidity: 60°C @ 95% (non-condensing)', 'Use wide temperature range memory and storage'], 'Vibration During Operation': ['Operation: IEC 60068-2-64, 3 Grms, random, 5 ~ 500 Hz, 1 hr / Per Axis, With SSD/M.2 2280', 'Non-operation: IEC 60068-2-6, 2 G, Sine, 10 ~ 500 Hz, 1 Oct/min, 1 hr / Per Axis'], 'Shock During Operation': ['Operation: IEC 60068-2-27, 50 G, half sine, 11 ms duration, With SSD'], 'Packing Content': ['Carton size: 505 x 333 x 231 (mm)', 'Packing Capacity: 5pcs', 'Single Box size: 313 x 191 x 95 (mm)', 'Single Box weight: Approx. 1.5kg', 'Including:', 'Screw I Head For 2.5"" HDD M3x8L x 4 (P/N: 25KSG-130081-K1R)', 'Thermal Pad for Memory x 1 (P/N: 25ST3-200086-T5R)', 'SATA Cable x 1 (P/N: 25CRI-070000-S9R)', '2-pin Terminal Blocks Male Plug x 1 (P/N: 25IO0-EC3812-D2R)', '3-pin Terminal Blocks Male Plug x 1 (P/N: 25IO0-5ESDV0-D2R)'], 'Mounting': ['Wall mount P/N:  25HB2-CGAA20-CHR x 1 (Optional)', 'VESA 75/100 P/N: 25HB1-TPL021-S8R x 1 + 12KSZ000001-00R x 1 (Screw) (Optional)'], 'Order Information': ['6BQP255UAMR-SI (Box packing)']}","{'1 x Remote control', 'System Size : 178W x 125D x 52.7H(mm)', '1 x COM Port (RS-232/422/485 & RI/5V/12V)', 'Dual Channel DDR5, 2 x SO-DIMMs/ CSO-DIMMs', 'Onboard TPM v2.0', '2 x COM Ports (RS-232/422/485)', 'Intel® Core™ Ultra 7 Processor 255U', 'Industrial system with Intel® Core™ Ultra 7 Processor 255U/ Fanless Design/ Dual Channel DDR5/ 2 x HDMI', '2 x 2.5GbE LAN Ports'}",https://www.gigaipc.com/upload/catalog_list_pic/QBiX-Pro-ARUA255H-A1-3D-Rear-Right-Side-01_340x353px__25K171QmOn.png
QBiX-Pro-ARUA255H-A2,Embedded Systems,https://www.gigaipc.com/en/products-detail/QBiX-Pro-ARUA255H-A2/,"{'Dimension': ['178W x 125D x 52.7H(mm)'], 'CPU': ['Intel® Core™ Ultra 7 Processor 255U', 'Intel® 3, 12 cores, 2P+8E+2LPE, 14 threads, up to 5.20 GHz'], 'Memory': ['2 x DDR5 SO-DIMM sockets, Max. Capacity 96 GB', 'Support Dual Channel DDR5 5600 MHz memory modules', 'or', '2 x DDR5 CSO-DIMM sockets, Max. Capacity 128 GB', 'Support Dual Channel DDR5 6400 MHz memory modules'], 'Ethernet': ['2 x 2.5GbE LAN Ports (Intel® I226V & I226LM)'], 'Graphics Support': ['Integrated Graphics Processor - Intel® Graphics:', '2 x HDMI2.1 port, supporting a maximum resolution of 7680x4320 @60Hz (HDMI 2 port support HDMI CEC)', '(2 independent display outputs)'], 'Audio': ['Realtek® ALC269'], 'Storage': ['1 x 2.5"" HDD/SSD (SATA 6Gb/s)'], 'Expansion-Slots': ['1 x 2280 M.2 M-Key (PCIe Gen4x4, SATA 6Gb/s)', '1 x 2230 M.2 E-Key', '1 x Full-size Mini PCIe with SIM slot'], 'Front I/O': ['2 x RJ45 LAN Ports', '4 x USB 3.2 Gen 2x1', '2 x HDMI', '1 x Power button with LED', '1 x HDD LED', '1 x COM Port (RS-232/422/485 & RI/5V/12V)', '1 x External Antenna Hole (Optional)'], 'Rear l/O': ['2 x USB 2.0', '2 x COM Ports (RS-232/422/485)', '1 x GPIO (8 bits)', '1 x Combo Audio Jack (Headphone & Headset)', '1 x Remote control', '1 x Screw Type DC Jack'], 'Side I/O': ['2 x External Antenna Holes (Optional)'], 'TPM': ['Onboard TPM 2.0 security chip', 'INFINEON SLB9672XU2.0'], 'Power': ['+9V~36VDC (Adapter 19V/135W)'], 'Operation Temperature': ['Operating temperature: 0°C to 50°C', 'Operating humidity: 40°C @ 20-95% (non-condensing)', 'Non-operating temperature: -40°C to 85°C', 'Non-operating humidity: 60°C @ 95% (non-condensing)', 'Use wide temperature range memory and storage'], 'Vibration During Operation': ['Operation: IEC 60068-2-64, 3 Grms, random, 5 ~ 500 Hz, 1 hr / Per Axis, With SSD/M.2 2280', 'Non-operation: IEC 60068-2-6, 2 G, Sine, 10 ~ 500 Hz, 1 Oct/min, 1 hr / Per Axis'], 'Shock During Operation': ['Operation: IEC 60068-2-27, 50 G, half sine, 11 ms duration, With SSD'], 'Packing Content': ['Carton size: 505 x 333 x 231 (mm)', 'Packing Capacity: 5pcs', 'Single Box size: 313 x 191 x 95 (mm)', 'Single Box weight: Approx. 1.5kg', 'Including:', 'Screw I Head For 2.5"" HDD M3x8L x 4 (P/N: 25KSG-130081-K1R)', 'Thermal Pad for Memory x 1 (P/N: 25ST3-200086-T5R)', 'SATA Cable x 1 (P/N: 25CRI-070000-S9R)', '2-pin Terminal Blocks Male Plug x 1 (P/N: 25IO0-EC3812-D2R)', 'Power Cord : Optional (by region)', 'PSU ADP 19V 135W 100-240VAC x 1 (P/N: 25EP4-201352-C1S/25EP2-2135W0-F3S)'], 'Mounting': ['Wall mount P/N:  25HB2-CGAA20-CHR x 1 (Optional)', 'VESA 75/100 P/N: 25HB1-TPL021-S8R x 1 + 12KSZ000001-00R x 1 (Screw) (Optional)'], 'Order Information': ['6BQP255UAMR-SI (Box packing)']}","{'1 x Remote control', 'System Size : 178W x 125D x 52.7H(mm)', '1 x COM Port (RS-232/422/485 & RI/5V/12V)', 'Dual Channel DDR5, 2 x SO-DIMMs/ CSO-DIMMs', 'Onboard TPM v2.0', '2 x COM Ports (RS-232/422/485)', 'Intel® Core™ Ultra 7 Processor 255U', 'Industrial system with Intel® Core™ Ultra 7 Processor 255U/ Fanless Design/ Dual Channel DDR5/ 2 x HDMI', '2 x 2.5GbE LAN Ports'}",https://www.gigaipc.com/upload/catalog_list_pic/QBiX-Pro-ARUA255H-A2-3D-Rear-Right-Side-01-340x353px__25K17qjLUC.png
QBiX-Pro-ARUA225H-A1,Embedded Systems,https://www.gigaipc.com/en/products-detail/QBiX-Pro-ARUA225H-A1/,"{'Dimension': ['178W x 125D x 52.7H(mm)'], 'CPU': ['Intel® Core™ Ultra 5 Processor 225U', 'Intel® 3, 12 cores, 2P+8E+2LPE, 14 threads, up to 4.8 GHz'], 'Memory': ['2 x DDR5 SO-DIMM sockets, Max. Capacity 96 GB', 'Support Dual Channel DDR5 5600 MHz memory modules', 'or', '2 x DDR5 CSO-DIMM sockets, Max. Capacity 128 GB', 'Support Dual Channel DDR5 6400 MHz memory modules'], 'Ethernet': ['2 x 2.5GbE LAN Ports (Intel® I226V & I226LM)'], 'Graphics Support': ['Integrated Graphics Processor - Intel® Graphics:', '2 x HDMI2.1 port, supporting a maximum resolution of 7680x4320 @60Hz (HDMI 2 port support HDMI CEC)', '(2 independent display outputs)'], 'Audio': ['Realtek® ALC269'], 'Storage': ['1 x 2.5"" HDD/SSD (SATA 6Gb/s)'], 'Expansion-Slots': ['1 x 2280 M.2 M-Key (PCIe Gen4x4, SATA 6Gb/s)', '1 x 2230 M.2 E-Key', '1 x Full-size Mini PCIe with SIM slot'], 'Front I/O': ['2 x RJ45 LAN Ports', '4 x USB 3.2 Gen 2x1', '2 x HDMI', '1 x Power button with LED', '1 x HDD LED', '1 x COM Port (RS-232/422/485 & RI/5V/12V)', '1 x External Antenna Hole (Optional)'], 'Rear l/O': ['2 x USB 2.0', '2 x COM Ports (RS-232/422/485)', '1 x GPIO (8 bits)', '1 x Combo Audio Jack (Headphone & Headset)', '1 x Remote control', '1 x 3-pin Terminal Block'], 'Side I/O': ['2 x External Antenna Holes (Optional)'], 'TPM': ['Onboard TPM 2.0 security chip', 'INFINEON SLB9672XU2.0'], 'Power': ['+9V~36VDC (Full Range)'], 'Operation Temperature': ['Operating temperature: 0°C to 50°C', 'Operating humidity: 40°C @ 20-95% (non-condensing)', 'Non-operating temperature: -40°C to 85°C', 'Non-operating humidity: 60°C @ 95% (non-condensing)', 'Use wide temperature range memory and storage'], 'Vibration During Operation': ['Operation: IEC 60068-2-64, 3 Grms, random, 5 ~ 500 Hz, 1 hr / Per Axis, With SSD/M.2 2280', 'Non-operation: IEC 60068-2-6, 2 G, Sine, 10 ~ 500 Hz, 1 Oct/min, 1 hr / Per Axis'], 'Shock During Operation': ['Operation: IEC 60068-2-27, 50 G, half sine, 11 ms duration, With SSD'], 'Packing Content': ['Carton size: 505 x 333 x 231 (mm)', 'Packing Capacity: 5pcs', 'Single Box size: 313 x 191 x 95 (mm)', 'Single Box weight: Approx. 1.5kg', 'Including:', 'Screw I Head For 2.5"" HDD M3x8L x 4 (P/N: 25KSG-130081-K1R)', 'Thermal Pad for Memory x 1 (P/N: 25ST3-200086-T5R)', 'SATA Cable x 1 (P/N: 25CRI-070000-S9R)', '2-pin Terminal Blocks Male Plug x 1 (P/N: 25IO0-EC3812-D2R)', '3-pin Terminal Blocks Male Plug x 1 (P/N: 25IO0-5ESDV0-D2R)'], 'Mounting': ['Wall mount P/N:  25HB2-CGAA20-CHR x 1 (Optional)', 'VESA 75/100 P/N: 25HB1-TPL021-S8R x 1 + 12KSZ000001-00R x 1 (Screw) (Optional)'], 'Order Information': ['6BQP225UAMR-SI (Box packing)']}","{'1 x Remote control', 'Industrial system with Intel® Core™ Ultra 5 Processor 225U/ Fanless Design/ Dual Channel DDR5/ 2 x HDMI', 'System Size : 178W x 125D x 52.7H(mm)', '1 x COM Port (RS-232/422/485 & RI/5V/12V)', 'Dual Channel DDR5, 2 x SO-DIMMs/ CSO-DIMMs', 'Onboard TPM v2.0', '2 x COM Ports (RS-232/422/485)', 'Intel® Core™ Ultra 5 Processor 225U', '2 x 2.5GbE LAN Ports'}",https://www.gigaipc.com/upload/catalog_list_pic/QBiX-Pro-ARUA255H-A1-3D-Rear-Right-Side-01_340x353px__26C19B5hhz.png
QBiX-Pro-ARUA225H-A2,Embedded Systems,https://www.gigaipc.com/en/products-detail/QBiX-Pro-ARUA225H-A2/,"{'Dimension': ['178W x 125D x 52.7H(mm)'], 'CPU': ['Intel® Core™ Ultra 5 Processor 225U', 'Intel® 3, 12 cores, 2P+8E+2LPE, 14 threads, up to 4.8 GHz'], 'Memory': ['2 x DDR5 SO-DIMM sockets, Max. Capacity 96 GB', 'Support Dual Channel DDR5 5600 MHz memory modules', 'or', '2 x DDR5 CSO-DIMM sockets, Max. Capacity 128 GB', 'Support Dual Channel DDR5 6400 MHz memory modules'], 'Ethernet': ['2 x 2.5GbE LAN Ports (Intel® I226V & I226LM)'], 'Graphics Support': ['Integrated Graphics Processor - Intel® Graphics:', '2 x HDMI2.1 port, supporting a maximum resolution of 7680x4320 @60Hz (HDMI 2 port support HDMI CEC)', '(2 independent display outputs)'], 'Audio': ['Realtek® ALC269'], 'Storage': ['1 x 2.5"" HDD/SSD (SATA 6Gb/s)'], 'Expansion-Slots': ['1 x 2280 M.2 M-Key (PCIe Gen4x4, SATA 6Gb/s)', '1 x 2230 M.2 E-Key', '1 x Full-size Mini PCIe with SIM slot'], 'Front I/O': ['2 x RJ45 LAN Ports', '4 x USB 3.2 Gen 2x1', '2 x HDMI', '1 x Power button with LED', '1 x HDD LED', '1 x COM Port (RS-232/422/485 & RI/5V/12V)', '1 x External Antenna Hole (Optional)'], 'Rear l/O': ['2 x USB 2.0', '2 x COM Ports (RS-232/422/485)', '1 x GPIO (8 bits)', '1 x Combo Audio Jack (Headphone & Headset)', '1 x Remote control', '1 x Screw Type DC Jack'], 'Side I/O': ['2 x External Antenna Holes (Optional)'], 'TPM': ['Onboard TPM 2.0 security chip', 'INFINEON SLB9672XU2.0'], 'Power': ['+9V~36VDC (Adapter 19V/135W)'], 'Operation Temperature': ['Operating temperature: 0°C to 50°C', 'Operating humidity: 40°C @ 20-95% (non-condensing)', 'Non-operating temperature: -40°C to 85°C', 'Non-operating humidity: 60°C @ 95% (non-condensing)', 'Use wide temperature range memory and storage'], 'Vibration During Operation': ['Operation: IEC 60068-2-64, 3 Grms, random, 5 ~ 500 Hz, 1 hr / Per Axis, With SSD/M.2 2280', 'Non-operation: IEC 60068-2-6, 2 G, Sine, 10 ~ 500 Hz, 1 Oct/min, 1 hr / Per Axis'], 'Shock During Operation': ['Operation: IEC 60068-2-27, 50 G, half sine, 11 ms duration, With SSD'], 'Packing Content': ['Carton size: 505 x 333 x 231 (mm)', 'Packing Capacity: 5pcs', 'Single Box size: 313 x 191 x 95 (mm)', 'Single Box weight: Approx. 1.5kg', 'Including:', 'Screw I Head For 2.5"" HDD M3x8L x 4 (P/N: 25KSG-130081-K1R)', 'Thermal Pad for Memory x 1 (P/N: 25ST3-200086-T5R)', 'SATA Cable x 1 (P/N: 25CRI-070000-S9R)', '2-pin Terminal Blocks Male Plug x 1 (P/N: 25IO0-EC3812-D2R)', 'Power Cord : Optional (by region)', 'PSU ADP 19V 135W 100-240VAC x 1 (P/N: 25EP4-201352-C1S/25EP2-2135W0-F3S)'], 'Mounting': ['Wall mount P/N:  25HB2-CGAA20-CHR x 1 (Optional)', 'VESA 75/100 P/N: 25HB1-TPL021-S8R x 1 + 12KSZ000001-00R x 1 (Screw) (Optional)'], 'Order Information': ['6BQP225UAMR-SI (Box packing)']}","{'1 x Remote control', 'Industrial system with Intel® Core™ Ultra 5 Processor 225U/ Fanless Design/ Dual Channel DDR5/ 2 x HDMI', 'System Size : 178W x 125D x 52.7H(mm)', '1 x COM Port (RS-232/422/485 & RI/5V/12V)', 'Dual Channel DDR5, 2 x SO-DIMMs/ CSO-DIMMs', 'Onboard TPM v2.0', '2 x COM Ports (RS-232/422/485)', 'Intel® Core™ Ultra 5 Processor 225U', '2 x 2.5GbE LAN Ports'}",https://www.gigaipc.com/upload/catalog_list_pic/QBiX-Pro-ARUA255H-A2-3D-Rear-Right-Side-01-340x353px__26C19R9F7e.png
QBiX-Pro-MTLA155H-A1,Embedded Systems,https://www.gigaipc.com/en/products-detail/QBiX-Pro-MTLA155H-A1/,"{'Dimension': ['178W x 125D x 52.7H(mm)'], 'CPU': ['Intel® Core™ Ultra 7 Processor 155U', 'Intel® 4, 12 cores, 2P+8E+2LPE, 14 threads, up to 4.8 GHz'], 'Memory': ['2 x DDR5 SO-DIMM sockets, Max. Capacity 96 GB', 'Support Dual Channel DDR5 5600 MHz memory modules'], 'Ethernet': ['2 x 2.5GbE LAN Ports (Intel® I226V & I226LM)'], 'Graphics Support': ['Integrated Graphics Processor - Intel® Graphics support:', '2 x HDMI 2.1 port, supporting a maximum resolution of 7680x4320 @60Hz (HDMI 2 port support HDMI CEC)', '(2 independent display outputs)'], 'Audio': ['Realtek® ALC269'], 'Storage': ['1 x 2.5"" HDD/SSD (SATA 6Gb/s)'], 'Expansion-Slots': ['1 x 2280 M.2 M-Key (PCIe Gen4x4, SATA 6Gb/s)', '1 x 2230 M.2 E-Key', '1 x Full-size Mini PCIe with SIM slot'], 'Front I/O': ['2 x RJ45 LAN Ports', '4 x USB 3.2 Gen 2x1', '2 x HDMI', '1 x Power button with LED', '1 x HDD LED', '1 x COM Port (RS-232/422/485 & RI/5V/12V)', '1 x External Antenna Hole (Optional)'], 'Rear l/O': ['2 x USB 2.0', '2 x COM Ports (RS-232/422/485)', '1 x GPIO (8 bits)', '1 x Combo Audio Jack (Headphone & Headset)', '1 x Remote control', '1 x 3-pin Terminal Block'], 'Side I/O': ['2 x External Antenna Holes (Optional)'], 'TPM': ['Onboard TPM 2.0 security chip', 'INFINEON SLB9672XU2.0'], 'Power': ['+9V~36VDC (Full Range)'], 'Operation Temperature': ['Operating temperature: 0°C to 50°C', 'Operating humidity: 40°C @ 20-95% (non-condensing)', 'Non-operating temperature: -40°C to 85°C', 'Non-operating humidity: 60°C @ 95% (non-condensing)', 'Use wide temperature range memory and storage'], 'Vibration During Operation': ['Operation: IEC 60068-2-64, 3 Grms, random, 5 ~ 500 Hz, 1 hr / Per Axis, With SSD/M.2 2280', 'Non-operation: IEC 60068-2-6, 2 G, Sine, 10 ~ 500 Hz, 1 Oct/min, 1 hr / Per Axis'], 'Shock During Operation': ['Operation: IEC 60068-2-27, 50 G, half sine, 11 ms duration, With SSD'], 'OS Compatibility': ['Windows 11 Enterprise 64bits_24H2_December update', 'Windows 11 Enterprise 64bits_23H2_December update', 'Windows 10 Enterprise 64bits_22H2_December update', 'Windows 11 IoT Enterprise LTSC 2024(24H2) 64bits', 'Windows 10 IoT Enterprise LTSC 2021(21H2) 64bits'], 'Packing Content': ['Carton size: 505 x 333 x 231 (mm)', 'Packing Capacity: 5pcs', 'Single Box size: 313 x 191 x 95 (mm)', 'Single Box weight: Approx. 1.5kg', 'Including:', 'Screw I Head For 2.5"" HDD M3x8L x 4 (P/N: 25KSG-130081-K1R)', 'Thermal Pad for Memory x 1 (P/N: 25ST3-200086-T5R)', '2-pin Terminal Blocks Male Plug x 1 (P/N: 25IO0-EC3812-D2R)', 'SATA Cable x 1 (P/N: 25CRI-070000-S9R)', '3-pin Terminal Blocks Male Plug x 1 (P/N: 25IO0-5ESDV0-D2R)'], 'Mounting': ['Wall mount P/N:  25HB2-CGAA20-CHR x 1 (Optional)', 'VESA 75/100 P/N: 25HB1-TPL021-S8R x 1 + 12KSZ-000001-00R x 1 (Screw) (Optional)'], 'Order Information': ['6BQP155UAMR-SI (Box packing)']}","{'Dual Channel DDR5, 2 x SO-DIMMs', 'Onboard TPM v2.0', 'Industrial system with Intel® Core™ Ultra 7 Processor 155U/ Fanless Design/ Dual Channel DDR5/ 2 x HDMI', '2 x 2.5GbE LAN Ports', 'Intel® Core™ Ultra 7 Processor 155U', 'System Size : 178W x 125D x 52.7H(mm)', '1 x Remote control', '2 x COM Ports (RS-232/422/485)', '1 x COM Port (RS-232/422/485 & RI/5V/12V)'}",https://www.gigaipc.com/upload/catalog_list_pic/QBiX-Pro-ARUA255H-A1-3D-Rear-Right-Side-01_340x353px__26C19RIo2w.webp
QBiX-Pro-MTLA155H-A2,Embedded Systems,https://www.gigaipc.com/en/products-detail/QBiX-Pro-MTLA155H-A2/,"{'Dimension': ['178W x 125D x 52.7H(mm)'], 'CPU': ['Intel® Core™ Ultra 7 Processor 155U', 'Intel® 4, 12 cores, 2P+8E+2LPE, 14 threads, up to 4.8 GHz'], 'Memory': ['2 x DDR5 SO-DIMM sockets, Max. Capacity 96 GB', 'Support Dual Channel DDR5 5600 MHz memory modules'], 'Ethernet': ['2 x 2.5GbE LAN Ports (Intel® I226V & I226LM)'], 'Graphics Support': ['Integrated Graphics Processor - Intel® Graphics support:', '2 x HDMI 2.1 port, supporting a maximum resolution of 7680x4320 @60Hz (HDMI 2 port support HDMI CEC)', '(2 independent display outputs)'], 'Audio': ['Realtek® ALC269'], 'Storage': ['1 x 2.5"" HDD/SSD (SATA 6Gb/s)'], 'Expansion-Slots': ['1 x 2280 M.2 M-Key (PCIe Gen4x4, SATA 6Gb/s)', '1 x 2230 M.2 E-Key', '1 x Full-size Mini PCIe with SIM slot'], 'Front I/O': ['2 x RJ45 LAN Ports', '4 x USB 3.2 Gen 2x1', '2 x HDMI', '1 x Power button with LED', '1 x HDD LED', '1 x COM Port (RS-232/422/485 & RI/5V/12V)', '1 x External Antenna Hole (Optional)'], 'Rear l/O': ['2 x USB 2.0', '2 x COM Ports (RS-232/422/485)', '1 x GPIO (8 bits)', '1 x Combo Audio Jack (Headphone & Headset)', '1 x Remote control', '1 x Screw Type DC Jack'], 'Side I/O': ['2 x External Antenna Holes (Optional)'], 'TPM': ['Onboard TPM 2.0 security chip', 'INFINEON SLB9672XU2.0'], 'Power': ['+9V~36VDC (Adapter 19.5V/135W)'], 'Operation Temperature': ['Operating temperature: 0°C to 50°C', 'Operating humidity: 40°C @ 20-95% (non-condensing)', 'Non-operating temperature: -40°C to 85°C', 'Non-operating humidity: 60°C @ 95% (non-condensing)', 'Use wide temperature range memory and storage'], 'Vibration During Operation': ['Operation: IEC 60068-2-64, 3 Grms, random, 5 ~ 500 Hz, 1 hr / Per Axis, With SSD/M.2 2280', 'Non-operation: IEC 60068-2-6, 2 G, Sine, 10 ~ 500 Hz, 1 Oct/min, 1 hr / Per Axis'], 'Shock During Operation': ['Operation: IEC 60068-2-27, 50 G, half sine, 11 ms duration, With SSD'], 'OS Compatibility': ['Windows 11 Enterprise 64bits_24H2_December update', 'Windows 11 Enterprise 64bits_23H2_December update', 'Windows 10 Enterprise 64bits_22H2_December update', 'Windows 11 IoT Enterprise LTSC 2024(24H2) 64bits', 'Windows 10 IoT Enterprise LTSC 2021(21H2) 64bits'], 'Packing Content': ['Carton size: 505 x 333 x 231 (mm)', 'Packing Capacity: 5pcs', 'Single Box size: 313 x 191 x 95 (mm)', 'Single Box weight: Approx. 1.5kg', 'Including:', 'Screw I Head For 2.5"" HDD M3x8L x 4 (P/N: 25KSG-130081-K1R)', 'Thermal Pad for Memory x 1 (P/N: 25ST3-200086-T5R)', '2-pin Terminal Blocks Male Plug x 1 (P/N: 25IO0-EC3812-D2R)', 'SATA Cable x 1 (P/N: 25CRI-070000-S9R)', 'Power Cord : Optional (by region)', 'PSU ADP 19.5V 135W 100-240VAC x 1 (P/N: 25EP4-201352-C1S/25EP2-2135W0-F3S)'], 'Mounting': ['Wall mount P/N:  25HB2-CGAA20-CHR x 1 (Optional)', 'VESA 75/100 P/N: 25HB1-TPL021-S8R x 1 + 12KSZ-000001-00R x 1 (Screw) (Optional)'], 'Order Information': ['6BQP155UAMR-SI (Box packing)']}","{'Dual Channel DDR5, 2 x SO-DIMMs', 'Onboard TPM v2.0', 'Industrial system with Intel® Core™ Ultra 7 Processor 155U/ Fanless Design/ Dual Channel DDR5/ 2 x HDMI', '2 x 2.5GbE LAN Ports', 'Intel® Core™ Ultra 7 Processor 155U', 'System Size : 178W x 125D x 52.7H(mm)', '1 x Remote control', '2 x COM Ports (RS-232/422/485)', '1 x COM Port (RS-232/422/485 & RI/5V/12V)'}",https://www.gigaipc.com/upload/catalog_list_pic/QBiX-Pro-ARUA255H-A2-3D-Rear-Right-Side-01-340x353px__26C19lqqEA.png
QBiX-Pro-MTLA125H-A1,Embedded Systems,https://www.gigaipc.com/en/products-detail/QBiX-Pro-MTLA125H-A1/,"{'Dimension': ['178W x 125D x 52.7H(mm)'], 'CPU': ['Intel® Core™ Ultra 5 Processor 125U', 'Intel® 4, 12 cores, 2P+8E+2LPE, 14 threads, up to 4.3 GHz'], 'Memory': ['2 x DDR5 SO-DIMM sockets, Max. Capacity 96 GB', 'Support Dual Channel DDR5 5600 MHz memory modules'], 'Ethernet': ['2 x 2.5GbE LAN Ports (Intel® I226V & I226LM)'], 'Graphics Support': ['Integrated Graphics Processor - Intel® Graphics support:', '2 x HDMI 2.1 port, supporting a maximum resolution of 7680x4320 @60Hz (HDMI 2 port support HDMI CEC)', '(2 independent display outputs)'], 'Audio': ['Realtek® ALC269'], 'Storage': ['1 x 2.5"" HDD/SSD (SATA 6Gb/s)'], 'Expansion-Slots': ['1 x 2280 M.2 M-Key (PCIe Gen4x4, SATA 6Gb/s)', '1 x 2230 M.2 E-Key', '1 x Full-size Mini PCIe with SIM slot'], 'Front I/O': ['2 x RJ45 LAN Ports', '4 x USB 3.2 Gen 2x1', '2 x HDMI', '1 x Power button with LED', '1 x HDD LED', '1 x COM Port (RS-232/422/485 & RI/5V/12V)', '1 x External Antenna Hole (Optional)'], 'Rear l/O': ['2 x USB 2.0', '2 x COM Ports (RS-232/422/485)', '1 x GPIO (8 bits)', '1 x Combo Audio Jack (Headphone & Headset)', '1 x Remote control', '1 x 3-pin Terminal Block'], 'Side I/O': ['2 x External Antenna Holes (Optional)'], 'TPM': ['Onboard TPM 2.0 security chip', 'INFINEON SLB9672XU2.0'], 'Power': ['+9V~36VDC (Full Range)'], 'Operation Temperature': ['Operating temperature: 0°C to 50°C', 'Operating humidity: 40°C @ 20-95% (non-condensing)', 'Non-operating temperature: -40°C to 85°C', 'Non-operating humidity: 60°C @ 95% (non-condensing)', 'Use wide temperature range memory and storage'], 'Vibration During Operation': ['Operation: IEC 60068-2-64, 3 Grms, random, 5 ~ 500 Hz, 1 hr / Per Axis, With SSD/M.2 2280', 'Non-operation: IEC 60068-2-6, 2 G, Sine, 10 ~ 500 Hz, 1 Oct/min, 1 hr / Per Axis'], 'Shock During Operation': ['Operation: IEC 60068-2-27, 50 G, half sine, 11 ms duration, With SSD'], 'OS Compatibility': ['Windows 11 Enterprise 64bits_24H2_December update', 'Windows 11 Enterprise 64bits_23H2_December update', 'Windows 10 Enterprise 64bits_22H2_December update', 'Windows 11 IoT Enterprise LTSC 2024(24H2) 64bits', 'Windows 10 IoT Enterprise LTSC 2021(21H2) 64bits'], 'Packing Content': ['Carton size: 505 x 333 x 231 (mm)', 'Packing Capacity: 5pcs', 'Single Box size: 313 x 191 x 95 (mm)', 'Single Box weight: Approx. 1.5kg', 'Including:', 'Screw I Head For 2.5"" HDD M3x8L x 4 (P/N: 25KSG-130081-K1R)', 'Thermal Pad for Memory x 1 (P/N: 25ST3-200086-T5R)', '2-pin Terminal Blocks Male Plug x 1 (P/N: 25IO0-EC3812-D2R)', 'SATA Cable x 1 (P/N: 25CRI-070000-S9R)', '3-pin Terminal Blocks Male Plug x 1 (P/N: 25IO0-5ESDV0-D2R)'], 'Order Information': ['6BQP125UAMR-SI (Box packing)']}","{'Industrial system with Intel® Core™ Ultra 5 Processor 125U/ Fanless Design/ Dual Channel DDR5/ 2 x HDMI', 'Dual Channel DDR5, 2 x SO-DIMMs', 'Onboard TPM v2.0', 'Intel® Core™ Ultra 5 Processor 125U', '2 x 2.5GbE LAN Ports', 'System Size : 178W x 125D x 52.7H(mm)', '1 x Remote control', '2 x COM Ports (RS-232/422/485)', '1 x COM Port (RS-232/422/485 & RI/5V/12V)'}",https://www.gigaipc.com/upload/catalog_list_pic/QBiX-Pro-ARUA255H-A1-3D-Rear-Right-Side-01_340x353px__26C19MQPgk.webp
QBiX-Pro-MTLA125H-A2,Embedded Systems,https://www.gigaipc.com/en/products-detail/QBiX-Pro-MTLA125H-A2/,"{'Dimension': ['178W x 125D x 52.7H(mm)'], 'CPU': ['Intel® Core™ Ultra 5 Processor 125U', 'Intel® 4, 12 cores, 2P+8E+2LPE, 14 threads, up to 4.3 GHz'], 'Memory': ['2 x DDR5 SO-DIMM sockets, Max. Capacity 96 GB', 'Support Dual Channel DDR5 5600 MHz memory modules'], 'Ethernet': ['2 x 2.5GbE LAN Ports (Intel® I226V & I226LM)'], 'Graphics Support': ['Integrated Graphics Processor - Intel® Graphics support:', '2 x HDMI 2.1 port, supporting a maximum resolution of 7680x4320 @60Hz(HDMI 2 port support HDMI CEC)', '(2 independent display outputs)'], 'Audio': ['Realtek® ALC269'], 'Storage': ['1 x 2.5"" HDD/SSD (SATA 6Gb/s)'], 'Expansion-Slots': ['1 x 2280 M.2 M-Key (PCIe Gen4x4, SATA 6Gb/s)', '1 x 2230 M.2 E-Key', '1 x Full-size Mini PCIe with SIM slot'], 'Front I/O': ['2 x RJ45 LAN Ports', '4 x USB 3.2 Gen 2x1', '2 x HDMI', '1 x Power button with LED', '1 x HDD LED', '1 x COM Port (RS-232/422/485 & RI/5V/12V)', '1 x External Antenna Hole (Optional)'], 'Rear l/O': ['2 x USB 2.0', '2 x COM Ports (RS-232/422/485)', '1 x GPIO (8 bits)', '1 x Combo Audio Jack (Headphone & Headset)', '1 x Remote control', '1 x Screw Type DC Jack'], 'Side I/O': ['2 x External Antenna Holes (Optional)'], 'TPM': ['Onboard TPM 2.0 security chip', 'INFINEON SLB9672XU2.0'], 'Power': ['+9V~36VDC (Adapter 19.5V/135W)'], 'Operation Temperature': ['Operating temperature: 0°C to 50°C', 'Operating humidity: 40°C @ 20-95% (non-condensing)', 'Non-operating temperature: -40°C to 85°C', 'Non-operating humidity: 60°C @ 95% (non-condensing)', 'Use wide temperature range memory and storage'], 'Vibration During Operation': ['Operation: IEC 60068-2-64, 3 Grms, random, 5 ~ 500 Hz, 1 hr / Per Axis, With SSD/M.2 2280', 'Non-operation: IEC 60068-2-6, 2 G, Sine, 10 ~ 500 Hz, 1 Oct/min, 1 hr / Per Axis'], 'Shock During Operation': ['Operation: IEC 60068-2-27, 50 G, half sine, 11 ms duration, With SSD'], 'OS Compatibility': ['Windows 11 Enterprise 64bits_24H2_December update', 'Windows 11 Enterprise 64bits_23H2_December update', 'Windows 10 Enterprise 64bits_22H2_December update', 'Windows 11 IoT Enterprise LTSC 2024(24H2) 64bits', 'Windows 10 IoT Enterprise LTSC 2021(21H2) 64bits'], 'Packing Content': ['Carton size: 505 x 333 x 231 (mm)', 'Packing Capacity: 5pcs', 'Single Box size: 313 x 191 x 95 (mm)', 'Single Box weight: Approx. 1.5kg', 'Including:', 'Screw I Head For 2.5"" HDD M3x8L x 4 (P/N: 25KSG-130081-K1R)', 'Thermal Pad for Memory x 1 (P/N: 25ST3-200086-T5R)', '2-pin Terminal Blocks Male Plug x 1 (P/N: 25IO0-EC3812-D2R)', 'SATA Cable x 1 (P/N: 25CRI-070000-S9R)', 'Power Cord : Optional (by region)', 'PSU ADP 19.5V 135W 100-240VAC x 1 (P/N: 25EP4-201352-C1S/25EP2-2135W0-F3S)'], 'Mounting': ['Wall mount P/N:  25HB2-CGAA20-CHR x 1 (Optional)', 'VESA 75/100 P/N: 25HB1-TPL021-S8R x 1 + 12KSZ-000001-00R x 1 (Screw) (Optional)'], 'Order Information': ['6BQP125UAMR-SI (Box packing)']}","{'Industrial system with Intel® Core™ Ultra 5 Processor 125U/ Fanless Design/ Dual Channel DDR5/ 2 x HDMI', 'Dual Channel DDR5, 2 x SO-DIMMs', 'Onboard TPM v2.0', 'Intel® Core™ Ultra 5 Processor 125U', '2 x 2.5GbE LAN Ports', 'System Size : 178W x 125D x 52.7H(mm)', '1 x Remote control', '2 x COM Ports (RS-232/422/485)', '1 x COM Port (RS-232/422/485 & RI/5V/12V)'}",https://www.gigaipc.com/upload/catalog_list_pic/QBiX-Pro-ARUA255H-A2-3D-Rear-Right-Side-01-340x353px__26C19rzY9j.png
QBiX-Pro-AMDA2314H-A1,Embedded Systems,https://www.gigaipc.com/en/products-detail/QBiX-Pro-AMDA2314H-A1/,"{'Dimension': ['178W x 125D x 52.7H(mm)'], 'CPU': ['AMD Ryzen™ R2314 Embedded Processor', '14nm, 4 cores, 4 threads, 2.1 GHz, up to 3.5 GHz'], 'Socket': ['1 x FP5'], 'Memory': ['2 x DDR4 SO-DIMM sockets, Max. Capacity 64 GB', 'Support Dual channel DDR4 2667 MHz memory modules'], 'Ethernet': ['2 x GbE LAN Ports (Realtek RTL8111H-CG)'], 'Graphics Support': ['Integrated Graphics Processor - AMD Radeon™ Graphics:', '4 x HDMI 2.0 ports, supporting a maximum resolution of 4096x2160 @60Hz', '(4 independent display outputs)'], 'Audio': ['Realtek® ALC269'], 'Storage': ['1 x 2.5"" HDD/SSD (SATA 6Gb/s)'], 'Expansion-Slots': ['1 x 2280 M.2 M-Key (PCIe Gen3x4, SATA 6Gb/s)', '1 x 2230 M.2 E-Key', '1 x Full-size Mini PCIe with SIM slot'], 'Front I/O': ['2 x RJ45 LAN Ports', '2 x USB 3.2 Gen 2x1', '4 x HDMI', '1 x Power button with LED', '1 x HDD LED', '1 x External Antenna Hole (Optional)'], 'Rear l/O': ['2 x USB 2.0', '1 x GPIO (8 bits)', '2 x COM Ports (RS-232/422/485)', '1 x Remote control', '1 x Combo audio jack (Headphone & Headset)', '1 x 3-pin Terminal block'], 'Side I/O': ['2 x External Antenna Holes (Optional)'], 'TPM': ['Onboard TPM 2.0 security chip', 'INFINEON SLB9665TT2.0'], 'Power': ['+9V~36VDC (Full Range)'], 'Operation Temperature': ['Operating temperature: 0°C to 50°C', 'Operating humidity: 40°C @ 20-95% (non-condensing)', 'Non-operating temperature: -40°C to 85°C', 'Non-operating humidity: 60°C @ 95% (non-condensing)', 'Use wide temperature range memory and storage'], 'Vibration During Operation': ['Operation: IEC 60068-2-64, 3 Grms, random, 5 ~ 500 Hz, 1 hr / Per Axis, With SSD/M.2 2280', 'Non-operation: IEC 60068-2-6, 2 G, Sine, 10 ~ 500 Hz, 1 Oct/min, 1 hr / Per Axis'], 'Shock During Operation': ['Operation: IEC 60068-2-27, 50 G, half sine, 11 ms duration, With SSD'], 'Packing Content': ['Carton size: 505 x 333 x 231 (mm)', 'Packing Capacity: 5pcs', 'Single Box size: 313 x 191 x 95 (mm)', 'Single Box weight: Approx. 2.0kg', 'Including:', 'Screw I Head for 2.5"" HDD M3x8L x 4 (P/N: 25KSG-130081-K1R)', 'Thermal Pad for Memory x 1 (P/N: 25ST3-200086-T5R)', 'Thermal Pad for WiFi x 1 (P/N: 25ST3-200060-T5R)', '2-pin Terminal Blocks Male Plug x 1 (P/N: 25IO0-EC3812-D2R)', 'SATA Cable x 1 (P/N: 25CF4-170020-S9R)', '3-pin Terminal Blocks Male Plug x 1 (P/N: 25IO0-5ESDV0-D2R)'], 'Mounting': ['Wall mount P/N: 25HB2-CGAA20-CHR x 1 (Optional)', 'VESA 75/100 P/N: 25HB1-TPL021-S8R x 1 + 12KSZ-000001-00R x 1 (Screw) (Optional)'], 'Order Information': ['6BQP2314AMR-SI (Box packing)']}","{'onboard TPM v2.0', 'Industrial system with AMD Ryzen™ R2314 Embedded Processor/ Fanless Design/ Dual Channel DDR4 up to 64GB/ 4 x HDMI', 'System Size: 178W x 125D x 52.7H(mm)', 'Dual Channel DDR4, 2 x SO-DIMMs', '2 x GbE LAN Ports', '4 x HDMI for multiple displays', 'AMD Ryzen™ R2314 Embedded Processor'}",https://www.gigaipc.com/upload/catalog_list_pic/QBiX-Pro-AMDA2314H-A1-3D-Right-Rear-IO-340x353px__26C19zHKjg.webp
QBiX-Pro-AMDA2314H-A2,Embedded Systems,https://www.gigaipc.com/en/products-detail/QBiX-Pro-AMDA2314H-A2/,"{'Dimension': ['178W x 125D x 52.7H(mm)'], 'CPU': ['AMD Ryzen™ R2314 Embedded Processor', '14nm, 4 cores, 4 threads, 2.1 GHz, up to 3.5 GHz'], 'Socket': ['1 x FP5'], 'Memory': ['2 x DDR4 SO-DIMM sockets, Max. Capacity 64 GB', 'Support Dual channel DDR4 2667 MHz memory modules'], 'Ethernet': ['2 x GbE LAN Ports (Realtek RTL8111H-CG)'], 'Graphics Support': ['Integrated Graphics Processor - AMD Radeon™ Graphics:', '4 x HDMI 2.0 ports, supporting a maximum resolution of 4096x2160 @60Hz', '(4 independent display outputs)'], 'Audio': ['Realtek® ALC269'], 'Storage': ['1 x 2.5"" HDD/SSD (SATA 6Gb/s)'], 'Expansion-Slots': ['1 x 2280 M.2 M-Key (PCIe Gen3x4, SATA 6Gb/s)', '1 x 2230 M.2 E-Key', '1 x Full-size Mini PCIe with SIM slot'], 'Front I/O': ['2 x RJ45 LAN Ports', '2 x USB 3.2 Gen 2x1', '4 x HDMI', '1 x Power button with LED', '1 x HDD LED', '1 x External Antenna Hole (Optional)'], 'Rear l/O': ['2 x USB 2.0', '1 x GPIO (8 bits)', '2 x COM Ports (RS-232/422/485)', '1 x Remote control', '1 x Combo Audio Jack (Headphone & Headset)', '1 x Screw Type DC Jack'], 'Side I/O': ['2 x External Antenna Holes (Optional)'], 'TPM': ['Onboard TPM 2.0 security chip', 'INFINEON SLB9665TT2.0'], 'Power': ['+9V~36VDC (Adapter 19V/65W)'], 'Operation Temperature': ['Operating temperature: 0°C to 50°C', 'Operating humidity: 40°C @ 20-95% (non-condensing)', 'Non-operating temperature: -40°C to 85°C', 'Non-operating humidity: 60°C @ 95% (non-condensing)', 'Use wide temperature range memory and storage'], 'Vibration During Operation': ['Operation: IEC 60068-2-64, 3 Grms, random, 5 ~ 500 Hz, 1 hr / Per Axis, With SSD/M.2 2280', 'Non-operation: IEC 60068-2-6, 2 G, Sine, 10 ~ 500 Hz, 1 Oct/min, 1 hr / Per Axis'], 'Shock During Operation': ['Operation: IEC 60068-2-27, 50 G, half sine, 11 ms duration, With SSD'], 'Packing Content': ['Carton size: 505 x 333 x 231 (mm)', 'Packing Capacity: 5pcs', 'Single Box size: 313 x 191 x 95 (mm)', 'Single Box weight: Approx. 2.0kg', 'Including:', 'Screw I Head for 2.5"" HDD M3x8L x 4 (P/N: 25KSG-130081-K1R)', 'Thermal Pad for Memory x 1 (P/N: 25ST3-200086-T5R)', 'Thermal Pad for WiFi x 1 (P/N: 25ST3-200060-T5R)', '2-pin Terminal Blocks Male Plug x 1 (P/N: 25IO0-EC3812-D2R)', 'SATA Cable x 1 (P/N: 25CF4-170020-S9R)', 'Power Cord : Optional (by region)', 'PSU ADP 19V 65W 100-240VAC x 1 (P/N: 25EP0-1065W1-A3S)'], 'Mounting': ['Wall mount P/N: 25HB2-CGAA20-CHR x 1 (Optional)', 'VESA 75/100 P/N: 25HB1-TPL021-S8R x 1 + 12KSZ-000001-00R x 1 (Screw) (Optional)'], 'Order Information': ['6BQP2314AMR-SI (Box packing)']}","{'onboard TPM v2.0', 'Industrial system with AMD Ryzen™ R2314 Embedded Processor/ Fanless Design/ Dual Channel DDR4 up to 64GB/ 4 x HDMI', 'System Size: 178W x 125D x 52.7H(mm)', 'Dual Channel DDR4, 2 x SO-DIMMs', '2 x GbE LAN Ports', '4 x HDMI for multiple displays', 'AMD Ryzen™ R2314 Embedded Processor'}",https://www.gigaipc.com/upload/catalog_list_pic/QBiX-Pro-AMDA2314H-A2-3D-Right-Rear-IO-340x353px__26C19bBj6Q.webp
QBiX-Pro-AMLA7433REH-A1,Embedded Systems,https://www.gigaipc.com/en/products-detail/QBiX-Pro-AMLA7433REH-A1/,"{'Dimension': ['178W x 125D x 52.7H(mm)'], 'CPU': ['Intel® Atom™ x7433RE Processor', 'Intel 7, 4 cores, up to 3.40 GHz'], 'Memory': ['1 x DDR5 SO-DIMM sockets, Max. Capacity 16 GB', 'Support Single channel DDR5 4800 MHz memory modules'], 'Ethernet': ['2 x 2.5GbE LAN Ports (Intel® I225V)'], 'Graphics Support': ['Integrated Graphics Processor - Intel® UHD Graphics support:', '2 x HDMI 2.0 port, supporting a maximum resolution of 4096x2160 @60Hz', '(2 independent display outputs)'], 'Audio': ['Realtek® ALC897'], 'Storage': ['1 x 2.5"" HDD/SSD (SATA 6Gb/s)'], 'Expansion-Slots': ['1 x 2280 M.2 M-Key (PCIe Gen3x2)', '1 x 2230 M.2 E-Key', '1 x Full-size mini PCIe with SIM slot'], 'Front I/O': ['2 x RJ45 LAN Ports', '2 x USB 3.2 Gen 2x1', '2 x USB 2.0', '2 x HDMI', '1 x Power button with LED', '1 x HDD LED', '1 x Headphone jack'], 'Rear l/O': ['2 x USB 2.0', '1 x COM Port (RS-232/422/485 & RI/5V/12V)', '1 x COM Port (RS-232/422/485)', '1 x GPIO (8 bits)', '1 x Remote control', '1 x 3-pin Terminal Block'], 'Side I/O': ['2 x External Antenna Holes (Optional)'], 'TPM': ['Onboard TPM 2.0 security chip', 'INFINEON SLB9670VQ2.0'], 'Power': ['+12V~36VDC (Full Range)'], 'Operation Temperature': ['Operating temperature: -20°C to 70°C', 'Operating humidity: 40°C @ 20-95% (non-condensing)', 'Non-operating temperature: -40°C to 85°C', 'Non-operating humidity: 60°C @ 95% (non-condensing)', 'Use wide temperature range memory and storage'], 'Vibration During Operation': ['Operation: IEC 60068-2-64, 3 Grms, random, 5 ~ 500 Hz, 1 hr / Per Axis, With SSD/M.2 2280', 'Non-operation: IEC 60068-2-6, 2 G, Sine, 10 ~ 500 Hz, 1 Oct/min, 1 hr / Per Axis'], 'Shock During Operation': ['Operation: IEC 60068-2-27, 50 G, half sine, 11 ms duration, With SSD'], 'Packing Content': ['Carton size: 505 x 333 x 231 (mm)', 'Packing Capacity: 5pcs', 'Single Box size: 313 x 191 x 95 (mm)', 'Single Box weight: Approx. 1.5kg', 'Including:', 'Screw I Head For 2.5"" HDD M3x8L x 4 (P/N: 25KSG-130081-K1R)', 'SATA Cable x 1 (P/N: 25CRI-150001-S9R)', '3-pin Terminal Blocks Male Plug x 1 (P/N: 25IO0-5ESDV0-D2R)', '2-pin Terminal Blocks Male Plug x 1 (P/N: 25IO0-EC3812-D2R)'], 'Mounting': ['Wall mount P/N: 25HB2-CGAA20-CHR x 1 (Optional)', 'VESA 75/100 P/N: 25HB1-TPL021-S8R x 1 + 25KSD-000002-C0R x 1 (Screw) (Optional)'], 'Order Information': ['6BQP7433AMR-SI (Box packing)']}","{'1 x COM Port (RS-232/422/485)', '2 x 2.5GbE LAN Ports', 'Intel® Atom x7433RE Processor', 'System Size : 178W x 125D x 52.7H(mm)', '1 x Remote control', 'Industrial system with Intel® Atom x7433RE/ Fanless Design/ Single Channel DDR5 up to 16GB/ 2 x HDMI', '1 x COM Port (RS-232/422/485 & RI/5V/12V)', 'Single Channel DDR5, 1 x SO-DIMM'}",https://www.gigaipc.com/upload/catalog_list_pic/QBiX-Pro-AMLA7433REH-A1-3D-Right-RearIO-340x353px__25E16Arw8u.webp
QBiX-Pro-AMLA7433REH-A2,Embedded Systems,https://www.gigaipc.com/en/products-detail/QBiX-Pro-AMLA7433REH-A2/,"{'Dimension': ['178W x 125D x 52.7H(mm)'], 'CPU': ['Intel® Atom™ x7433RE Processor', 'Intel 7, 4 cores, up to 3.40 GHz'], 'Memory': ['1 x DDR5 SO-DIMM sockets, Max. Capacity 16 GB', 'Support Single channel DDR5 4800 MHz memory modules'], 'Ethernet': ['2 x 2.5GbE LAN Ports (Intel® I225V)'], 'Graphics Support': ['Integrated Graphics Processor - Intel® UHD Graphics support:', '2 x HDMI 2.0 port, supporting a maximum resolution of 4096x2160 @60Hz', '(2 independent display outputs)'], 'Audio': ['Realtek® ALC897'], 'Storage': ['1 x 2.5"" HDD/SSD (SATA 6Gb/s)'], 'Expansion-Slots': ['1 x 2280 M.2 M-Key (PCIe Gen3x2)', '1 x 2230 M.2 E-Key', '1 x Full-size mini PCIe with SIM slot'], 'Front I/O': ['2 x RJ45 LAN Ports', '2 x USB 3.2 Gen 2x1', '2 x USB 2.0', '2 x HDMI', '1 x Power button with LED', '1 x HDD LED', '1 x Headphone jack'], 'Rear l/O': ['2 x USB 2.0', '1 x COM Port (RS-232/422/485 & RI/5V/12V)', '1 x COM Port (RS-232/422/485)', '1 x GPIO (8 bits)', '1 x Remote control', '1 x Screw Type DC Jack'], 'Side I/O': ['2 x External Antenna Holes (Optional)'], 'TPM': ['Onboard TPM 2.0 security chip', 'INFINEON SLB9670VQ2.0'], 'Power': ['+12V~36VDC (Adapter 19V/65W)'], 'Operation Temperature': ['Operating temperature: -20°C to 70°C', 'Operating humidity: 40°C @ 20-95% (non-condensing)', 'Non-operating temperature: -40°C to 85°C', 'Non-operating humidity: 60°C @ 95% (non-condensing)', 'Use wide temperature range memory and storage'], 'Vibration During Operation': ['Operation: IEC 60068-2-64, 3 Grms, random, 5 ~ 500 Hz, 1 hr / Per Axis, With SSD/M.2 2280', 'Non-operation: IEC 60068-2-6, 2 G, Sine, 10 ~ 500 Hz, 1 Oct/min, 1 hr / Per Axis'], 'Shock During Operation': ['Operation: IEC 60068-2-27, 50 G, half sine, 11 ms duration, With SSD'], 'Packing Content': ['Carton size: 505 x 333 x 231 (mm)', 'Packing Capacity: 5pcs', 'Single Box size: 313 x 191 x 95 (mm)', 'Single Box weight: Approx. 1.5kg', 'Including:', 'Screw I Head For 2.5"" HDD M3x8L x 4 (P/N: 25KSG-130081-K1R)', 'SATA Cable x 1 (P/N: 25CRI-150001-S9R)', '2-pin Terminal Blocks Male Plug x 1 (P/N: 25IO0-EC3812-D2R)', 'Power Cord : Optional (by region)', 'PSU ADP 19V 65W 100-240VAC (25EP1-100651-A3S)'], 'Mounting': ['Wall mount P/N: 25HB2-CGAA20-CHR x 1 (Optional)', 'VESA 75/100 P/N: 25HB1-TPL021-S8R x 1 + 25KSD-000002-C0R x 1 (Screw) (Optional)'], 'Order Information': ['6BQP7433AMR-SI (Box packing)']}","{'1 x COM Port (RS-232/422/485)', '2 x 2.5GbE LAN Ports', 'Intel® Atom x7433RE Processor', 'System Size : 178W x 125D x 52.7H(mm)', '1 x Remote control', 'Industrial system with Intel® Atom x7433RE/ Fanless Design/ Single Channel DDR5 up to 16GB/ 2 x HDMI', '1 x COM Port (RS-232/422/485 & RI/5V/12V)', 'Single Channel DDR5, 1 x SO-DIMM'}",https://www.gigaipc.com/upload/catalog_list_pic/QBiX-Pro-AMLA7433REH-A2-3D-Right-FrontIO-340x353px__25E16xEIaa.webp
QBiX-Pro-ADNAN97H-A1,Embedded Systems,https://www.gigaipc.com/en/products-detail/QBiX-Pro-ADNAN97H-A1/,"{'Dimension': ['178W x 125D x 52.7H(mm)'], 'CPU': ['Intel® Processor N97', 'Intel 7, 4 cores, 4 threads, up to 3.60 GHz'], 'Memory': ['1 x DDR5 SO-DIMM sockets, Max. Capacity 16 GB', 'Support Single channel DDR5 4800 MHz memory modules'], 'Ethernet': ['2 x 2.5GbE LAN Ports (Intel® I225V)'], 'Graphics Support': ['Integrated Graphics Processor - Intel® UHD Graphics support:', '2 x HDMI 2.0 port, supporting a maximum resolution of 4096x2160 @60Hz', '(2 independent display outputs)'], 'Audio': ['Realtek® ALC897'], 'Storage': ['1 x 2.5"" HDD/SSD (SATA 6Gb/s)'], 'Expansion-Slots': ['1 x 2280 M.2 M-Key (PCIe x2)', '1 x 2230 M.2 E-Key', '1 x Full-size mini PCIe with SIM slot'], 'Front I/O': ['2 x RJ45 LAN Ports', '2 x USB 3.2 Gen 2x1', '2 x USB 2.0', '2 x HDMI', '1 x Power button with LED', '1 x HDD LED', '1 x Headphone jack'], 'Rear l/O': ['2 x USB 2.0', '1 x COM Port (RS-232/422/485 & RI/5V/12V)', '1 x COM Port (RS-232/422/485)', '1 x COM Port (RS-232)', '1 x GPIO (8 bits)', '1 x 3-pin Terminal Block'], 'Side I/O': ['2 x External Antenna Holes (Optional)'], 'TPM': ['Onboard TPM 2.0 security chip', 'INFINEON SLB9670VQ2.0'], 'Power': ['+12V~36VDC (Full Range)'], 'Operation Temperature': ['Operating temperature: 0°C to 50°C', 'Operating humidity: 0-90% (non-condensing)', 'Non-operating temperature:  -40°C to 85°C', 'Non-operating humidity: 0%-95% (non-condensing)', 'Use wide temperature range memory and storage'], 'Vibration During Operation': ['Operation: IEC 60068-2-64, 3 Grms, random, 5 ~ 500 Hz, 1 hr / Per Axis, With SSD/M.2 2280', 'Non-operation: IEC 60068-2-6, 2 G, Sine, 10 ~ 500 Hz, 1 Oct/min, 1 hr / Per Axis'], 'Shock During Operation': ['Operation: IEC 60068-2-27, 50 G, half sine, 11 ms duration, With SSD'], 'Packing Content': ['Carton size: 505 x 333 x 231 (mm)', 'Packing Capacity: 5pcs', 'Single Box size: 313 x 191 x 95 (mm)', 'Single Box weight: Approx. 1.5kg', 'Including:', 'Screw I Head For 2.5"" HDD M3x8L x 4 (P/N: 25KSG-130081-K1R)', 'Thermal Pad for Memory x 1 (P/N: 25ST3-200086-T5R)', 'SATA Cable x 1 (P/N: 25CRI-150001-S9R)', 'Terminal Blocks Male Plug x 1 (P/N: 25IO0-5ESDV0-D2R)'], 'Mounting': ['Wall mount P/N: 25HB2-CGAA20-CHR x 1 (Optional)', 'VESA 75/100 P/N: 25HB1-TPL021-S8R x 1 + 25KSD-000002-C0R x 1 (Screw) (Optional)'], 'Order Information': ['6BQPN970AMR-SI (Box packing)']}","{'Intel® Processor N97', '1 x COM Port (RS-232/422/485)', '2 x 2.5GbE LAN Ports', '1 x COM Port (RS-232)', 'System Size : 178W x 125D x 52.7H(mm)', 'Industrial system with Intel® Processor N97/ Fanless Design/ Single Channel DDR5 up to 16GB/ 2 x HDMI', '1 x COM Port (RS-232/422/485 & RI/5V/12V)', 'Single Channel DDR5, 1 x SO-DIMM'}",https://www.gigaipc.com/upload/catalog_list_pic/QBiX-Pro-ADNAN97H-A1-3D-Right-Front-340x353px__24E06X7slx.webp
QBiX-Pro-ADNAN97H-A2,Embedded Systems,https://www.gigaipc.com/en/products-detail/QBiX-Pro-ADNAN97H-A2/,"{'Dimension': ['178W x 125D x 52.7H(mm)'], 'CPU': ['Intel® Processor N97', 'Intel 7, 4 cores, 4 threads, up to 3.60 GHz'], 'Memory': ['1 x DDR5 SO-DIMM sockets, Max. Capacity 16 GB', 'Support Single channel DDR5 4800 MHz memory modules'], 'Ethernet': ['2 x 2.5GbE LAN Ports (Intel® I225V)'], 'Graphics Support': ['Integrated Graphics Processor - Intel® UHD Graphics support:', '2 x HDMI 2.0 port, supporting a maximum resolution of 4096x2160 @60Hz', '(2 independent display outputs)'], 'Audio': ['Realtek® ALC897'], 'Storage': ['1 x 2.5"" HDD/SSD (SATA 6Gb/s)'], 'Expansion-Slots': ['1 x 2280 M.2 M-Key (PCIe x2)', '1 x 2230 M.2 E-Key', '1 x Full-size mini PCIe with SIM slot'], 'Front I/O': ['2 x RJ45 LAN Ports', '2 x USB 3.2 Gen 2x1', '2 x USB 2.0', '2 x HDMI', '1 x Power button with LED', '1 x HDD LED', '1 x Headphone jack'], 'Rear l/O': ['2 x USB 2.0', '1 x COM Port (RS-232/422/485 & RI/5V/12V)', '1 x COM Port (RS-232/422/485)', '1 x COM Port (RS-232)', '1 x GPIO (8 bits)', '1 x Screw Type DC Jack'], 'Side I/O': ['2 x External Antenna Holes (Optional)'], 'TPM': ['Onboard TPM 2.0 security chip', 'INFINEON SLB9670VQ2.0'], 'Power': ['+12V~36VDC (Adapter 19V/65W)'], 'Operation Temperature': ['Operating temperature: 0°C to 50°C', 'Operating humidity: 0-90% (non-condensing)', 'Non-operating temperature:  -40°C to 85°C', 'Non-operating humidity: 0%-95% (non-condensing)', 'Use wide temperature range memory and storage'], 'Vibration During Operation': ['Operation: IEC 60068-2-64, 3 Grms, random, 5 ~ 500 Hz, 1 hr / Per Axis, With SSD/M.2 2280', 'Non-operation: IEC 60068-2-6, 2 G, Sine, 10 ~ 500 Hz, 1 Oct/min, 1 hr / Per Axis'], 'Shock During Operation': ['Operation: IEC 60068-2-27, 50 G, half sine, 11 ms duration, With SSD'], 'Packing Content': ['Carton size: 505 x 333 x 231 (mm)', 'Packing Capacity: 5pcs', 'Single Box size: 313 x 191 x 95 (mm)', 'Single Box weight: Approx. 1.5kg', 'Including:', 'Screw I Head for 2.5"" HDD M3x8L x 4 (P/N: 25KSG-130081-K1R)', 'Thermal Pad for Memory x 1 (P/N: 25ST3-200086-T5R)', 'SATA Cable x 1 (P/N: 25CRI-150001-S9R)', 'Power Cord : Optional (by region)', 'PSU ADP 19V 65W 100-240VAC x 1 (P/N: 25EP0-1065W1-A3S)'], 'Mounting': ['Wall mount P/N: 25HB2-CGAA20-CHR x 1 (Optional)', 'VESA 75/100 P/N: 25HB1-TPL021-S8R x 1 + 25KSD-000002-C0R x 1 (Screw) (Optional)'], 'Order Information': ['6BQPN970AMR-SI (Box packing)']}","{'Intel® Processor N97', '1 x COM Port (RS-232/422/485)', 'System Size: 178W x 125D x 52.7H(mm)', '2 x 2.5GbE LAN Ports', '1 x COM Port (RS-232)', 'Industrial system with Intel® Processor N97/ Fanless Design/ Single Channel DDR5 up to 16GB/ 2 x HDMI', '1 x COM Port (RS-232/422/485 & RI/5V/12V)', 'Single Channel DDR5, 1 x SO-DIMM'}",https://www.gigaipc.com/upload/catalog_list_pic/QBiX-Pro-ADNAN97H-A2-3D-Right-Front-340x353px__24E06gvE5v.webp
QBiX-Pro-RPLA1355H-A1,Embedded Systems,https://www.gigaipc.com/en/products-detail/QBiX-Pro-RPLA1355H-A1/,"{'Dimension': ['178W x 125D x 52.7H(mm)'], 'CPU': ['Intel® Core™ i7-1355U Processor', 'Intel® 7, 10 cores, 2P+8E, 12 threads, up to 5.0 GHz'], 'Chipset': ['SoC'], 'Memory': ['2 x DDR4 SO-DIMM sockets, Max. Capacity 64 GB', 'Support Dual Channel DDR4 3200 MHz memory modules'], 'Ethernet': ['2 x 2.5GbE LAN Ports (Intel® I226V)'], 'Graphics Support': ['Integrated Graphics Processor - Intel® Iris® Xe Graphics :', '2 x HDMI 2.0 ports, supporting a maximum resolution of 4096x2160 @60Hz', '(2 independent display outputs)'], 'Audio': ['Realtek® ALC269'], 'Storage': ['1 x 2.5"" HDD/SSD (SATA 6Gb/s)'], 'Expansion-Slots': ['1 x 2280 M.2 M-Key (PCIe Gen 4x4, SATA 6Gb/s)', '1 x 2230 M.2 E-Key', '1 x Full-size Mini PCIe with SIM slot'], 'Front I/O': ['2 x RJ45 LAN Ports', '4 x USB 3.2 Gen 2x1', '2 x HDMI', '1 x Power button with LED', '1 x HDD LED', '1 x COM Port (RS-232/422/485 & RI/5V/12V)', '1 x External Antenna Hole (Optional)'], 'Rear l/O': ['2 x USB 2.0', '2 x COM Ports (RS-232/422/485)', '1 x GPIO (8 bits)', '1 x Headphone Jack', '1 x 3-pin Terminal block'], 'Side I/O': ['2 x External Antenna Holes (Optional)'], 'TPM': ['Onboard TPM 2.0 security chip', 'INFINEON SLB9672VU2.0'], 'Power': ['+9~36VDC (Full Range)'], 'Operation Temperature': ['Operating temperature: 0°C to 50°C', 'Operating humidity: 0-90% (non-condensing)', 'Non-operating temperature: -40°C to 85°C', 'Non-operating humidity: 0%-95% (non-condensing)', 'Use wide temperature range memory and storage'], 'Vibration During Operation': ['Operation: IEC 60068-2-64, 5 Grms, random, 5 ~ 500 Hz, 1 hr / Per Axis, With SSD/M.2 2280', 'Non-operation: IEC 60068-2-6, 2 G, Sine, 10 ~ 500 Hz, 1 Oct/min, 1 hr / Per Axis'], 'Shock During Operation': ['Operation: IEC 60068-2-27, 50 G, half sine, 11 ms duration, With SSD'], 'Packing Content': ['Carton size: 505 x 333 x 231 (mm)', 'Packing Capacity: 5pcs', 'Single Box size: 313 x 191 x 95 (mm)', 'Single Box weight: Approx. 3kg', 'Including:', 'Screw I Head for 2.5"" HDD M3x8L x 4 (P/N: 25KSG-130081-K1R)', 'Thermal Pad for Memory x 1 (P/N: 25ST3-200086-T5R)', 'SATA Cable x 1 (P/N: 25CRI-070000-S9R)', 'Terminal Blocks Male Plug x 1 (P/N: 25IO0-5ESDV0-D2R)'], 'Mounting': ['Wall mount P/N: 25HB2-CGAA20-CHR x 1 (Optional)', 'VESA 75/100 P/N: 25HB1-TPL021-S8R x 1 + 25KSD-000002-C0R x 1 (Screw) (Optional)'], 'Order Information': ['6BQP1355AMR-SI (Box packing)']}","{'Industrial system with Intel® Core™ i7-1355U Processor/ Fanless Design/ Dual Channel DDR4 up to 64GB/ 2 x HDMI', 'Intel® Core™ i7-1355U Processor', '2 x HDMI for Dual display', '2 x 2.5GbE LAN Ports', 'Dual Channel DDR4, 2 x SO-DIMMs', 'System Size : 178W x 125D x 52.7H (mm)'}",https://www.gigaipc.com/upload/catalog_list_pic/QBiX-Pro-RPLA1355H-A1-01__24B06ji8ka.webp
QBiX-Pro-RPLA1355H-A2,Embedded Systems,https://www.gigaipc.com/en/products-detail/QBiX-Pro-RPLA1355H-A2/,"{'Dimension': ['178W x 125D x 52.7H(mm)'], 'CPU': ['Intel® Core™ i7-1355U Processor', 'Intel® 7, 10 cores, 2P+8E, 12 threads, up to 5.0 GHz'], 'Chipset': ['SoC'], 'Memory': ['2 x DDR4 SO-DIMM sockets, Max. Capacity 64 GB', 'Support Dual Channel DDR4 3200 MHz memory modules'], 'Ethernet': ['2 x 2.5GbE LAN Ports (Intel® I226V)'], 'Graphics Support': ['Integrated Graphics Processor - Intel® Iris® Xe Graphics :', '2 x HDMI 2.0 ports, supporting a maximum resolution of 4096x2160 @60Hz', '(2 independent display outputs)'], 'Audio': ['Realtek® ALC269'], 'Storage': ['1 x 2.5"" HDD/SSD (SATA 6Gb/s)'], 'Expansion-Slots': ['1 x 2280 M.2 M-Key (PCIe Gen 4x4, SATA 6Gb/s)', '1 x 2230 M.2 E-Key', '1 x Full-size Mini PCIe with SIM slot'], 'Front I/O': ['2 x RJ45 LAN Ports', '4 x USB 3.2 Gen 2x1', '2 x HDMI', '1 x Power button with LED', '1 x HDD LED', '1 x COM Port (RS-232/422/485 & RI/5V/12V)', '1 x External Antenna Hole (Optional)'], 'Rear l/O': ['2 x USB 2.0', '2 x COM Ports (RS-232/422/485)', '1 x GPIO (8 bits)', '1 x Headphone Jack', '1 x Screw Type DC Jack'], 'Side I/O': ['2 x External Antenna Holes (Optional)'], 'TPM': ['Onboard TPM 2.0 security chip', 'INFINEON SLB9672VU2.0'], 'Power': ['+9V~36VDC (Adapter 19.5V/135W)'], 'Operation Temperature': ['Operating temperature: 0°C to 50°C', 'Operating humidity: 0-90% (non-condensing)', 'Non-operating temperature: -40°C to 85°C', 'Non-operating humidity: 0%-95% (non-condensing)', 'Use wide temperature range memory and storage'], 'Vibration During Operation': ['Operation: IEC 60068-2-64, 5 Grms, random, 5 ~ 500 Hz, 1 hr / Per Axis, With SSD/M.2 2280', 'Non-operation: IEC 60068-2-6, 2 G, Sine, 10 ~ 500 Hz, 1 Oct/min, 1 hr / Per Axis'], 'Shock During Operation': ['Operation: IEC 60068-2-27, 50 G, half sine, 11 ms duration, With SSD'], 'Packing Content': ['Carton size: 505 x 333 x 231 (mm)', 'Packing Capacity: 5pcs', 'Single Box size: 313 x 191 x 95 (mm)', 'Single Box weight: Approx. 3kg', 'Including:', 'Screw I Head for 2.5"" HDD M3x8L x 4 (P/N: 25KSG-130081-K1R)', 'Thermal Pad for Memory x 1 (P/N: 25ST3-200086-T5R)', 'SATA Cable x 1 (P/N: 25CRI-070000-S9R)', 'Power Cord : Optional (by region)', 'PSU ADP 19.5V 135W 100-240VAC x 1 (P/N: 25EP4-201352-C1S)'], 'Mounting': ['Wall mount P/N: 25HB2-CGAA20-CHR x 1 (Optional)', 'VESA 75/100 P/N: 25HB1-TPL021-S8R x 1 + 25KSD-000002-C0R x 1 (Screw) (Optional)'], 'Order Information': ['6BQP1355AMR-SI (Box packing)']}","{'Industrial system with Intel® Core™ i7-1355U Processor/ Fanless Design/ Dual Channel DDR4 up to 64GB/ 2 x HDMI', 'Intel® Core™ i7-1355U Processor', '2 x HDMI for Dual display', '2 x 2.5GbE LAN Ports', 'Dual Channel DDR4, 2 x SO-DIMMs', 'System Size : 178W x 125D x 52.7H (mm)'}",https://www.gigaipc.com/upload/catalog_list_pic/QBiX-Pro-RPLA1355H-A2-01__24B06xeTy8.webp
QBiX-Pro-RPLA1335H-A1,Embedded Systems,https://www.gigaipc.com/en/products-detail/QBiX-Pro-RPLA1335H-A1/,"{'Dimension': ['178W x 125D x 52.7H(mm)'], 'CPU': ['Intel® Core™ i5-1335U Processor', 'Intel® 7, 10 cores, 2P+8E, 12 threads, up to 4.6 GHz'], 'Chipset': ['SoC'], 'Memory': ['2 x DDR4 SO-DIMM sockets, Max. Capacity 64 GB', 'Support Dual Channel DDR4 3200 MHz memory modules'], 'Ethernet': ['2 x 2.5GbE LAN Ports (Intel® I226V)'], 'Graphics Support': ['Integrated Graphics Processor - Intel® Iris® Xe Graphics :', '2 x HDMI 2.0 ports, supporting a maximum resolution of 4096x2160 @60Hz', '(2 independent display outputs)'], 'Audio': ['Realtek® ALC269'], 'Storage': ['1 x 2.5"" HDD/SSD (SATA 6Gb/s)'], 'Expansion-Slots': ['1 x 2280 M.2 M-Key (PCIe Gen 4x4, SATA 6Gb/s)', '1 x 2230 M.2 E-Key', '1 x Full-size Mini PCIe with SIM slot'], 'Front I/O': ['2 x RJ45 LAN Ports', '4 x USB 3.2 Gen 2x1', '2 x HDMI', '1 x Power button with LED', '1 x HDD LED', '1 x COM Port (RS-232/422/485 & RI/5V/12V)', '1 x External Antenna Hole (Optional)'], 'Rear l/O': ['2 x USB 2.0', '2 x COM Ports (RS-232/422/485)', '1 x GPIO (8 bits)', '1 x Headphone Jack', '1 x 3-pin Terminal block'], 'Side I/O': ['2 x External Antenna Holes (Optional)'], 'TPM': ['Onboard TPM 2.0 security chip', 'INFINEON SLB9672VU2.0'], 'Power': ['+9~36VDC (Full Range)'], 'Operation Temperature': ['Operating temperature: 0°C to 50°C', 'Operating humidity: 0-90% (non-condensing)', 'Non-operating temperature: -40°C to 85°C', 'Non-operating humidity: 0%-95% (non-condensing)', 'Use wide temperature range memory and storage'], 'Vibration During Operation': ['Operation: IEC 60068-2-64, 5 Grms, random, 5 ~ 500 Hz, 1 hr / Per Axis, With SSD/M.2 2280', 'Non-operation: IEC 60068-2-6, 2 G, Sine, 10 ~ 500 Hz, 1 Oct/min, 1 hr / Per Axis'], 'Shock During Operation': ['Operation: IEC 60068-2-27, 50 G, half sine, 11 ms duration, With SSD'], 'Packing Content': ['Carton size: 505 x 333 x 231 (mm)', 'Packing Capacity: 5pcs', 'Single Box size: 313 x 191 x 95 (mm)', 'Single Box weight: Approx. 3kg', 'Including:', 'Screw I Head for 2.5"" HDD M3x8L x 4 (P/N: 25KSG-130081-K1R)', 'Thermal Pad for Memory x 1 (P/N: 25ST3-200086-T5R)', 'SATA Cable x 1 (P/N: 25CRI-070000-S9R)', 'Terminal Blocks Male Plug x 1 (P/N: 25IO0-5ESDV0-D2R)'], 'Mounting': ['Wall mount P/N: 25HB2-CGAA20-CHR x 1 (Optional)', 'VESA 75/100 P/N: 25HB1-TPL021-S8R x 1 + 25KSD-000002-C0R x 1 (Screw) (Optional)'], 'Order Information': ['6BQP1335AMR-SI (Box packing)']}","{'2 x HDMI for Dual display', '2 x 2.5GbE LAN Ports', 'Dual Channel DDR4, 2 x SO-DIMMs', 'Intel® Core™ i5-1335U Processor', 'Industrial system with Intel® Core™ i5-1335U Processor/ Fanless Design/ Dual Channel DDR4 up to 64GB/ 2 x HDMI', 'System Size : 178W x 125D x 52.7H (mm)'}",https://www.gigaipc.com/upload/catalog_list_pic/QBiX-Pro-RPLA1355H-A1-01__24B06RkDJI.webp
QBiX-Pro-RPLA1335H-A2,Embedded Systems,https://www.gigaipc.com/en/products-detail/QBiX-Pro-RPLA1335H-A2/,"{'Dimension': ['178W x 125D x 52.7H(mm)'], 'CPU': ['Intel® Core™ i5-1335U Processor', 'Intel® 7, 10 cores, 2P+8E, 12 threads, up to 4.6 GHz'], 'Chipset': ['SoC'], 'Memory': ['2 x DDR4 SO-DIMM sockets, Max. Capacity 64 GB', 'Support Dual Channel DDR4 3200 MHz memory modules'], 'Ethernet': ['2 x 2.5GbE LAN Ports (Intel® I226V)'], 'Graphics Support': ['Integrated Graphics Processor - Intel® Iris® Xe Graphics :', '2 x HDMI 2.0 ports, supporting a maximum resolution of 4096x2160 @60Hz', '(2 independent display outputs)'], 'Audio': ['Realtek® ALC269'], 'Storage': ['1 x 2.5"" HDD/SSD (SATA 6Gb/s)'], 'Expansion-Slots': ['1 x 2280 M.2 M-Key (PCIe Gen 4x4, SATA 6Gb/s)', '1 x 2230 M.2 E-Key', '1 x Full-size Mini PCIe with SIM slot'], 'Front I/O': ['2 x RJ45 LAN Ports', '4 x USB 3.2 Gen 2x1', '2 x HDMI', '1 x Power button with LED', '1 x HDD LED', '1 x COM Port (RS-232/422/485 & RI/5V/12V)', '1 x External Antenna Hole (Optional)'], 'Rear l/O': ['2 x USB 2.0', '2 x COM Ports (RS-232/422/485)', '1 x GPIO (8 bits)', '1 x Headphone Jack', '1 x Screw Type DC Jack'], 'Side I/O': ['2 x External Antenna Holes (Optional)'], 'TPM': ['Onboard TPM 2.0 security chip', 'INFINEON SLB9672VU2.0'], 'Power': ['+9V~36VDC (Adapter 19.5V/135W)'], 'Operation Temperature': ['Operating temperature: 0°C to 50°C', 'Operating humidity: 0-90% (non-condensing)', 'Non-operating temperature: -40°C to 85°C', 'Non-operating humidity: 0%-95% (non-condensing)', 'Use wide temperature range memory and storage'], 'Vibration During Operation': ['Operation: IEC 60068-2-64, 5 Grms, random, 5 ~ 500 Hz, 1 hr / Per Axis, With SSD/M.2 2280', 'Non-operation: IEC 60068-2-6, 2 G, Sine, 10 ~ 500 Hz, 1 Oct/min, 1 hr / Per Axis'], 'Shock During Operation': ['Operation: IEC 60068-2-27, 50 G, half sine, 11 ms duration, With SSD'], 'Packing Content': ['Carton size: 505 x 333 x 231 (mm)', 'Packing Capacity: 5pcs', 'Single Box size: 313 x 191 x 95 (mm)', 'Single Box weight: Approx. 3kg', 'Including:', 'Screw I Head for 2.5"" HDD M3x8L x 4 (P/N: 25KSG-130081-K1R)', 'Thermal Pad for Memory x 1 (P/N: 25ST3-200086-T5R)', 'SATA Cable x 1 (P/N: 25CRI-070000-S9R)', 'Power Cord : Optional (by region)', 'PSU ADP 19.5V 135W 100-240VAC x 1 (P/N: 25EP4-201352-C1S)'], 'Mounting': ['Wall mount P/N: 25HB2-CGAA20-CHR x 1 (Optional)', 'VESA 75/100 P/N: 25HB1-TPL021-S8R x 1 + 25KSD-000002-C0R x 1 (Screw) (Optional)'], 'Order Information': ['6BQP1335AMR-SI (Box packing)']}","{'2 x HDMI for Dual display', '2 x 2.5GbE LAN Ports', 'Dual Channel DDR4, 2 x SO-DIMMs', 'Intel® Core™ i5-1335U Processor', 'Industrial system with Intel® Core™ i5-1335U Processor/ Fanless Design/ Dual Channel DDR4 up to 64GB/ 2 x HDMI', 'System Size : 178W x 125D x 52.7H (mm)'}",https://www.gigaipc.com/upload/catalog_list_pic/QBiX-Pro-RPLA1355H-A2-01__24B06Um3MS.webp
QBiX-Pro-RPLA1315EH-A1,Embedded Systems,https://www.gigaipc.com/en/products-detail/QBiX-Pro-RPLA1315EH-A1/,"{'Dimension': ['178W x 125D x 52.7H(mm)'], 'CPU': ['Intel® Core™ i3-1315UE Processor', 'Intel® 7, 6 cores, 2P+4E, 8 threads, up to 4.5 GHz'], 'Chipset': ['SoC'], 'Memory': ['2 x DDR4 SO-DIMM sockets, Max. Capacity 64 GB', 'Support Dual Channel DDR4 3200 MHz memory modules'], 'Ethernet': ['2 x 2.5GbE LAN Ports (Intel® I226V)'], 'Graphics Support': ['Integrated Graphics Processor - Intel® UHD Graphics for 13th Gen. Intel® Processors:', '2 x HDMI 2.0 ports, supporting a maximum resolution of 4096x2160 @60Hz', '(2 independent display outputs)'], 'Audio': ['Realtek® ALC269'], 'Storage': ['1 x 2.5"" HDD/SSD (SATA 6Gb/s)'], 'Expansion-Slots': ['1 x 2280 M.2 M-Key (PCIe Gen 4x4, SATA 6Gb/s)', '1 x 2230 M.2 E-Key', '1 x Full-size Mini PCIe with SIM slot'], 'Front I/O': ['2 x RJ45 LAN Ports', '4 x USB 3.2 Gen 2x1', '2 x HDMI', '1 x Power button with LED', '1 x HDD LED', '1 x COM Port (RS-232/422/485 & RI/5V/12V)', '1 x External Antenna Hole (Optional)'], 'Rear l/O': ['2 x USB 2.0', '2 x COM Ports (RS-232/422/485)', '1 x GPIO (8 bits)', '1 x Headphone Jack', '1 x 3-pin Terminal block'], 'Side I/O': ['2 x External Antenna Holes (Optional)'], 'TPM': ['Onboard TPM 2.0 security chip', 'INFINEON SLB9672VU2.0'], 'Power': ['+9~36VDC (Full Range)'], 'Operation Temperature': ['Operating temperature: 0°C to 50°C', 'Operating humidity: 0-90% (non-condensing)', 'Non-operating temperature: -40°C to 85°C', 'Non-operating humidity: 0%-95% (non-condensing)', 'Use wide temperature range memory and storage'], 'Vibration During Operation': ['Operation: IEC 60068-2-64, 5 Grms, random, 5 ~ 500 Hz, 1 hr / Per Axis, With SSD/M.2 2280', 'Non-operation: IEC 60068-2-6, 2 G, Sine, 10 ~ 500 Hz, 1 Oct/min, 1 hr / Per Axis'], 'Shock During Operation': ['Operation: IEC 60068-2-27, 50 G, half sine, 11 ms duration, With SSD'], 'Packing Content': ['Carton size: 505 x 333 x 231 (mm)', 'Packing Capacity: 5pcs', 'Single Box size: 313 x 191 x 95 (mm)', 'Single Box weight: Approx. 3kg', 'Including:', 'Screw I Head for 2.5"" HDD M3x8L x 4 (P/N: 25KSG-130081-K1R)', 'Thermal Pad for Memory x 1 (P/N: 25ST3-200086-T5R)', 'SATA Cable x 1 (P/N: 25CRI-070000-S9R)', 'Terminal Blocks Male Plug x 1 (P/N: 25IO0-5ESDV0-D2R)'], 'Mounting': ['Wall mount P/N: 25HB2-CGAA20-CHR x 1 (Optional)', 'VESA 75/100 P/N: 25HB1-TPL021-S8R x 1 + 25KSD-000002-C0R x 1 (Screw) (Optional)'], 'Order Information': ['6BQP1315AMR-SI (Box packing)']}","{'Industrial system with Intel® Core™ i3-1315UE Processor/ Fanless Design/ Dual Channel DDR4 up to 64GB/ 2 x HDMI', '2 x HDMI for Dual display', 'Intel® Core™ i3-1315UE Processor', 'Dual Channel DDR4, 2 x SO-DIMMs', '2 x 2.5GbE LAN Ports', 'System Size : 178W x 125D x 52.7H (mm)'}",https://www.gigaipc.com/upload/catalog_list_pic/QBiX-Pro-RPLA1355H-A1-01__24B065BXQw.webp
QBiX-Pro-RPLA1315EH-A2,Embedded Systems,https://www.gigaipc.com/en/products-detail/QBiX-Pro-RPLA1315EH-A2/,"{'Dimension': ['178W x 125D x 52.7H(mm)'], 'CPU': ['Intel® Core™ i3-1315UE Processor', 'Intel® 7, 6 cores, 2P+4E, 8 threads, up to 4.5 GHz'], 'Chipset': ['SoC'], 'Memory': ['2 x DDR4 SO-DIMM sockets, Max. Capacity 64 GB', 'Support Dual Channel DDR4 3200 MHz memory modules'], 'Ethernet': ['2 x 2.5GbE LAN Ports (Intel® I226V)'], 'Graphics Support': ['Integrated Graphics Processor - Intel® UHD Graphics for 13th Gen. Intel® Processors:', '2 x HDMI 2.0 ports, supporting a maximum resolution of 4096x2160 @60Hz', '(2 independent display outputs)'], 'Audio': ['Realtek® ALC269'], 'Storage': ['1 x 2.5"" HDD/SSD (SATA 6Gb/s)'], 'Expansion-Slots': ['1 x 2280 M.2 M-Key (PCIe Gen 4x4, SATA 6Gb/s)', '1 x 2230 M.2 E-Key', '1 x Full-size Mini PCIe with SIM slot'], 'Front I/O': ['2 x RJ45 LAN Ports', '4 x USB 3.2 Gen 2x1', '2 x HDMI', '1 x Power button with LED', '1 x HDD LED', '1 x COM Port (RS-232/422/485 & RI/5V/12V)', '1 x External Antenna Hole (Optional)'], 'Rear l/O': ['2 x USB 2.0', '2 x COM Ports (RS-232/422/485)', '1 x GPIO (8 bits)', '1 x Headphone Jack', '1 x Screw Type DC Jack'], 'Side I/O': ['2 x External Antenna Holes (Optional)'], 'TPM': ['Onboard TPM 2.0 security chip', 'INFINEON SLB9672VU2.0'], 'Power': ['+9V~36VDC (Adapter 19.5V/135W)'], 'Operation Temperature': ['Operating temperature: 0°C to 50°C', 'Operating humidity: 0-90% (non-condensing)', 'Non-operating temperature: -40°C to 85°C', 'Non-operating humidity: 0%-95% (non-condensing)', 'Use wide temperature range memory and storage'], 'Vibration During Operation': ['Operation: IEC 60068-2-64, 5 Grms, random, 5 ~ 500 Hz, 1 hr / Per Axis, With SSD/M.2 2280', 'Non-operation: IEC 60068-2-6, 2 G, Sine, 10 ~ 500 Hz, 1 Oct/min, 1 hr / Per Axis'], 'Shock During Operation': ['Operation: IEC 60068-2-27, 50 G, half sine, 11 ms duration, With SSD'], 'Packing Content': ['Carton size: 505 x 333 x 231 (mm)', 'Packing Capacity: 5pcs', 'Single Box size: 313 x 191 x 95 (mm)', 'Single Box weight: Approx. 3kg', 'Including:', 'Screw I Head for 2.5"" HDD M3x8L x 4 (P/N: 25KSG-130081-K1R)', 'Thermal Pad for Memory x 1 (P/N: 25ST3-200086-T5R)', 'SATA Cable x 1 (P/N: 25CRI-070000-S9R)', 'Power Cord : Optional (by region)', 'PSU ADP 19.5V 135W 100-240VAC x 1 (P/N: 25EP4-201352-C1S)'], 'Mounting': ['Wall mount P/N: 25HB2-CGAA20-CHR x 1 (Optional)', 'VESA 75/100 P/N: 25HB1-TPL021-S8R x 1 + 25KSD-000002-C0R x 1 (Screw) (Optional)'], 'Order Information': ['6BQP1315AMR-SI (Box packing)']}","{'Industrial system with Intel® Core™ i3-1315UE Processor/ Fanless Design/ Dual Channel DDR4 up to 64GB/ 2 x HDMI', '2 x HDMI for Dual display', 'Intel® Core™ i3-1315UE Processor', 'Dual Channel DDR4, 2 x SO-DIMMs', '2 x 2.5GbE LAN Ports', 'System Size : 178W x 125D x 52.7H (mm)'}",https://www.gigaipc.com/upload/catalog_list_pic/QBiX-Pro-RPLA1355H-A2-01__24B06afoG8.webp
QBiX-Pro-APLC4200H-B1,Embedded Systems,https://www.gigaipc.com/en/products-detail/QBiX-Pro-APLC4200H-B1/,"{'Dimension': ['178W x 125D x 52.7H(mm)'], 'CPU': ['Intel® Pentium® N4200 Processor', '14nm, 4 cores, 4 threads, up to 2.5 GHz', 'TDP 6W'], 'Chipset': ['SoC'], 'Memory': ['2 x DDR3L SO-DIMM sockets, Max. Capacity 8 GB', 'Support Dual channel DDR3L 1866 MHz memory modules'], 'Ethernet': ['2 x GbE LAN Ports (Realtek® RTL8111H)'], 'Graphics Support': ['Integrated Graphics Processor - Intel® HD Graphics 505:', '1 x HDMI 1.4 port, supporting a maximum resolution of 3840x2160 @30Hz', '1 x VGA port, supporting a maximum resolution of 1920x1080 @60Hz (with compatible displays)', '(2 independent display outputs)'], 'Audio': ['Realtek® ALC897'], 'Storage': ['1 x 2.5"" HDD/SSD (SATA 6Gb/s)'], 'Expansion-Slots': ['1 x 2242 M.2 M-Key (SATA 6Gb/s)', '1 x Full-size Mini PCIe with SIM slot (PCIe x1 + USB2.0) -- support 3G/4G module'], 'Front I/O': ['2 x RJ45 LAN Ports', '2 x USB 3.2 Gen 1', '1 x HDMI', '1 x VGA', '1 x Power switch', '1 x Power & HDD LED', '1 x Headphone jack'], 'Rear l/O': ['2 x USB 2.0', '1 x COM Port (RS-232/422/485 & RI/5V/12V)', '2 x COM Ports (RS-232)', '1 x GPIO (8 bits)', '1 x 3-pin Terminal Block'], 'Side I/O': ['2 x External Antenna Holes (Optional)'], 'Power': ['+9V~36VDC (Full Range)'], 'Operation Temperature': ['Operating temperature: 0°C to 50°C', 'Operating humidity: 0-90% (non-condensing)', 'Non-operating temperature: -20°C to 70°C', 'Non-operating humidity: 0%-95% (non-condensing)', 'Use wide temperature range memory and storage'], 'Vibration During Operation': ['Operation: IEC 60068-2-64, 5 Grms, random, 5 ~ 500 Hz, 1 hr / Per Axis, With SSD/M.2 2242', 'Non-operation: IEC 60068-2-6, 2 G, Sine, 10 ~ 500 Hz, 1 Oct/min, 1 hr / Per Axis'], 'Shock During Operation': ['Operation: IEC 60068-2-27, 50 G, half sine, 11 ms duration, With SSD'], 'Packing Content': ['Carton size: 505 x 333 x 231 (mm)', 'Packing Capacity: 5pcs', 'Single Box size: 313 x 191 x 95 (mm)', 'Single Box weight: Approx. 1.5kg', 'Including:', 'Screw I Head For 2.5"" HDD M3x8L x 4 (P/N: 25KSG-130081-K1R)', 'SATA Cable x 1 (P/N: 25CF4-170020-S9R)', 'Terminal Blocks Male Plug x 1 (P/N: 25IO0-5ESDV0-D2R)'], 'Order Information': ['6BQP4200CMR-SI (Box packing)'], 'Optional Kit': ['TPM 2.0 module P/N: 9CTM000NR-00', 'TPM Cable P/N: 25CRZ-100600-S9R']}","{'Industrial system with Intel® Pentium® N4200 Processor/ 1 x GPIO (8 bits)', '2 x GbE LAN Ports', 'System Size : 178W x 125D x 52.7H(mm)', 'Intel® Pentium® N4200 Processor', 'HDMI, D-sub for Dual display', 'Dual Channel DDR3L, 2 x SO-DIMMs'}",https://www.gigaipc.com/upload/catalog_list_pic/QBiX-Pro-APLC4200H-B1-3D-Right-RearIO-510x530px__24B06KoXPW.png
QBiX-Pro-APLC4200H-B2,Embedded Systems,https://www.gigaipc.com/en/products-detail/QBiX-Pro-APLC4200H-B2/,"{'Dimension': ['178W x 125D x 52.7H(mm)'], 'CPU': ['Intel® Pentium® N4200 Processor', '14nm, 4 cores, 4 threads, up to 2.5 GHz', 'TDP 6W'], 'Chipset': ['SoC'], 'Memory': ['2 x DDR3L SO-DIMM sockets, Max. Capacity 8 GB', 'Support Dual channel DDR3L 1866 MHz memory modules'], 'Ethernet': ['2 x GbE LAN Ports (Realtek® RTL8111H)'], 'Graphics Support': ['Integrated Graphics Processor - Intel® HD Graphics 505:', '1 x HDMI 1.4 port, supporting a maximum resolution of 3840x2160 @30Hz', '1 x VGA port, supporting a maximum resolution of 1920x1080 @60Hz (with compatible displays)', '(2 independent display outputs)'], 'Audio': ['Realtek® ALC897'], 'Storage': ['1 x 2.5"" HDD/SSD (SATA 6Gb/s)'], 'Expansion-Slots': ['1 x 2242 M.2 M-Key (SATA 6Gb/s)', '1 x Full-size Mini PCIe with SIM slot (PCIe x1 + USB2.0) -- support 3G/4G module'], 'Front I/O': ['2 x RJ45 LAN Ports', '2 x USB 3.2 Gen 1', '1 x HDMI', '1 x VGA', '1 x Power switch', '1 x Power & HDD LED', '1 x Headphone jack'], 'Rear l/O': ['2 x USB 2.0', '1 x COM Port (RS-232/422/485 & RI/5V/12V)', '2 x COM Ports (RS-232)', '1 x GPIO (8 bits)', '1 x Screw Type DC Jack'], 'Side I/O': ['2 x External Antenna Holes (Optional)'], 'Power': ['+9V~36VDC (Adapter 19V/65W)'], 'Operation Temperature': ['Operating temperature: 0°C to 50°C', 'Operating humidity: 0-90% (non-condensing)', 'Non-operating temperature: -20°C to 70°C', 'Non-operating humidity: 0%-95% (non-condensing)', 'Use wide temperature range memory and storage'], 'Vibration During Operation': ['Operation: IEC 60068-2-64, 5 Grms, random, 5 ~ 500 Hz, 1 hr / Per Axis, With SSD/M.2 2242', 'Non-operation: IEC 60068-2-6, 2 G, Sine, 10 ~ 500 Hz, 1 Oct/min, 1 hr / Per Axis'], 'Shock During Operation': ['Operation: IEC 60068-2-27, 50 G, half sine, 11 ms duration, With SSD'], 'Packing Content': ['Carton size: 505 x 333 x 231 (mm)', 'Packing Capacity: 5pcs', 'Single Box size: 313 x 191 x 95 (mm)', 'Single Box weight: Approx. 1.5kg', 'Including:', 'Screw I Head For 2.5"" HDD M3x8L x 4 (P/N: 25KSG-130081-K1R)', 'SATA Cable x 1 (P/N: 25CF4-170020-S9R)', 'Power Cord : Optional (by region)', 'PSU ADP 19V 65W 100-240VAC x 1 (P/N: 25EP0-1065W1-A3S)'], 'Order Information': ['6BQP4200CMR-SI (Box packing)'], 'Optional Kit': ['TPM 2.0 module P/N: 9CTM000NR-00', 'TPM Cable P/N: 25CRZ-100600-S9R']}","{'Industrial system with Intel® Pentium® N4200 Processor/ 1 x GPIO (8 bits)', '2 x GbE LAN Ports', 'System Size : 178W x 125D x 52.7H(mm)', 'Intel® Pentium® N4200 Processor', 'HDMI, D-sub for Dual display', 'Dual Channel DDR3L, 2 x SO-DIMMs'}",https://www.gigaipc.com/upload/catalog_list_pic/QBiX-Pro-APLC4200H-B2-3D-Rear-510x530px__24B06R5Zhs.png
QBiX-Pro-ADLA1255H-A1,Embedded Systems,https://www.gigaipc.com/en/products-detail/QBiX-Pro-ADLA1255H-A1/,"{'Dimension': ['178W x 125D x 52.7H(mm)'], 'CPU': ['Intel® Core™ i7-1255U Processor', '10nm Enhanced Superfin (Intel 7), 10 cores, 12 threads, up to 4.7 GHz'], 'Chipset': ['SoC'], 'Memory': ['2 x DDR4 SO-DIMM sockets, Max. Capacity 64 GB', 'Support Dual Channel DDR4 3200 MHz memory modules'], 'Ethernet': ['2 x 2.5GbE LAN Ports (Intel® I226V)'], 'Graphics Support': ['Integrated Graphics Processor - Intel® Iris® Xe Graphics:', '2 x HDMI 2.0 ports, supporting a maximum resolution of 4096x2160 @60Hz', '(2 independent display outputs)'], 'Audio': ['Realtek® ALC269'], 'Storage': ['1 x 2.5"" HDD/SSD (SATA 6Gb/s)'], 'Expansion-Slots': ['1 x 2280 M.2 M-Key (PCIe Gen 4x4, SATA 6Gb/s)', '1 x 2230 M.2 E-Key', '1 x Full-size Mini PCIe with SIM slot'], 'Front I/O': ['2 x RJ45 LAN Ports', '4 x USB 3.2 Gen 2x1', '2 x HDMI', '1 x Power button with LED', '1 x HDD LED', '1 x COM Port (RS-232/422/485 & RI/5V/12V)', '1 x External Antenna Hole (Optional)'], 'Rear l/O': ['2 x USB 2.0', '2 x COM Ports (RS-232/422/485)', '1 x GPIO (8 bits)', '1 x Headphone Jack', '1 x 3-pin Terminal block'], 'Side I/O': ['2 x External Antenna Holes (Optional)'], 'Power': ['+9V~36VDC (Full Range)'], 'Operation Temperature': ['Operating temperature: 0°C to 50°C', 'Operating humidity: 0-90% (non-condensing)', 'Non-operating temperature: -40°C to 85°C', 'Non-operating humidity: 0%-95% (non-condensing)', 'Use wide temperature range memory and storage'], 'Vibration During Operation': ['Operation: IEC 60068-2-64, 5 Grms, random, 5 ~ 500 Hz, 1 hr / Per Axis, With SSD/M.2 2280', 'Non-operation: IEC 60068-2-6, 2 G, Sine, 10 ~ 500 Hz, 1 Oct/min, 1 hr / Per Axis'], 'Shock During Operation': ['Operation: IEC 60068-2-27, 50 G, half sine, 11 ms duration, With SSD'], 'Packing Content': ['Carton size: 505 x 333 x 231 (mm)', 'Packing Capacity: 5pcs', 'Single Box size: 313 x 191 x 95 (mm)', 'Single Box weight: Approx. 2.5kg', 'Including:', 'Screw I Head for 2.5"" HDD M3x8L x 4 (P/N: 25KSG-130081-K1R)', 'Thermal Pad for Memory x 1 (P/N: 25ST3-200086-T5R)', 'SATA Cable x 1 (P/N: 25CRI-070000-S9R)', 'Terminal Blocks Male Plug x 1 (P/N: 25IO0-5ESDV0-D2R)'], 'Mounting': ['Wall mount P/N: 25HB2-CGAA20-CHR x 1 (Optional)', 'VESA 75/100 P/N: 25HB1-TPL021-S8R x 1 + 25KSD-000002-C0R x 1 (Screw) (Optional)'], 'Order Information': ['6BQP1255AMR-SI (Box Packing)'], 'Optional Kit': ['TPM 2.0 module P/N: 9CTM010NR-00', 'TPM Cable P/N: 25CRZ-100600-S9R']}","{'Intel® Core™ i7-1255U Processor', '2 x HDMI for Dual display', '2 x 2.5GbE LAN Ports', 'Dual Channel DDR4, 2 x SO-DIMMs', 'Industrial system with Intel® Core™ i7-1255U Processor/ Fanless Design/ Dual Channel DDR4 up to 64GB/ 2 x HDMI', 'System Size : 178W x 125D x 52.7H (mm)'}",https://www.gigaipc.com/upload/catalog_list_pic/QBiX-Pro-ADLA1255_1235_1215H-A1-3D-Rear-510x530px__24B06lmFSt.png
QBiX-Pro-ADLA1255H-A2,Embedded Systems,https://www.gigaipc.com/en/products-detail/QBiX-Pro-ADLA1255H-A2/,"{'Dimension': ['178W x 125D x 52.7H(mm)'], 'CPU': ['Intel® Core™ i7-1255U Processor', '10nm Enhanced Superfin (Intel 7), 10 cores, 12 threads, up to 4.7 GHz'], 'Chipset': ['SoC'], 'Memory': ['2 x DDR4 SO-DIMM sockets, Max. Capacity 64 GB', 'Support Dual Channel DDR4 3200 MHz memory modules'], 'Ethernet': ['2 x 2.5GbE LAN Ports (Intel® I226V)'], 'Graphics Support': ['Integrated Graphics Processor - Intel® Iris® Xe Graphics:', '2 x HDMI 2.0 ports, supporting a maximum resolution of 4096x2160 @60Hz', '(2 independent display outputs)'], 'Audio': ['Realtek® ALC269'], 'Storage': ['1 x 2.5"" HDD/SSD (SATA 6Gb/s)'], 'Expansion-Slots': ['1 x 2280 M.2 M-Key (PCIe Gen 4x4, SATA 6Gb/s)', '1 x 2230 M.2 E-Key', '1 x Full-size Mini PCIe with SIM slot'], 'Front I/O': ['2 x RJ45 LAN Ports', '4 x USB 3.2 Gen 2x1', '2 x HDMI', '1 x Power button with LED', '1 x HDD LED', '1 x COM Port (RS-232/422/485 & RI/5V/12V)', '1 x External Antenna Hole (Optional)'], 'Rear l/O': ['2 x USB 2.0', '2 x COM Ports (RS-232/422/485)', '1 x GPIO (8 bits)', '1 x Headphone Jack', '1 x Screw Type DC Jack'], 'Side I/O': ['2 x External Antenna Holes (Optional)'], 'Power': ['+9V~36VDC (Adapter 19.5V/135W)'], 'Operation Temperature': ['Operating temperature: 0°C to 50°C', 'Operating humidity: 0-90% (non-condensing)', 'Non-operating temperature: -40°C to 85°C', 'Non-operating humidity: 0%-95% (non-condensing)', 'Use wide temperature range memory and storage'], 'Vibration During Operation': ['Operation: IEC 60068-2-64, 5 Grms, random, 5 ~ 500 Hz, 1 hr / Per Axis, With SSD/M.2 2280', 'Non-operation: IEC 60068-2-6, 2 G, Sine, 10 ~ 500 Hz, 1 Oct/min, 1 hr / Per Axis'], 'Shock During Operation': ['Operation: IEC 60068-2-27, 50 G, half sine, 11 ms duration, With SSD'], 'Packing Content': ['Carton size: 505 x 333 x 231 (mm)', 'Packing Capacity: 5pcs', 'Single Box size: 313 x 191 x 95 (mm)', 'Single Box weight: Approx. 2.5kg', 'Including:', 'Screw I Head for 2.5"" HDD M3x8L x 4 (P/N: 25KSG-130081-K1R)', 'Thermal Pad for Memory x 1 (P/N: 25ST3-200086-T5R)', 'SATA Cable x 1 (P/N: 25CRI-070000-S9R)', 'Power Cord : Optional (by region)', 'PSU ADP 19.5V 135W 100-240VAC x 1 (P/N: 25EP4-201352-C1S)'], 'Mounting': ['Wall mount P/N: 25HB2-CGAA20-CHR x 1 (Optional)', 'VESA 75/100 P/N: 25HB1-TPL021-S8R x 1 + 25KSD-000002-C0R x 1 (Screw) (Optional)'], 'Order Information': ['6BQP1255AMR-SI (Box Packing)'], 'Optional Kit': ['TPM 2.0 module P/N: 9CTM010NR-00', 'TPM Cable P/N: 25CRZ-100600-S9R']}","{'Intel® Core™ i7-1255U Processor', '2 x HDMI for Dual display', '2 x 2.5GbE LAN Ports', 'Dual Channel DDR4, 2 x SO-DIMMs', 'Industrial system with Intel® Core™ i7-1255U Processor/ Fanless Design/ Dual Channel DDR4 up to 64GB/ 2 x HDMI', 'System Size : 178W x 125D x 52.7H (mm)'}",https://www.gigaipc.com/upload/catalog_list_pic/QBiX-Pro-ADLA1255_1235_1215H-A2-3D-Rear-510x530px__24B065pCgb.png
QBiX-Pro-ADLA1235H-A1,Embedded Systems,https://www.gigaipc.com/en/products-detail/QBiX-Pro-ADLA1235H-A1/,"{'Dimension': ['178W x 125D x 52.7H(mm)'], 'CPU': ['Intel® Core™ i5-1235U Processor', '10nm Enhanced Superfin (Intel 7), 10 cores, 12 threads, up to 4.4 GHz'], 'Chipset': ['SoC'], 'Memory': ['2 x DDR4 SO-DIMM sockets, Max. Capacity 64 GB', 'Support Dual Channel DDR4 3200 MHz memory modules'], 'Ethernet': ['2 x 2.5GbE LAN Ports (Intel® I226V)'], 'Graphics Support': ['Integrated Graphics Processor - Intel® Iris® Xe Graphics:', '2 x HDMI 2.0 ports, supporting a maximum resolution of 4096x2160 @60Hz', '(2 independent display outputs)'], 'Audio': ['Realtek® ALC269'], 'Storage': ['1 x 2.5"" HDD/SSD (SATA 6Gb/s)'], 'Expansion-Slots': ['1 x 2280 M.2 M-Key (PCIe Gen 4x4, SATA 6Gb/s)', '1 x 2230 M.2 E-Key', '1 x Full-size Mini PCIe with SIM slot'], 'Front I/O': ['2 x RJ45 LAN Ports', '4 x USB 3.2 Gen 2x1', '2 x HDMI', '1 x Power button with LED', '1 x HDD LED', '1 x COM Port (RS-232/422/485 & RI/5V/12V)', '1 x External Antenna Hole (Optional)'], 'Rear l/O': ['2 x USB 2.0', '2 x COM Ports (RS-232/422/485)', '1 x GPIO (8 bits)', '1 x Headphone Jack', '1 x 3-pin Terminal block'], 'Side I/O': ['2 x External Antenna Holes (Optional)'], 'Power': ['+9V~36VDC (Full Range)'], 'Operation Temperature': ['Operating temperature: 0°C to 50°C', 'Operating humidity: 0-90% (non-condensing)', 'Non-operating temperature: -40°C to 85°C', 'Non-operating humidity: 0%-95% (non-condensing)', 'Use wide temperature range memory and storage'], 'Vibration During Operation': ['Operation: IEC 60068-2-64, 5 Grms, random, 5 ~ 500 Hz, 1 hr / Per Axis, With SSD/M.2 2280', 'Non-operation: IEC 60068-2-6, 2 G, Sine, 10 ~ 500 Hz, 1 Oct/min, 1 hr / Per Axis'], 'Shock During Operation': ['Operation: IEC 60068-2-27, 50 G, half sine, 11 ms duration, With SSD'], 'Packing Content': ['Carton size: 505 x 333 x 231 (mm)', 'Packing Capacity: 5pcs', 'Single Box size: 313 x 191 x 95 (mm)', 'Single Box weight: Approx. 2.5kg', 'Including:', 'Screw I Head for 2.5"" HDD M3x8L x 4 (P/N: 25KSG-130081-K1R)', 'Thermal Pad for Memory x 1 (P/N: 25ST3-200086-T5R)', 'SATA Cable x 1 (P/N: 25CRI-070000-S9R)', 'Terminal Blocks Male Plug x 1 (P/N: 25IO0-5ESDV0-D2R)'], 'Mounting': ['Wall mount P/N: 25HB2-CGAA20-CHR x 1 (Optional)', 'VESA 75/100 P/N: 25HB1-TPL021-S8R x 1 + 25KSD-000002-C0R x 1 (Screw) (Optional)'], 'Order Information': ['6BQP1235AMR-SI (Box Packing)'], 'Optional Kit': ['TPM 2.0 module P/N: 9CTM010NR-00', 'TPM Cable P/N: 25CRZ-100600-S9R']}","{'Intel® Core™ i5-1235U Processor', 'Industrial system with Intel® Core™ i5-1235U Processor/ Fanless Design/ Dual Channel DDR4 up to 64GB/ 2 x HDMI', '2 x HDMI for Dual display', 'Dual Channel DDR4, 2 x SO-DIMMs', '2 x 2.5GbE LAN Ports', 'System Size : 178W x 125D x 52.7H (mm)'}",https://www.gigaipc.com/upload/catalog_list_pic/QBiX-Pro-ADLA1255_1235_1215H-A1-3D-Rear-510x530px__24B06qaSIX.png
QBiX-Pro-ADLA1235H-A2,Embedded Systems,https://www.gigaipc.com/en/products-detail/QBiX-Pro-ADLA1235H-A2/,"{'Dimension': ['178W x 125D x 52.7H(mm)'], 'CPU': ['Intel® Core™ i5-1235U Processor', '10nm Enhanced Superfin (Intel 7), 10 cores, 12 threads, up to 4.4 GHz'], 'Chipset': ['SoC'], 'Memory': ['2 x DDR4 SO-DIMM sockets, Max. Capacity 64 GB', 'Support Dual Channel DDR4 3200 MHz memory modules'], 'Ethernet': ['2 x 2.5GbE LAN Ports (Intel® I226V)'], 'Graphics Support': ['Integrated Graphics Processor - Intel® Iris® Xe Graphics:', '2 x HDMI 2.0 ports, supporting a maximum resolution of 4096x2160 @60Hz', '(2 independent display outputs)'], 'Audio': ['Realtek® ALC269'], 'Storage': ['1 x 2.5"" HDD/SSD (SATA 6Gb/s)'], 'Expansion-Slots': ['1 x 2280 M.2 M-Key (PCIe Gen 4x4, SATA 6Gb/s)', '1 x 2230 M.2 E-Key', '1 x Full-size Mini PCIe with SIM slot'], 'Front I/O': ['2 x RJ45 LAN Ports', '4 x USB 3.2 Gen 2x1', '2 x HDMI', '1 x Power button with LED', '1 x HDD LED', '1 x COM Port (RS-232/422/485 & RI/5V/12V)', '1 x External Antenna Hole (Optional)'], 'Rear l/O': ['2 x USB 2.0', '2 x COM Ports (RS-232/422/485)', '1 x GPIO (8 bits)', '1 x Headphone Jack', '1 x Screw Type DC Jack'], 'Side I/O': ['2 x External Antenna Holes (Optional)'], 'Power': ['+9V~36VDC (Adapter 19.5V/135W)'], 'Operation Temperature': ['Operating temperature: 0°C to 50°C', 'Operating humidity: 0-90% (non-condensing)', 'Non-operating temperature: -40°C to 85°C', 'Non-operating humidity: 0%-95% (non-condensing)', 'Use wide temperature range memory and storage'], 'Vibration During Operation': ['Operation: IEC 60068-2-64, 5 Grms, random, 5 ~ 500 Hz, 1 hr / Per Axis, With SSD/M.2 2280', 'Non-operation: IEC 60068-2-6, 2 G, Sine, 10 ~ 500 Hz, 1 Oct/min, 1 hr / Per Axis'], 'Shock During Operation': ['Operation: IEC 60068-2-27, 50 G, half sine, 11 ms duration, With SSD'], 'Packing Content': ['Carton size: 505 x 333 x 231 (mm)', 'Packing Capacity: 5pcs', 'Single Box size: 313 x 191 x 95 (mm)', 'Single Box weight: Approx. 2.5kg', 'Including:', 'Screw I Head for 2.5"" HDD M3x8L x 4 (P/N: 25KSG-130081-K1R)', 'Thermal Pad for Memory x 1 (P/N: 25ST3-200086-T5R)', 'SATA Cable x 1 (P/N: 25CRI-070000-S9R)', 'Power Cord : Optional (by region)', 'PSU ADP 19.5V 135W 100-240VAC x 1 (P/N: 25EP4-201352-C1S)'], 'Mounting': ['Wall mount P/N: 25HB2-CGAA20-CHR x 1 (Optional)', 'VESA 75/100 P/N: 25HB1-TPL021-S8R x 1 + 25KSD-000002-C0R x 1 (Screw) (Optional)'], 'Order Information': ['6BQP1235AMR-SI (Box Packing)'], 'Optional Kit': ['TPM 2.0 module P/N: 9CTM010NR-00', 'TPM Cable P/N: 25CRZ-100600-S9R']}","{'Intel® Core™ i5-1235U Processor', 'Industrial system with Intel® Core™ i5-1235U Processor/ Fanless Design/ Dual Channel DDR4 up to 64GB/ 2 x HDMI', '2 x HDMI for Dual display', 'Dual Channel DDR4, 2 x SO-DIMMs', '2 x 2.5GbE LAN Ports', 'System Size : 178W x 125D x 52.7H (mm)'}",https://www.gigaipc.com/upload/catalog_list_pic/QBiX-Pro-ADLA1255_1235_1215H-A2-3D-Rear-510x530px__24B06njmkK.png
QBiX-Pro-ADLA1215EH-A1,Embedded Systems,https://www.gigaipc.com/en/products-detail/QBiX-Pro-ADLA1215EH-A1/,"{'Dimension': ['178W x 125D x 52.7H(mm)'], 'CPU': ['Intel® Core™ i3-1215UE Processor', '10nm Enhanced Superfin (Intel 7), 6 cores, 8 threads, up to 4.4 GHz'], 'Chipset': ['SoC'], 'Memory': ['2 x DDR4 SO-DIMM sockets, Max. Capacity 64 GB', 'Support Dual Channel DDR4 3200 MHz memory modules'], 'Ethernet': ['2 x 2.5GbE LAN Ports (Intel® I226V)'], 'Graphics Support': ['Integrated Graphics Processor - Intel® UHD Graphics:', '2 x HDMI 2.0 ports, supporting a maximum resolution of 4096x2160 @60Hz', '(2 independent display outputs)'], 'Audio': ['Realtek® ALC269'], 'Storage': ['1 x 2.5"" HDD/SSD (SATA 6Gb/s)'], 'Expansion-Slots': ['1 x 2280 M.2 M-Key (PCIe Gen 4x4, SATA 6Gb/s)', '1 x 2230 M.2 E-Key', '1 x Full-size Mini PCIe with SIM slot'], 'Front I/O': ['2 x RJ45 LAN Ports', '4 x USB 3.2 Gen 2x1', '2 x HDMI', '1 x Power button with LED', '1 x HDD LED', '1 x COM Port (RS-232/422/485 & RI/5V/12V)', '1 x External Antenna Hole (Optional)'], 'Rear l/O': ['2 x USB 2.0', '2 x COM Ports (RS-232/422/485)', '1 x GPIO (8 bits)', '1 x Headphone Jack', '1 x 3-pin Terminal block'], 'Side I/O': ['2 x External Antenna Holes (Optional)'], 'Power': ['+9V~36VDC (Full Range)'], 'Operation Temperature': ['Operating temperature: 0°C to 50°C', 'Operating humidity: 0-90% (non-condensing)', 'Non-operating temperature: -40°C to 85°C', 'Non-operating humidity: 0%-95% (non-condensing)', 'Use wide temperature range memory and storage'], 'Vibration During Operation': ['Operation: IEC 60068-2-64, 5 Grms, random, 5 ~ 500 Hz, 1 hr / Per Axis, With SSD/M.2 2280', 'Non-operation: IEC 60068-2-6, 2 G, Sine, 10 ~ 500 Hz, 1 Oct/min, 1 hr / Per Axis'], 'Shock During Operation': ['Operation: IEC 60068-2-27, 50 G, half sine, 11 ms duration, With SSD'], 'Packing Content': ['Carton size: 505 x 333 x 231 (mm)', 'Packing Capacity: 5pcs', 'Single Box size: 313 x 191 x 95 (mm)', 'Single Box weight: Approx. 2.5kg', 'Including:', 'Screw I Head for 2.5"" HDD M3x8L x 4 (P/N: 25KSG-130081-K1R)', 'Thermal Pad for Memory x 1 (P/N: 25ST3-200086-T5R)', 'SATA Cable x 1 (P/N: 25CRI-070000-S9R)', 'Terminal Blocks Male Plug x 1 (P/N: 25IO0-5ESDV0-D2R)'], 'Mounting': ['Wall mount P/N: 25HB2-CGAA20-CHR x 1 (Optional)', 'VESA 75/100 P/N: 25HB1-TPL021-S8R x 1 + 25KSD-000002-C0R x 1 (Screw) (Optional)'], 'Order Information': ['6BQP1215AMR-SI (Box Packing)'], 'Optional Kit': ['TPM 2.0 module P/N: 9CTM010NR-00', 'TPM Cable P/N: 25CRZ-100600-S9R']}","{'2 x HDMI for Dual display', '2 x 2.5GbE LAN Ports', 'Dual Channel DDR4, 2 x SO-DIMMs', 'Industrial system with Intel® Core™ i3-1215UE Processor/ Fanless Design/ Dual Channel DDR4 up to 64GB/ 2 x HDMI', 'Intel® Core™ i3-1215UE Processor', 'System Size : 178W x 125D x 52.7H (mm)'}",https://www.gigaipc.com/upload/catalog_list_pic/QBiX-Pro-ADLA1255_1235_1215H-A1-3D-Rear-510x530px__24B06EtDtp.png
QBiX-Pro-ADLA1215EH-A2,Embedded Systems,https://www.gigaipc.com/en/products-detail/QBiX-Pro-ADLA1215EH-A2/,"{'Dimension': ['178W x 125D x 52.7H(mm)'], 'CPU': ['Intel® Core™ i3-1215UE Processor', '10nm Enhanced Superfin (Intel 7), 6 cores, 8 threads, up to 4.4 GHz'], 'Chipset': ['SoC'], 'Memory': ['2 x DDR4 SO-DIMM sockets, Max. Capacity 64 GB', 'Support Dual Channel DDR4 3200 MHz memory modules'], 'Ethernet': ['2 x 2.5GbE LAN Ports (Intel® I226V)'], 'Graphics Support': ['Integrated Graphics Processor - Intel® UHD Graphics:', '2 x HDMI 2.0 ports, supporting a maximum resolution of 4096x2160 @60Hz', '(2 independent display outputs)'], 'Audio': ['Realtek® ALC269'], 'Storage': ['1 x 2.5"" HDD/SSD (SATA 6Gb/s)'], 'Expansion-Slots': ['1 x 2280 M.2 M-Key (PCIe Gen 4x4, SATA 6Gb/s)', '1 x 2230 M.2 E-Key', '1 x Full-size Mini PCIe with SIM slot'], 'Front I/O': ['2 x RJ45 LAN Ports', '4 x USB 3.2 Gen 2x1', '2 x HDMI', '1 x Power button with LED', '1 x HDD LED', '1 x COM Port (RS-232/422/485 & RI/5V/12V)', '1 x External Antenna Hole (Optional)'], 'Rear l/O': ['2 x USB 2.0', '2 x COM Ports (RS-232/422/485)', '1 x GPIO (8 bits)', '1 x Headphone Jack', '1 x Screw Type DC Jack'], 'Side I/O': ['2 x External Antenna Holes (Optional)'], 'Power': ['+9V~36VDC (Adapter 19.5V/135W)'], 'Operation Temperature': ['Operating temperature: 0°C to 50°C', 'Operating humidity: 0-90% (non-condensing)', 'Non-operating temperature: -40°C to 85°C', 'Non-operating humidity: 0%-95% (non-condensing)', 'Use wide temperature range memory and storage'], 'Vibration During Operation': ['Operation: IEC 60068-2-64, 5 Grms, random, 5 ~ 500 Hz, 1 hr / Per Axis, With SSD/M.2 2280', 'Non-operation: IEC 60068-2-6, 2 G, Sine, 10 ~ 500 Hz, 1 Oct/min, 1 hr / Per Axis'], 'Shock During Operation': ['Operation: IEC 60068-2-27, 50 G, half sine, 11 ms duration, With SSD'], 'Packing Content': ['Carton size: 505 x 333 x 231 (mm)', 'Packing Capacity: 5pcs', 'Single Box size: 313 x 191 x 95 (mm)', 'Single Box weight: Approx. 2.5kg', 'Including:', 'Screw I Head for 2.5"" HDD M3x8L x 4 (P/N: 25KSG-130081-K1R)', 'Thermal Pad for Memory x 1 (P/N: 25ST3-200086-T5R)', 'SATA Cable x 1 (P/N: 25CRI-070000-S9R)', 'Power Cord : Optional (by region)', 'PSU ADP 19.5V 135W 100-240VAC x 1 (P/N: 25EP4-201352-C1S)'], 'Mounting': ['Wall mount P/N: 25HB2-CGAA20-CHR x 1 (Optional)', 'VESA 75/100 P/N: 25HB1-TPL021-S8R x 1 + 25KSD-000002-C0R x 1 (Screw) (Optional)'], 'Order Information': ['6BQP1215AMR-SI (Box Packing)'], 'Optional Kit': ['TPM 2.0 module P/N: 9CTM010NR-00', 'TPM Cable P/N: 25CRZ-100600-S9R']}","{'2 x HDMI for Dual display', '2 x 2.5GbE LAN Ports', 'Dual Channel DDR4, 2 x SO-DIMMs', 'Industrial system with Intel® Core™ i3-1215UE Processor/ Fanless Design/ Dual Channel DDR4 up to 64GB/ 2 x HDMI', 'Intel® Core™ i3-1215UE Processor', 'System Size : 178W x 125D x 52.7H (mm)'}",https://www.gigaipc.com/upload/catalog_list_pic/QBiX-Pro-ADLA1255_1235_1215H-A2-3D-Rear-510x530px__24B065L2mr.png
QBiX-Pro-EHLA6412H-A1,Embedded Systems,https://www.gigaipc.com/en/products-detail/QBiX-Pro-EHLA6412H-A1/,"{'Dimension': ['178W x 125D x 52.7H(mm)'], 'CPU': ['Intel® Celeron® J6412 Processor', '10nm, 4 cores, 4 threads, up to 2.60 GHz', 'TDP 10W'], 'Memory': ['2 x DDR4 SO-DIMM sockets, Max. Capacity 32 GB', 'Support Dual Channel DDR4 3200 MHz memory modules'], 'Ethernet': ['2 x GbE LAN Ports (Intel® I210AT)'], 'Graphics Support': ['Integrated Graphics Processor -', 'Intel® UHD Graphics for 10th Gen Intel® Processors:', '2 x HDMI 2.0 port, supporting a maximum resolution of 4096x2160 @60Hz', '(2 independent display outputs)'], 'Audio': ['Realtek® Audio Codec'], 'Storage': ['1 x 2.5"" HDD/SSD (SATA 6Gb/s)'], 'Expansion-Slots': ['1 x 2280 M.2 M-Key (PCIe x2, SATA 6Gb/s)', '1 x Full-size Mini PCIe with SIM slot'], 'Front I/O': ['2 x RJ45 LAN Ports', '4 x USB 3.2 Gen 1', '2 x HDMI', '1 x Power button with LED', '1 x HDD LED', '1 x Headphone Jack'], 'Rear l/O': ['2 x USB 2.0', '1 x COM Port (RS-232/422/485 & RI/5V/12V)', '1 x COM Port (RS-232/422/485)', '1 x COM Port (RS-232)', '1 x GPIO (8 bits)', '1 x 3-pin Terminal block'], 'Side I/O': ['2 x External Antenna Holes (Optional)'], 'Power': ['+12V~36VDC (Full Range)'], 'Operation Temperature': ['Operating temperature: 0°C to 50°C', 'Operating humidity: 0-90% (non-condensing)', 'Non-operating temperature: -40°C to 85°C', 'Non-operating humidity: 0%-95% (non-condensing)', 'Use wide temperature range memory and storage'], 'Vibration During Operation': ['Operation: IEC 60068-2-64, 3 Grms, random, 5 ~ 500 Hz, 1 hr / Per Axis, With SSD/M.2 2280', 'Non-operation: IEC 60068-2-6, 2 G, Sine, 10 ~ 500 Hz, 1 Oct/min, 1 hr / Per Axis'], 'Shock During Operation': ['Operation: IEC 60068-2-27, 50 G, half sine, 11 ms duration, With SSD'], 'Packing Content': ['Carton size: 505 x 333 x 231 (mm)', 'Packing Capacity: 5pcs', 'Single Box size: 313 x 191 x 95 (mm)', 'Single Box weight: Approx. 2.0kg', 'Including:', 'Screw I Head For 2.5"" HDD M3x8L x 4 (P/N: 25KSG-130081-K1R)', 'Thermal Pad for Memory x 1 (P/N: 25ST3-200086-T5R)', 'SATA Cable x 1 (P/N: 25CRI-150001-S9R)', 'Terminal Blocks Male Plug x 1 (P/N: 25IO0-5ESDV0-D2R)'], 'Mounting': ['Wall mount P/N: 25HB2-CGAA20-CHR x 1 (Optional)', 'VESA 75/100 P/N: 25HB1-TPL021-S8R x 1 + 25KSD-000002-C0R x 1 (Screw) (Optional)'], 'Order Information': ['6BQP6412AMR-SI (Box packing)']}","{'1 x COM Port (RS-232/422/485)', 'Dual Channel DDR4, 2 x SO-DIMMs', '1 x COM Port (RS-232)', '2 x GbE LAN Ports', 'Industrial system with Intel® Celeron® J6412 Processor/ Fanless Design/ Dual Channel DDR4 up to 32GB/ 2 x HDMI', 'Intel® Celeron® J6412 Processor', '1 x COM Port (RS-232/422/485 & RI/5V/12V)', 'System Size : 178W x 125D x 52.7H (mm)'}",https://www.gigaipc.com/upload/catalog_list_pic/QBiX-Pro-EHLA6412H-A1-3D-Rear-01_IN_0612_340x353__24F12hf3zz.png
QBiX-Pro-EHLA6412H-A2,Embedded Systems,https://www.gigaipc.com/en/products-detail/QBiX-Pro-EHLA6412H-A2/,"{'Dimension': ['178W x 125D x 52.7H(mm)'], 'CPU': ['Intel® Celeron® J6412 Processor', '10nm, 4 cores, 4 threads, up to 2.60 GHz', 'TDP 10W'], 'Memory': ['2 x DDR4 SO-DIMM sockets, Max. Capacity 32 GB', 'Support Dual Channel DDR4 3200 MHz memory modules'], 'Ethernet': ['2 x GbE LAN Ports (Intel® I210AT)'], 'Graphics Support': ['Integrated Graphics Processor -', 'Intel® UHD Graphics for 10th Gen Intel® Processors:', '2 x HDMI 2.0 port, supporting a maximum resolution of 4096x2160 @60Hz', '(2 independent display outputs)'], 'Audio': ['Realtek® Audio Codec'], 'Storage': ['1 x 2.5"" HDD/SSD (SATA 6Gb/s)'], 'Expansion-Slots': ['1 x 2280 M.2 M-Key (PCIe x2, SATA 6Gb/s)', '1 x Full-size Mini PCIe with SIM slot'], 'Front I/O': ['2 x RJ45 LAN Ports', '4 x USB 3.2 Gen 1', '2 x HDMI', '1 x Power button with LED', '1 x HDD LED', '1 x Headphone Jack'], 'Rear l/O': ['2 x USB 2.0', '1 x COM Port (RS-232/422/485 & RI/5V/12V)', '1 x COM Port (RS-232/422/485)', '1 x COM Port (RS-232)', '1 x GPIO (8 bits)', '1 x Screw Type DC Jack'], 'Side I/O': ['2 x External Antenna Holes (Optional)'], 'Power': ['+12V~36VDC (Adapter 19V/65W)'], 'Operation Temperature': ['Operating temperature: 0°C to 50°C', 'Operating humidity: 0-90% (non-condensing)', 'Non-operating temperature: -40°C to 85°C', 'Non-operating humidity: 0%-95% (non-condensing)', 'Use wide temperature range memory and storage'], 'Vibration During Operation': ['Operation: IEC 60068-2-64, 3 Grms, random, 5 ~ 500 Hz, 1 hr / Per Axis, With SSD/M.2 2280', 'Non-operation: IEC 60068-2-6, 2 G, Sine, 10 ~ 500 Hz, 1 Oct/min, 1 hr / Per Axis'], 'Shock During Operation': ['Operation: IEC 60068-2-27, 50 G, half sine, 11 ms duration, With SSD'], 'Packing Content': ['Carton size: 505 x 333 x 231 (mm)', 'Packing Capacity: 5pcs', 'Single Box size: 313 x 191 x 95 (mm)', 'Single Box weight: Approx. 2.0kg', 'Including:', 'Screw I Head For 2.5"" HDD M3x8L x 4 (P/N: 25KSG-130081-K1R)', 'Thermal Pad for Memory x 1 (P/N: 25ST3-200086-T5R)', 'SATA Cable x 1 (P/N: 25CRI-150001-S9R)', 'Power Cord : Optional (by region)', 'PSU ADP 19V 65W 100-240VAC x 1 (P/N: 25EP0-1065W1-A3S)'], 'Mounting': ['Wall mount P/N: 25HB2-CGAA20-CHR x 1 (Optional)', 'VESA 75/100 P/N: 25HB1-TPL021-S8R x 1 + 25KSD-000002-C0R x 1 (Screw) (Optional)'], 'Order Information': ['6BQP6412AMR-SI (Box packing)']}","{'1 x COM Port (RS-232/422/485)', 'Dual Channel DDR4, 2 x SO-DIMMs', '1 x COM Port (RS-232)', '2 x GbE LAN Ports', 'Industrial system with Intel® Celeron® J6412 Processor/ Fanless Design/ Dual Channel DDR4 up to 32GB/ 2 x HDMI', 'Intel® Celeron® J6412 Processor', '1 x COM Port (RS-232/422/485 & RI/5V/12V)', 'System Size : 178W x 125D x 52.7H (mm)'}",https://www.gigaipc.com/upload/catalog_list_pic/QBiX-Pro-EHLA6412H-A2-3D-Rear-01-510x530px__24B066XbHZ.png
QBiX-Pro-TGLA1135G7H-A1,Embedded Systems,https://www.gigaipc.com/en/products-detail/QBiX-Pro-TGLA1135G7H-A1/,"{'Dimension': ['178W x 125D x 52.7H(mm)'], 'CPU': ['Intel® Core™ i5-1135G7 Processor', '10nm SuperFin, 4 cores, 8 threads, up to 4.2 GHz'], 'Chipset': ['SoC'], 'Memory': ['2 x DDR4 SO-DIMM sockets, Max. Capacity 64 GB', 'Support Dual Channel DDR4 3200 MHz memory modules'], 'Ethernet': ['2 x GbE LAN Ports (Intel® I219V and Intel® I211AT)'], 'Graphics Support': ['Integrated Graphics Processor - Intel® Iris® Xᵉ Graphics:', '2 x HDMI 2.0 ports, supporting a maximum resolution of 4096x2160 @60Hz', '(2 independent display outputs)'], 'Audio': ['Realtek® Audio Codec'], 'Storage': ['1 x 2.5"" HDD/SSD (SATA 6Gb/s)'], 'Expansion-Slots': ['1 x 2280 M.2 M-Key (PCIe x2, SATA 6Gb/s)', '1 x 2230 M.2 E-Key (WiFi/BT)', '1 x Full-size Mini PCIe with SIM slot (PCIe x1 + USB2.0) -- support 3G/4G module'], 'Front I/O': ['2 x RJ45 LAN Ports', '4 x USB 3.2 Gen 2x1', '2 x HDMI', '1 x Power button with LED', '1 x HDD LED', '1 x COM Port (RS-232/422/485 & RI/5V/12V)'], 'Rear l/O': ['2 x USB 2.0', '2 x COM Ports (RS-232/422/485)', '1 x GPIO (8 bits)', '1 x Headphone Jack', '1 x 3-pin Terminal block'], 'Side I/O': ['2 x External Antenna Holes (Optional)'], 'Power': ['+9V~36VDC (Full Range)'], 'Operation Temperature': ['Operating temperature: 0°C to 50°C', 'Operating humidity: 0-90% (non-condensing)', 'Non-operating temperature: -40°C to 85°C', 'Non-operating humidity: 0%-95% (non-condensing)', 'Use wide temperature range memory and storage'], 'Vibration During Operation': ['Operation: IEC 60068-2-64, 5 Grms, random, 5 ~ 500 Hz, 1 hr / Per Axis, With SSD/M.2 2280', 'Non-operation: IEC 60068-2-6, 2 G, Sine, 10 ~ 500 Hz, 1 Oct/min, 1 hr / Per Axis'], 'Shock During Operation': ['Operation: IEC 60068-2-27, 50 G, half sine, 11 ms duration, With SSD'], 'Packing Content': ['Carton size: 505 x 333 x 231 (mm)', 'Packing Capacity: 5pcs', 'Single Box size: 313 x 191 x 95 (mm)', 'Single Box weight: Approx. 1.9kg', 'Including:', 'Screw I Head for 2.5"" HDD M3x8L x 4 (P/N: 25KSG-130081-K1R)', 'Thermal Pad for Memory x 1 (P/N: 25ST3-200086-T5R)', 'SATA Cable x 1 (P/N: 25CRI-070000-S9R)', 'Terminal Blocks Male Plug x 1 (P/N: 25IO0-5ESDV0-D2R)'], 'Mounting': ['Wall mount P/N: 25HB2-CGAA20-CHR x 1 (Optional)', 'VESA 75/100 P/N: 25HB1-TPL021-S8R x 1 + 25KSD-000002-C0R x 1 (Screw) (Optional)'], 'Order Information': ['6BQP1135AMR-SI (Box Packing)'], 'Optional Kit': ['TPM 2.0 module P/N: 9CTM010NR-00', 'TPM Cable P/N: 25CRZ-100600-S9R']}","{'Industrial system with Intel® Core™ i5-1135G7 Processor/ Fanless Design/ Dual Channel DDR4 up to 64GB/ 2 x HDMI', 'Intel® Core™ i5-1135G7 Processor', '2 x HDMI for Dual display', 'Dual Channel DDR4, 2 x SO-DIMMs', '2 x GbE LAN Ports', 'System Size : 178W x 125D x 52.7H (mm)'}",https://www.gigaipc.com/upload/catalog_list_pic/QBiX-Pro-TGLA1135G7H-A1-3D-Rear-02-510x530px__24B06lg1G6.png
QBiX-Pro-TGLA1135G7H-A2,Embedded Systems,https://www.gigaipc.com/en/products-detail/QBiX-Pro-TGLA1135G7H-A2/,"{'Dimension': ['178W x 125D x 52.7H(mm)'], 'CPU': ['Intel® Core™ i5-1135G7 Processor', '10nm SuperFin, 4 cores, 8 threads, up to 4.2 GHz'], 'Chipset': ['SoC'], 'Memory': ['2 x DDR4 SO-DIMM sockets, Max. Capacity 64 GB', 'Support Dual Channel DDR4 3200 MHz memory modules'], 'Ethernet': ['2 x GbE LAN Ports (Intel® I219V and Intel® I211AT)'], 'Graphics Support': ['Integrated Graphics Processor - Intel® Iris® Xᵉ Graphics:', '2 x HDMI 2.0 ports, supporting a maximum resolution of 4096x2160 @60Hz', '(2 independent display outputs)'], 'Audio': ['Realtek® Audio Codec'], 'Storage': ['1 x 2.5"" HDD/SSD (SATA 6Gb/s)'], 'Expansion-Slots': ['1 x 2280 M.2 M-Key (PCIe x2, SATA 6Gb/s)', '1 x 2230 M.2 E-Key (WiFi/BT)', '1 x Full-size Mini PCIe with SIM slot (PCIe x1 + USB2.0) -- support 3G/4G module'], 'Front I/O': ['2 x RJ45 LAN Ports', '4 x USB 3.2 Gen 2x1', '2 x HDMI', '1 x Power button with LED', '1 x HDD LED', '1 x COM Port (RS-232/422/485 & RI/5V/12V)'], 'Rear l/O': ['2 x USB 2.0', '2 x COM Ports (RS-232/422/485)', '1 x GPIO (8 bits)', '1 x Headphone Jack', '1 x Screw Type DC Jack'], 'Side I/O': ['2 x External Antenna Holes (Optional)'], 'Power': ['+9V~36VDC (Adapter 19.5V/135W)'], 'Operation Temperature': ['Operating temperature: 0°C to 50°C', 'Operating humidity: 0-90% (non-condensing)', 'Non-operating temperature: -40°C to 85°C', 'Non-operating humidity: 0%-95% (non-condensing)', 'Use wide temperature range memory and storage'], 'Vibration During Operation': ['Operation: IEC 60068-2-64, 5 Grms, random, 5 ~ 500 Hz, 1 hr / Per Axis, With SSD/M.2 2280', 'Non-operation: IEC 60068-2-6, 2 G, Sine, 10 ~ 500 Hz, 1 Oct/min, 1 hr / Per Axis'], 'Shock During Operation': ['Operation: IEC 60068-2-27, 50 G, half sine, 11 ms duration, With SSD'], 'Packing Content': ['Carton size: 505 x 333 x 231 (mm)', 'Packing Capacity: 5pcs', 'Single Box size: 313 x 191 x 95 (mm)', 'Single Box weight: Approx. 1.9kg', 'Including:', 'Screw I Head for 2.5"" HDD M3x8L x 4 (P/N: 25KSG-130081-K1R)', 'Thermal Pad for Memory x 1 (P/N: 25ST3-200086-T5R)', 'SATA Cable x 1 (P/N: 25CRI-070000-S9R)', 'Power Cord : Optional (by region)', 'PSU ADP 19.5V 135W 100-240VAC x 1 (P/N: 25EP4-201352-C1S)'], 'Mounting': ['Wall mount P/N: 25HB2-CGAA20-CHR x 1 (Optional)', 'VESA 75/100 P/N: 25HB1-TPL021-S8R x 1 + 25KSD-000002-C0R x 1 (Screw) (Optional)'], 'Order Information': ['6BQP1135AMR-SI (Box Packing)'], 'Optional Kit': ['TPM 2.0 module P/N: 9CTM010NR-00', 'TPM Cable P/N: 25CRZ-100600-S9R']}","{'Industrial system with Intel® Core™ i5-1135G7 Processor/ Fanless Design/ Dual Channel DDR4 up to 64GB/ 2 x HDMI', 'Intel® Core™ i5-1135G7 Processor', '2 x HDMI for Dual display', 'Dual Channel DDR4, 2 x SO-DIMMs', '2 x GbE LAN Ports', 'System Size : 178W x 125D x 52.7H (mm)'}",https://www.gigaipc.com/upload/catalog_list_pic/QBiX-Pro-TGLA1135G7H-A2-3D-Rear-02-510x530px__24B065L0dA.png
QBiX-Pro-TGLA1115G4EH-A1,Embedded Systems,https://www.gigaipc.com/en/products-detail/QBiX-Pro-TGLA1115G4EH-A1/,"{'Dimension': ['178W x 125D x 52.7H(mm)'], 'CPU': ['Intel® Core™ i3-1115G4E Processor', '10nm SuperFin, 2 cores, 4 threads, up to 3.9 GHz'], 'Chipset': ['SoC'], 'Memory': ['2 x DDR4 SO-DIMM sockets, Max. Capacity 64 GB', 'Support Dual Channel DDR4 3200 MHz memory modules'], 'Ethernet': ['2 x GbE LAN Ports (Intel® I219V and Intel® I211AT)'], 'Graphics Support': ['Integrated Graphics Processor - Intel® UHD Graphics for 11th Gen Intel® Processors :', '2 x HDMI 2.0 ports, supporting a maximum resolution of 4096x2160 @60Hz', '(2 independent display outputs)'], 'Audio': ['Realtek® Audio Codec'], 'Storage': ['1 x 2.5"" HDD/SSD (SATA 6Gb/s)'], 'Expansion-Slots': ['1 x 2280 M.2 M-Key (PCIe x2, SATA 6Gb/s)', '1 x 2230 M.2 E-Key (WiFi/BT)', '1 x Full-size Mini PCIe with SIM slot (PCIe x1 + USB2.0) -- support 3G/4G module'], 'Front I/O': ['2 x RJ45 LAN Ports', '4 x USB 3.2 Gen 2x1', '2 x HDMI', '1 x Power button with LED', '1 x HDD LED', '1 x COM Port (RS-232/422/485 & RI/5V/12V)'], 'Rear l/O': ['2 x USB 2.0', '2 x COM Ports (RS-232/422/485)', '1 x GPIO (8 bits)', '1 x Headphone Jack', '1 x 3-pin Terminal block'], 'Side I/O': ['2 x External Antenna Holes (Optional)'], 'Power': ['+9V~36VDC (Full Range)'], 'Operation Temperature': ['Operating temperature: 0°C to 50°C', 'Operating humidity: 0-90% (non-condensing)', 'Non-operating temperature: -40°C to 85°C', 'Non-operating humidity: 0%-95% (non-condensing)', 'Use wide temperature range memory and storage'], 'Vibration During Operation': ['Operation: IEC 60068-2-64, 5 Grms, random, 5 ~ 500 Hz, 1 hr / Per Axis, With SSD/M.2 2280', 'Non-operation: IEC 60068-2-6, 2 G, Sine, 10 ~ 500 Hz, 1 Oct/min, 1 hr / Per Axis'], 'Shock During Operation': ['Operation: IEC 60068-2-27, 50 G, half sine, 11 ms duration, With SSD'], 'Packing Content': ['Carton size: 505 x 333 x 231 (mm)', 'Packing Capacity: 5pcs', 'Single Box size: 313 x 191 x 95 (mm)', 'Single Box weight: Approx. 1.9kg', 'Including:', 'Screw I Head for 2.5"" HDD M3x8L x 4 (P/N: 25KSG-130081-K1R)', 'Thermal Pad for Memory x 1 (P/N: 25ST3-200086-T5R)', 'SATA Cable x 1 (P/N: 25CRI-070000-S9R)', 'Terminal Blocks Male Plug x 1 (P/N: 25IO0-5ESDV0-D2R)'], 'Mounting': ['Wall mount P/N: 25HB2-CGAA20-CHR x 1 (Optional)', 'VESA 75/100 P/N: 25HB1-TPL021-S8R x 1 + 25KSD-000002-C0R x 1 (Screw) (Optional)'], 'Order Information': ['6BQP1115AMR-SI (Box Packing)'], 'Optional Kit': ['TPM 2.0 module P/N: 9CTM010NR-00', 'TPM Cable P/N: 25CRZ-100600-S9R']}","{'Intel® Core™ i3-1115G4E Processor', '2 x HDMI for Dual display', 'Dual Channel DDR4, 2 x SO-DIMMs', '2 x GbE LAN Ports', 'Industrial system with Intel® Core™ i3-1115G4E Processor/ Fanless Design/ Dual Channel DDR4 up to 64GB/ 2 x HDMI', 'System Size : 178W x 125D x 52.7H (mm)'}",https://www.gigaipc.com/upload/catalog_list_pic/QBiX-Pro-TGLA1135G7H-A1-3D-Rear-02-510x530px__24B06tpUlF.png
QBiX-Pro-TGLA1115G4EH-A2,Embedded Systems,https://www.gigaipc.com/en/products-detail/QBiX-Pro-TGLA1115G4EH-A2/,"{'Dimension': ['178W x 125D x 52.7H(mm)'], 'CPU': ['Intel® Core™ i3-1115G4E Processor', '10nm SuperFin, 2 cores, 4 threads, up to 3.9 GHz'], 'Chipset': ['SoC'], 'Memory': ['2 x DDR4 SO-DIMM sockets, Max. Capacity 64 GB', 'Support Dual Channel DDR4 3200 MHz memory modules'], 'Ethernet': ['2 x GbE LAN Ports (Intel® I219V and Intel® I211AT)'], 'Graphics Support': ['Integrated Graphics Processor - Intel® UHD Graphics for 11th Gen Intel® Processors :', '2 x HDMI 2.0 ports, supporting a maximum resolution of 4096x2160 @60Hz', '(2 independent display outputs)'], 'Audio': ['Realtek® Audio Codec'], 'Storage': ['1 x 2.5"" HDD/SSD (SATA 6Gb/s)'], 'Expansion-Slots': ['1 x 2280 M.2 M-Key (PCIe x2, SATA 6Gb/s)', '1 x 2230 M.2 E-Key (WiFi/BT)', '1 x Full-size Mini PCIe with SIM slot (PCIe x1 + USB2.0) -- support 3G/4G module'], 'Front I/O': ['2 x RJ45 LAN Ports', '4 x USB 3.2 Gen 2x1', '2 x HDMI', '1 x Power button with LED', '1 x HDD LED', '1 x COM Port (RS-232/422/485 & RI/5V/12V)'], 'Rear l/O': ['2 x USB 2.0', '2 x COM Ports (RS-232/422/485)', '1 x GPIO (8 bits)', '1 x Headphone Jack', '1 x Screw Type DC Jack'], 'Side I/O': ['2 x External Antenna Holes (Optional)'], 'Power': ['+9V~36VDC (Adapter 19.5V/135W)'], 'Operation Temperature': ['Operating temperature: 0°C to 50°C', 'Operating humidity: 0-90% (non-condensing)', 'Non-operating temperature: -40°C to 85°C', 'Non-operating humidity: 0%-95% (non-condensing)', 'Use wide temperature range memory and storage'], 'Vibration During Operation': ['Operation: IEC 60068-2-64, 5 Grms, random, 5 ~ 500 Hz, 1 hr / Per Axis, With SSD/M.2 2280', 'Non-operation: IEC 60068-2-6, 2 G, Sine, 10 ~ 500 Hz, 1 Oct/min, 1 hr / Per Axis'], 'Shock During Operation': ['Operation: IEC 60068-2-27, 50 G, half sine, 11 ms duration, With SSD'], 'Packing Content': ['Carton size: 505 x 333 x 231 (mm)', 'Packing Capacity: 5pcs', 'Single Box size: 313 x 191 x 95 (mm)', 'Single Box weight: Approx. 1.9kg', 'Including:', 'Screw I Head for 2.5"" HDD M3x8L x 4 (P/N: 25KSG-130081-K1R)', 'Thermal Pad for Memory x 1 (P/N: 25ST3-200086-T5R)', 'SATA Cable x 1 (P/N: 25CRI-070000-S9R)', 'Power Cord : Optional (by region)', 'PSU ADP 19.5V 135W 100-240VAC x 1 (P/N: 25EP4-201352-C1S)'], 'Mounting': ['Wall mount P/N: 25HB2-CGAA20-CHR x 1 (Optional)', 'VESA 75/100 P/N: 25HB1-TPL021-S8R x 1 + 25KSD-000002-C0R x 1 (Screw) (Optional)'], 'Order Information': ['6BQP1115AMR-SI (Box Packing)'], 'Optional Kit': ['TPM 2.0 module P/N: 9CTM010NR-00', 'TPM Cable P/N: 25CRZ-100600-S9R']}","{'Intel® Core™ i3-1115G4E Processor', '2 x HDMI for Dual display', 'Dual Channel DDR4, 2 x SO-DIMMs', '2 x GbE LAN Ports', 'Industrial system with Intel® Core™ i3-1115G4E Processor/ Fanless Design/ Dual Channel DDR4 up to 64GB/ 2 x HDMI', 'System Size : 178W x 125D x 52.7H (mm)'}",https://www.gigaipc.com/upload/catalog_list_pic/QBiX-Pro-TGLA1135G7H-A2-3D-Rear-02-510x530px__24B06LKCoV.png
QBiX-Pro-WHLA8565H-A2,Embedded Systems,https://www.gigaipc.com/en/products-detail/QBiX-Pro-WHLA8565H-A2/,"{'Dimension': ['178W x 125D x 52.7H(mm)'], 'CPU': ['Intel® Core™ i7-8565U Processor', '14nm, 4 cores, 8 threads, up to 4.6 GHz', 'TDP 15W'], 'Chipset': ['SoC'], 'Memory': ['2 x DDR4 SO-DIMM sockets, Max. Capacity 64 GB', 'Support Dual Channel DDR4 2400 MHz memory modules'], 'Ethernet': ['2 x GbE LAN Ports (Intel® I219V and Intel® I211AT)'], 'Graphics Support': ['Integrated Graphics Processor - Intel® UHD Graphics for 8th Generation Intel® Processors:', '2 x HDMI 1.4 ports, supporting a maximum resolution of 4096x2160 @30Hz', '(2 independent display outputs)'], 'Audio': ['Realtek® Audio Codec'], 'Storage': ['1 x 2.5"" HDD/SSD (SATA 6Gb/s)'], 'Expansion-Slots': ['1 x 2280 M.2 M-Key (PCIe x4, SATA 6Gb/s)', '1 x 2230 M.2 E-Key (WiFi/BT)', '1 x Full-size Mini PCIe with SIM slot (PCIe x1 + USB2.0) -- support 3G/4G module'], 'Front I/O': ['2 x RJ45 LAN Ports', '4 x USB 3.2 Gen 2x1', '2 x HDMI', '1 x Power button with LED', '1 x HDD LED', '1 x COM Port (RS-232/422/485 & RI/5V/12V)'], 'Rear l/O': ['2 x USB 2.0', '2 x COM Ports (RS-232)', '1 x GPIO (8 bits)', '1 x Headphone Jack', '1 x Screw Type DC Jack'], 'Side I/O': ['2 x External Antenna Holes (Optional)'], 'Power': ['+9V~36VDC (Adapter 19V/90W)'], 'Operation Temperature': ['Operating temperature: 0°C to 50°C', 'Operating humidity: 0-90% (non-condensing)', 'Non-operating temperature: -40°C to 85°C', 'Non-operating humidity: 0%-95% (non-condensing)', 'Use wide temperature range memory and storage'], 'Vibration During Operation': ['Operation: IEC 60068-2-64, 5 Grms, random, 5 ~ 500 Hz, 1 hr / Per Axis, With SSD/M.2 2280', 'Non-operation: IEC 60068-2-6, 2 G, Sine, 10 ~ 500 Hz, 1 Oct/min, 1 hr / Per Axis'], 'Shock During Operation': ['Operation: IEC 60068-2-27, 50 G, half sine, 11 ms duration, With SSD'], 'Packing Content': ['Carton size: 505 x 333 x 231 (mm)', 'Packing Capacity: 5pcs', 'Single Box size: 313 x 191 x 95 (mm)', 'Single Box weight: Approx. 2.1kg', 'Including:', 'Screw I Head For 2.5"" HDD M3x8L x 4 (P/N: 25KSG-130081-K1R)', 'Thermal Pad x 2 (P/N: 25ST3-200052-T5R)', 'Thermal Pad x 1 (P/N: 25ST3-200051-T5R)', 'SATA Cable x 1 (P/N: 25CF4-070020-S9R)', 'Power Cord : Optional (by region)', 'PSU ADP 19V 90W 100-240VAC x 1 (P/N: 25EP4-10090A-F3S)'], 'Mounting': ['Wall mount (Optional)'], 'Order Information': ['6BQP8565AMR-SI (Box Packing)'], 'Optional Kit': ['TPM 2.0 module P/N: 9CTM000NR-00', 'TPM Cable P/N: 25CRZ-100600-S9R']}","{'Industrial system with Intel® Core™ i7-8565U Processor/ Fanless Design/ Dual Channel DDR4 up to 64GB/ 2 x HDMI', '2 x HDMI for Dual display', 'Dual Channel DDR4, 2 x SO-DIMMs', 'Intel® Core™ i7-8565U Processor', '2 x GbE LAN Ports', 'System Size : 178W x 125D x 52.7H (mm)'}",https://www.gigaipc.com/upload/catalog_list_pic/QBiX-Pro-WHLA8565H_8265_8145H-A2-3D-Rear_510x530px__24B06yeMxs.png
QBiX-Pro-WHLA8265H-A1,Embedded Systems,https://www.gigaipc.com/en/products-detail/QBiX-Pro-WHLA8265H-A1/,"{'Dimension': ['178W x 125D x 52.7H(mm)'], 'CPU': ['Intel® Core™ i5-8265U Processor', '14nm, 4 cores, 8 threads, up to 3.9 GHz', 'TDP 15W'], 'Chipset': ['SoC'], 'Memory': ['2 x DDR4 SO-DIMM sockets, Max. Capacity 64 GB', 'Support Dual Channel DDR4 2400 MHz memory modules'], 'Ethernet': ['2 x GbE LAN Ports (Intel® I219V and Intel® I211AT)'], 'Graphics Support': ['Integrated Graphics Processor - Intel® UHD Graphics for 8th Generation Intel® Processors:', '2 x HDMI 1.4 ports, supporting a maximum resolution of 4096x2160 @30Hz', '(2 independent display outputs)'], 'Audio': ['Realtek® Audio Codec'], 'Storage': ['1 x 2.5"" HDD/SSD (SATA 6Gb/s)'], 'Expansion-Slots': ['1 x 2280 M.2 M-Key (PCIe x4, SATA 6Gb/s)', '1 x 2230 M.2 E-Key (WiFi/BT)', '1 x Full-size Mini PCIe with SIM slot (PCIe x1 + USB2.0) -- support 3G/4G module'], 'Front I/O': ['2 x RJ45 LAN Ports', '4 x USB 3.2 Gen 2x1', '2 x HDMI', '1 x Power button with LED', '1 x HDD LED', '1 x COM Port (RS-232/422/485 & RI/5V/12V)'], 'Rear l/O': ['2 x USB 2.0', '2 x COM Ports (RS-232)', '1 x GPIO (8 bits)', '1 x Headphone Jack', '1 x 3-pin Terminal Block'], 'Side I/O': ['2 x External Antenna Holes (Optional)'], 'Power': ['+9V~36VDC (Full Range)'], 'Operation Temperature': ['Operating temperature: 0°C to 50°C', 'Operating humidity: 0-90% (non-condensing)', 'Non-operating temperature: -40°C to 85°C', 'Non-operating humidity: 0%-95% (non-condensing)', 'Use wide temperature range memory and storage'], 'Vibration During Operation': ['Operation: IEC 60068-2-64, 5 Grms, random, 5 ~ 500 Hz, 1 hr / Per Axis, With SSD/M.2 2280', 'Non-operation: IEC 60068-2-6, 2 G, Sine, 10 ~ 500 Hz, 1 Oct/min, 1 hr / Per Axis'], 'Shock During Operation': ['Operation: IEC 60068-2-27, 50 G, half sine, 11 ms duration, With SSD'], 'Packing Content': ['Carton size: 505 x 333 x 231 (mm)', 'Packing Capacity: 5pcs', 'Single Box size: 313 x 191 x 95 (mm)', 'Single Box weight: Approx. 2.1kg', 'Including:', 'Screw I Head For 2.5"" HDD M3x8L x 4 (P/N: 25KSG-130081-K1R)', 'Thermal Pad x 2 (P/N: 25ST3-200052-T5R)', 'Thermal Pad x 1 (P/N: 25ST3-200051-T5R)', 'SATA Cable x 1 (P/N: 25CF4-070020-S9R)', 'Terminal Blocks Male Plug x 1 (P/N: 25IO0-5ESDV0-D2R)'], 'Mounting': ['Wall mount (Optional)'], 'Order Information': ['6BQP8265AMR-SI (Box packing)'], 'Optional Kit': ['TPM 2.0 module P/N: 9CTM000NR-00', 'TPM Cable P/N: 25CRZ-100600-S9R']}","{'Industrial system with Intel® Core™ i5-8265U Processor/ Fanless Design/ Dual Channel DDR4 up to 64GB/ 2 x HDMI', 'Intel® Core™ i5-8265U Processor', '2 x HDMI for Dual display', 'Dual Channel DDR4, 2 x SO-DIMMs', '2 x GbE LAN Ports', 'System Size: 178W x 125D x 52.7H (mm)'}",https://www.gigaipc.com/upload/catalog_list_pic/QBiX-Pro-WHLA8565H_8265_8145H-A1-3D-Rear_510x530px__24B06c5Jlk.png
QBiX-Pro-WHLA8145H-A2,Embedded Systems,https://www.gigaipc.com/en/products-detail/QBiX-Pro-WHLA8145H-A2/,"{'Dimension': ['178W x 125D x 52.7H(mm)'], 'CPU': ['Intel® Core™ i3-8145UE Processor', '14nm, 2 cores, 4 threads, up to 3.9 GHz', 'TDP 15W'], 'Chipset': ['SoC'], 'Memory': ['2 x DDR4 SO-DIMM sockets, Max. Capacity 64 GB', 'Support Dual Channel DDR4 2400 MHz memory modules'], 'Ethernet': ['2 x GbE LAN Ports (Intel® I219V and Intel® I211AT)'], 'Graphics Support': ['Integrated Graphics Processor - Intel® UHD Graphics 620:', '2 x HDMI 1.4 ports, supporting a maximum resolution of 4096x2160 @30Hz', '(2 independent display outputs)'], 'Audio': ['Realtek® Audio Codec'], 'Storage': ['1 x 2.5"" HDD/SSD (SATA 6Gb/s)'], 'Expansion-Slots': ['1 x 2280 M.2 M-Key (PCIe x4, SATA 6Gb/s)', '1 x 2230 M.2 E-Key (WiFi/BT)', '1 x Full-size Mini PCIe with SIM slot (PCIe x1 + USB2.0) -- support 3G/4G module'], 'Front I/O': ['2 x RJ45 LAN Ports', '4 x USB 3.2 Gen 2x1', '2 x HDMI', '1 x Power button with LED', '1 x HDD LED', '1 x COM Port (RS-232/422/485 & RI/5V/12V)'], 'Rear l/O': ['2 x USB 2.0', '2 x COM Ports (RS-232)', '1 x GPIO (8 bits)', '1 x Headphone Jack', '1 x Screw Type DC Jack'], 'Side I/O': ['2 x External Antenna Holes (Optional)'], 'Power': ['+9V~36VDC (Adapter 19V/90W)'], 'Operation Temperature': ['Operating temperature: 0°C to 50°C', 'Operating humidity: 0-90% (non-condensing)', 'Non-operating temperature: -40°C to 85°C', 'Non-operating humidity: 0%-95% (non-condensing)', 'Use wide temperature range memory and storage'], 'Vibration During Operation': ['Operation: IEC 60068-2-64, 5 Grms, random, 5 ~ 500 Hz, 1 hr / Per Axis, With SSD/M.2 2280', 'Non-operation: IEC 60068-2-6, 2 G, Sine, 10 ~ 500 Hz, 1 Oct/min, 1 hr / Per Axis'], 'Shock During Operation': ['Operation: IEC 60068-2-27, 50 G, half sine, 11 ms duration, With SSD'], 'Packing Content': ['Carton size: 505 x 333 x 231 (mm)', 'Packing Capacity: 5pcs', 'Single Box size: 313 x 191 x 95 (mm)', 'Single Box weight: Approx. 2.1kg', 'Including:', 'Screw I Head For 2.5"" HDD M3x8L x 4 (P/N: 25KSG-130081-K1R)', 'Thermal Pad x 2 (P/N: 25ST3-200052-T5R)', 'Thermal Pad x 1 (P/N: 25ST3-200051-T5R)', 'SATA Cable x 1 (P/N: 25CF4-070020-S9R)', 'Power Cord : Optional (by region)', 'PSU ADP 19V 90W 100-240VAC x 1 (P/N: 25EP4-10090A-F3S)'], 'Mounting': ['Wall mount (Optional)'], 'Order Information': ['6BQP8145AMR-SI (Box packing)'], 'Optional Kit': ['TPM 2.0 module P/N: 9CTM000NR-00', 'TPM Cable P/N: 25CRZ-100600-S9R']}","{'Intel® Core™ i3-8145UE Processor', '2 x HDMI for Dual display', 'Dual Channel DDR4, 2 x SO-DIMMs', '2 x GbE LAN Ports', 'Industrial system with Intel® Core™ i3-8145UE Processor/ Fanless Design/ Dual Channel DDR4 up to 64GB/ 2 x HDMI', 'System Size : 178W x 125D x 52.7H (mm)'}",https://www.gigaipc.com/upload/catalog_list_pic/QBiX-Pro-WHLA8565H_8265_8145H-A2-3D-Rear_510x530px__24B06WUAjW.png
QBiX-Pro-KBLB7100HD-A1,Embedded Systems,https://www.gigaipc.com/en/products-detail/QBiX-Pro-KBLB7100HD-A1/,"{'Dimension': ['160W x 118D x 62.6H(mm)'], 'CPU': ['Intel® Core™ i3-7100U Processor', '14nm, 2 cores, 4 threads, 2.4 GHz', 'TDP 15W'], 'Memory': ['2 x DDR4 SO-DIMM sockets, Max. Capacity 32GB', 'Support Dual channel DDR4 2133 MHz memory module'], 'Ethernet': ['2 x GbE LAN Ports (Intel® I219V and Intel® I211AT)'], 'Graphics Support': ['Integrated Graphics Processor - Intel® HD Graphics 620:', '1 x HDMI 2.0 port, supporting a maximum resolution of 4096x2160 @60Hz', '1 x DP port, supporting a maximum resolution of 4096x2160 @60Hz', '(2 independent display outputs)'], 'Audio': ['Realtek® Audio Codec'], 'Storage': ['1 x 2.5"" HDD/SSD (SATA 6Gb/s)'], 'Expansion-Slots': ['1 x 2280 M.2 M-Key (PCIe x4, SATA 6Gb/s)', '1 x 2230 M.2 E-Key (WiFi/BT)', '1 x 3052 M.2 B-Key with SIM slot (Full-size Mini PCIe optional)', '* Wi-Fi, 5G Module and antennas are optional'], 'Front I/O': ['2 x RJ45 LAN Ports', '4 x USB 3.2 Gen 1', '2 x USB 2.0', '1 x HDMI', '1 x Display Port', '1 x COM Port (RS-232/422/485 & RI/5V/12V)', '1 x COM Port (RS-232/422/485)', '1 x Power button with LED', '1 x HDD LED', '1 x Headphone Jack'], 'Rear l/O': ['1 x Din Rail Mounting Support'], 'Side I/O': ['1 x GPIO (8 bits)', '1 x 3-pin Terminal Block', '5 x External Antenna Holes (Optional)'], 'Power': ['+9V~36VDC (Full Range)'], 'Operation Temperature': ['Operating temperature: 0°C to 50°C', 'Operating humidity: 0-90% (non-condensing)', 'Non-operating temperature: -40°C to 85°C', 'Non-operating humidity: 0%-95% (non-condensing)', 'Use wide temperature range memory and storage'], 'Vibration During Operation': ['Operation: IEC 60068-2-64, 5 Grms, random, 5 ~ 500 Hz, 1 hr / Per Axis, With SSD/M.2 2280', 'Non-operation: IEC 60068-2-6, 2 G, Sine, 10 ~ 500 Hz, 1 Oct/min, 1 hr / Per Axis'], 'Shock During Operation': ['Operation: IEC 60068-2-27, 50 G, half sine, 11 ms duration, With SSD'], 'Packing Content': ['Carton size: 416 x 409 x 347 (mm)', 'Packing Capacity: 6pcs', 'Including:', 'Screw HDD M3x3L x 4 (P/N: 25984G-1C014-S00)', 'Terminal Blocks Male Plug x 1 (P/N: 25IO0-5ESDV0-D2R)', 'Terminal Blocks 1*10P x 1 (P/N: 25IO0-EC3810-D2R)'], 'Mounting': ['DIN Rail', 'Wall mount (Optional)'], 'Order Information': ['6BQP7100CMR-SI (Box packing)'], 'Optional Kit': ['TPM 2.0 module P/N: 9CTM000NR-00', 'TPM Cable P/N: 25CRZ-100600-S9R']}","{'5G module support', 'HDMI, Display port for Dual display', 'Dual Channel DDR4, 2 x SO-DIMMs', '2 x GbE LAN Ports', 'Intel® Core™ i3-7100U Processor', ""Industry's first 5G enabled embedded Industrial system with Intel® Core™ i3-7100U Processor/ Din Rail/ 2-side aluminum"", 'System Size : 160W x 118D x 62.6H(mm)'}",https://www.gigaipc.com/upload/catalog_list_pic/QBiX-Pro-KBLB7100H-B-3D-V-Front-01_510x530px__24B06XwgBl.png
QBiX-Pro-KBLB7200H-A2,Embedded Systems,https://www.gigaipc.com/en/products-detail/QBiX-Pro-KBLB7200H-A2/,"{'Dimension': ['178W x 125D x 52.7H(mm)'], 'CPU': ['Intel® Core™ i5-7200U Processor', '14nm, 2 cores, 4 threads, up to 3.1GHz', 'TDP 15W'], 'Chipset': ['SoC'], 'Memory': ['2 x DDR4 SO-DIMM sockets, Max. Capacity 32 GB', 'Support Dual channel DDR4 2133 MHz memory modules'], 'Ethernet': ['2 x GbE LAN Ports (Intel® I219V and Intel® I211AT)'], 'Graphics Support': ['Integrated Graphics Processor - Intel® HD Graphics 620:', '1 x HDMI 2.0 port, supporting a maximum resolution of 4096x2160 @60Hz', '1 x DP port, supporting a maximum resolution of 4096x2160 @60Hz', '(2 independent display outputs)'], 'Audio': ['Realtek® Audio Codec'], 'Storage': ['1 x 2.5"" HDD/SSD (SATA 6Gb/s)'], 'Expansion-Slots': ['1 x 2280 M.2 M-Key (PCIe x4, SATA 6Gb/s)', '1 x 2230 M.2 E-Key (WiFi/BT)', '1 x Full-size Mini PCIe with SIM slot (PCIe x1 + USB2.0) -- support 3G/4G module'], 'Front I/O': ['2 x RJ45 LAN Ports', '4 x USB 3.2 Gen 1', '1 x HDMI', '1 x Display Port', '1 x Power switch', '1 x Power & HDD LED', '1 x COM Port (RS-232/422/485 & RI/5V/12V)'], 'Rear l/O': ['2 x USB 2.0', '3 x COM Ports (RS-232)', '1 x Screw Type DC Jack'], 'Side I/O': ['2 x External Antenna Holes (Optional)'], 'Power': ['+9V~36VDC (Adapter 19V/65W)'], 'Operation Temperature': ['Operating temperature: 0°C to 40°C (0~50°C 90W adapter)', 'Operating humidity: 0-90% (non-condensing)', 'Non-operating temperature: -20°C to 70°C', 'Non-operating humidity: 0%-95% (non-condensing)', 'Use wide temperature range memory and storage'], 'Vibration During Operation': ['Operation: IEC 60068-2-64, 5 Grms, random, 5 ~ 500 Hz, 1 hr / Per Axis, With SSD/M.2 2280', 'Non-operation: IEC 60068-2-6, 2 G, Sine, 10 ~ 500 Hz, 1 Oct/min, 1 hr / Per Axis'], 'Shock During Operation': ['Operation: IEC 60068-2-27, 50 G, half sine, 11 ms duration, With SSD'], 'Packing Content': ['Carton size: 505 x 333 x 231 (mm)', 'Packing Capacity: 5pcs', 'Single Box size: 313 x 191 x 95 (mm)', 'Including:', 'Screw I Head for 2.5"" HDD M3x8L x 4 (P/N: 25KSG-130081-K1R)', 'Thermal Pad x 2 (P/N: 25ST3-200052-T5R)', 'Thermal Pad x 1 (P/N: 25ST3-200053-T5R)', 'Thermal Pad x 1 (P/N: 25ST3-200051-T5R)', 'SATA Cable x 1 (P/N: 25CF4-070020-S9R)', 'Power Cord : Optional (by region)', 'PSU ADP 19V 65W 100-240VAC x 1 (P/N: 25EP2-10065L-F3S)'], 'Mounting': ['Wall mount (Optional)'], 'Order Information': ['6BQP7200AMR-SI (Box packing)'], 'Optional Kit': ['TPM 2.0 module P/N: 9CTM000NR-00', 'TPM Cable P/N: 25CRZ-100600-S9R']}","{'HDMI, Display port for Dual display', 'Industrial system with Intel® Core™ i5-7200U Processor/ Fanless Design/ Dual Channel DDR4 up to 32GB/ 1 x HDMI 2.0/ 1 x Display Port/ 1 x Screw Type DC Jack', 'Dual Channel DDR4, 2 x SO-DIMMs', '2 x GbE LAN Ports', 'Intel® Core™ i5-7200U Processor', 'System Size: 178W x 125D x 52.7H (mm)'}",https://www.gigaipc.com/upload/catalog_list_pic/QBiX-Pro-KBLB7200H-A2-front_510x530px__24B062CxfB.png
QBiX-Pro-KBLB7100H-A1,Embedded Systems,https://www.gigaipc.com/en/products-detail/QBiX-Pro-KBLB7100H-A1/,"{'Dimension': ['178W x 125D x 52.7H(mm)'], 'CPU': ['Intel® Core™ i3-7100U Processor', '14nm, 2 cores, 4 threads, 2.4 GHz', 'TDP 15W'], 'Chipset': ['SoC'], 'Memory': ['2 x DDR4 SO-DIMM sockets, Max. Capacity 32 GB', 'Dual channel memory architecture', 'Support DDR4 2133MHz'], 'Ethernet': ['2 x GbE LAN Ports (Intel® I219V and Intel® I211AT)'], 'Graphics Support': ['Integrated Graphics Processor - Intel® HD Graphics 620:', '1 x HDMI 2.0 port, supporting a maximum resolution of 4096x2160 @60Hz', '1 x DP port, supporting a maximum resolution of 4096x2160 @60Hz', '(2 independent display outputs)'], 'Audio': ['Realtek® Audio Codec'], 'Storage': ['1 x 2.5"" HDD/SSD (SATA 6Gb/s)'], 'Expansion-Slots': ['1 x 2280 M.2 M-Key (PCIe x4, SATA 6Gb/s)', '1 x 2230 M.2 E-Key (WiFi/BT)', '1 x Full-size Mini PCIe with SIM slot (PCIe x1 + USB2.0) -- support 3G/4G module'], 'Front I/O': ['2 x RJ45 LAN Ports', '4 x USB 3.2 Gen 1', '1 x HDMI', '1 x Display Port', '1 x Power switch', '1 x Power & HDD LED', '1 x COM Port (RS-232/422/485 & RI/5V/12V)'], 'Rear l/O': ['2 x USB 2.0', '3 x COM Ports (RS-232)', '1 x 3-pin Terminal Block'], 'Side I/O': ['2 x External Antenna Holes (Optional)'], 'Power': ['+9V~36VDC (Full Range)'], 'Operation Temperature': ['Operating temperature: 0°C to 50°C', 'Operating humidity: 0-90% (non-condensing)', 'Non-operating temperature: -20°C to 70°C', 'Non-operating humidity: 0%-95% (non-condensing)', 'Use wide temperature range memory and storage'], 'Vibration During Operation': ['Operation: IEC 60068-2-64, 5 Grms, random, 5 ~ 500 Hz, 1 hr / Per Axis, With SSD/M.2 2280', 'Non-operation: IEC 60068-2-6, 2 G, Sine, 10 ~ 500 Hz, 1 Oct/min, 1 hr / Per Axis'], 'Shock During Operation': ['Operation: IEC 60068-2-27, 50 G, half sine, 11 ms duration, With SSD'], 'Packing Content': ['Carton size: 505 x 333 x 231 (mm)', 'Packing Capacity: 5pcs', 'Single Box size: 313 x 191 x 95 (mm)', 'Single Box weight: Approx. 1.4kg', 'Including:', 'Screw I Head For 2.5"" HDD M3x8L x 4 (P/N: 25KSG-130081-K1R)', 'Thermal Pad x 2 (P/N: 25ST3-200052-T5R)', 'Thermal Pad x 1 (P/N: 25ST3-200053-T5R)', 'Thermal Pad x 1 (P/N: 25ST3-200051-T5R)', 'SATA Cable x 1 (P/N: 25CF4-070020-S9R)', 'Terminal Blocks Male Plug x 1 (P/N: 25IO0-5ESDV0-D2R)'], 'Mounting': ['Wall mount (Optional)'], 'Order Information': ['6BCKACMR-SI (Box packing)'], 'Optional Kit': ['TPM 2.0 module P/N: 9CTM000NR-00', 'TPM Cable P/N: 25CRZ-100600-S9R']}","{'HDMI, Display port for Dual display', 'Dual Channel DDR4, 2 x SO-DIMMs', 'Industrial system with Intel® Core™ i3-7100U Processor/ Fanless Design/ Dual Channel DDR4 up to 32GB/ 1 x HDMI 2.0/ 1 x Display Port/ 1 x 3-pin Terminal Block', '2 x GbE LAN Ports', 'Intel® Core™ i3-7100U Processor', 'System Size: 178W x 125D x 52.7H (mm)'}",https://www.gigaipc.com/upload/catalog_list_pic/QBiX-Pro-KBLB7100H-A1-RearIO-01_510x530px__24B062s0tQ.png
QBiX-Pro-APLB4200H-A1,Embedded Systems,https://www.gigaipc.com/en/products-detail/QBiX-Pro-APLB4200H-A1/,"{'Dimension': ['178W x 125D x 52.7H(mm)'], 'CPU': ['Intel® Pentium® N4200 Processor', '14nm, 4 cores, 4 threads, up to 2.5 GHz', 'TDP 6W'], 'Chipset': ['SoC'], 'Memory': ['2 x DDR3L SO-DIMM sockets, Max. Capacity 8 GB', 'Support Dual Channel DDR3L 1866MHz memory modules'], 'Ethernet': ['2 x GbE LAN Ports (Intel® I211AT)'], 'Graphics Support': ['Integrated Graphics Processor - Intel® HD Graphics 505:', '1 x HDMI 1.4 port, supporting a maximum resolution of 3840x2160 @30Hz', '1 x VGA port, supporting a maximum resolution of 1920x1080 @60Hz (with compatible displays)', '(2 independent display outputs)'], 'Audio': ['Realtek® ALC897'], 'Storage': ['1 x 2.5"" HDD/SSD (SATA 6Gb/s)'], 'Expansion-Slots': ['1 x 2242 M.2 M-Key (SATA 6Gb/s)', '1 x Full-size Mini PCIe with SIM slot (PCIe x1 + USB2.0) -- support 3G/4G module'], 'Front I/O': ['2 x RJ45 LAN Ports', '2 x USB 3.2 Gen 1', '1 x HDMI', '1 x VGA', '1 x Power switch', '1 x Power & HDD LED', '1 x Headphone Jack'], 'Rear l/O': ['2 x USB 2.0', '1 x COM Port (RS-232/422/485 & RI/5V/12V)', '3 x COM Ports (RS-232)', '1 x 3-pin Terminal Block'], 'Side I/O': ['2 x External Antenna Holes (Optional)'], 'Power': ['+9V~36VDC (Full Range)'], 'Operation Temperature': ['Operating temperature: 0°C to 50°C', 'Operating humidity: 0-90% (non-condensing)', 'Non-operating temperature: -20°C to 70°C', 'Non-operating humidity: 0%-95% (non-condensing)', 'Use wide temperature range memory and storage'], 'Vibration During Operation': ['Operation: IEC 60068-2-64, 5 Grms, random, 5 ~ 500 Hz, 1 hr / Per Axis, With SSD/M.2 2242', 'Non-operation: IEC 60068-2-6, 2 G, Sine, 10 ~ 500 Hz, 1 Oct/min, 1 hr / Per Axis'], 'Shock During Operation': ['Operation: IEC 60068-2-27, 50 G, half sine, 11 ms duration, With SSD'], 'Packing Content': ['Carton size: 505 x 333 x 231 (mm)', 'Packing Capacity: 5pcs', 'Single Box size: 313 x 191 x 95 (mm)', 'Single Box weight: Approx. 1.5kg', 'Including:', 'Screw I Head for 2.5"" HDD M3x8L x 4 (P/N: 25KSG-130081-K1R)', 'Thermal Pad x 2 (P/N: 25ST3-200052-T5R)', 'SATA Cable x 1 (P/N: 25CF4-170020-S9R)', 'Terminal Blocks Male Plug x 1 (P/N: 25IO0-5ESDV0-D2R)'], 'Mounting': ['Wall mount (Optional)'], 'Order Information': ['6BCBABMR-SI (Box packing)'], 'Optional Kit': ['TPM 2.0 module P/N: 9CTM000NR-00', 'TPM Cable P/N: 25CRZ-100600-S9R']}","{'Industrial system with Intel® Pentium® N4200 Processor', '2 x GbE LAN Ports', 'Intel® Pentium® N4200 Processor', 'HDMI, D-sub for Dual display', 'Dual Channel DDR3L, 2 x SO-DIMMs', 'System Size: 178W x 125D x 52.7H (mm)'}",https://www.gigaipc.com/upload/catalog_list_pic/QBiX-Pro-APLB4200-A1-3D-Rear-Right-510x530px__24B06dLhcD.png
QBiX-Pro-APLB4200H-B1,Embedded Systems,https://www.gigaipc.com/en/products-detail/QBiX-Pro-APLB4200H-B1/,"{'Dimension': ['178W x 125D x 52.7H(mm)'], 'CPU': ['Intel® Pentium® N4200 Processor', '14nm, 4 cores, 4 threads, up to 2.5 GHz', 'TDP 6W'], 'Chipset': ['SoC'], 'Memory': ['2 x DDR3L SO-DIMM sockets, Max. Capacity 8 GB', 'Support Dual Channel DDR3L 1866MHz memory modules'], 'Ethernet': ['2 x GbE LAN Ports (Intel® I211AT)'], 'Graphics Support': ['Integrated Graphics Processor - Intel® HD Graphics 505:', '1 x HDMI 1.4 port, supporting a maximum resolution of 3840x2160 @30Hz', '1 x VGA port, supporting a maximum resolution of 1920x1080 @60Hz (with compatible displays)', '(2 independent display outputs)'], 'Audio': ['Realtek® ALC897'], 'Storage': ['1 x 2.5"" HDD/SSD (SATA 6Gb/s)'], 'Expansion-Slots': ['1 x 2242 M.2 M-Key (SATA 6Gb/s)', '1 x Full-size Mini PCIe with SIM slot (PCIe x1 + USB2.0) -- support 3G/4G module'], 'Front I/O': ['2 x RJ45 LAN Ports', '2 x USB 3.2 Gen 1', '1 x HDMI', '1 x VGA', '1 x Power switch', '1 x Power & HDD LED', '1 x Headphone Jack'], 'Rear l/O': ['2 x USB 2.0', '1 x COM Port (RS-232/422/485 & RI/5V/12V)', '2 x COM Ports (RS-232)', '1 x GPIO (8 bits)', '1 x 3-pin Terminal Block'], 'Side I/O': ['2 x External Antenna Holes (Optional)'], 'Power': ['+9V~36VDC (Full Range)'], 'Operation Temperature': ['Operating temperature: 0°C to 50°C', 'Operating humidity: 0-90% (non-condensing)', 'Non-operating temperature: -20°C to 70°C', 'Non-operating humidity: 0%-95% (non-condensing)', 'Use wide temperature range memory and storage'], 'Vibration During Operation': ['Operation: IEC 60068-2-64, 5 Grms, random, 5 ~ 500 Hz, 1 hr / Per Axis, With SSD/M.2 2242', 'Non-operation: IEC 60068-2-6, 2 G, Sine, 10 ~ 500 Hz, 1 Oct/min, 1 hr / Per Axis'], 'Packing Content': ['Carton size: 505 x 333 x 231 (mm)', 'Packing Capacity: 5pcs', 'Single Box size: 313 x 191 x 95 (mm)', 'Single Box weight: Approx. 1.5kg', 'Including:', 'Screw I Head For 2.5"" HDD M3x8L x 4 (P/N: 25KSG-130081-K1R)', 'Thermal Pad x 2 (P/N: 25ST3-200052-T5R)', 'SATA Cable x 1 (P/N: 25CF4-170020-S9R)', 'Terminal Blocks Male Plug x 1 (P/N: 25IO0-5ESDV0-D2R)'], 'Mounting': ['Wall mount (Optional)'], 'Order Information': ['6BQP4200BMR-SI (Box packing)'], 'Optional Kit': ['TPM 2.0 module P/N: 9CTM000NR-00', 'TPM Cable P/N: 25CRZ-100600-S9R']}","{'Industrial system with Intel® Pentium® N4200 Processor/ 1 x GPIO (8 bits)', 'System Size: 178W x 125D x 52.7H(mm)', '2 x GbE LAN Ports', 'Intel® Pentium® N4200 Processor', 'HDMI, D-sub for Dual display', 'Dual Channel DDR3L, 2 x SO-DIMMs'}",https://www.gigaipc.com/upload/catalog_list_pic/QBiX-Pro-APLB4200H-B1-3D-Rear-Right-510x530px__24B06qLGNX.png
QBiX-Pro-KBLB3965H-A1,Embedded Systems,https://www.gigaipc.com/en/products-detail/QBiX-Pro-KBLB3965H-A1/,"{'Dimension': ['178W x 125D x 52.7H(mm)'], 'CPU': ['Intel® Celeron® 3965U Processor', '14nm, 2 cores, 2 threads, 2.2 GHz', 'TDP 15W'], 'Chipset': ['SoC'], 'Memory': ['2 x DDR4 SO-DIMM sockets, Max. Capacity 32 GB', 'Support Dual Channel DDR4 2133MHz memory modules'], 'Ethernet': ['2 x GbE LAN Ports (Intel® I219V and Intel® I211AT)'], 'Graphics Support': ['Integrated Graphics Processor - Intel® HD Graphics 610:', '1 x HDMI 2.0 port, supporting a maximum resolution of 4096x2160 @24Hz', '1 x DP port, supporting a maximum resolution of 4096x2160 @60Hz', '(2 independent display outputs)'], 'Audio': ['Realtek® Audio Codec'], 'Storage': ['1 x 2.5"" HDD/SSD (SATA 6Gb/s)'], 'Expansion-Slots': ['1 x 2280 M.2 M-Key (SATA 6Gb/s)', '1 x 2230 M.2 E-Key (WiFi/BT)', '1 x Full-size Mini PCIe with SIM slot (PCIe x1 + USB2.0) -- support 3G/4G module'], 'Front I/O': ['2 x RJ45 LAN Ports', '4 x USB 3.2 Gen 1', '1 x HDMI', '1 x Display Port', '1 x Power switch', '1 x Power & HDD LED', '1 x COM Port (RS-232/422/485 & RI/5V/12V)'], 'Rear l/O': ['2 x USB 2.0', '3 x COM Ports (RS-232)', '1 x 3-pin Terminal Block'], 'Side I/O': ['2 x External Antenna Holes (Optional)'], 'Power': ['+9V~36VDC (Full Range)'], 'Operation Temperature': ['Operating temperature: 0°C to 50°C', 'Operating humidity: 0-90% (non-condensing)', 'Non-operating temperature: -20°C to 70°C', 'Non-operating humidity: 0%-95% (non-condensing)', 'Use wide temperature range memory and storage'], 'Vibration During Operation': ['Operation: IEC 60068-2-64, 5 Grms, random, 5 ~ 500 Hz, 1 hr / Per Axis, With SSD/M.2 2280', 'Non-operation: IEC 60068-2-6, 2 G, Sine, 10 ~ 500 Hz, 1 Oct/min, 1 hr / Per Axis'], 'Shock During Operation': ['Operation: IEC 60068-2-27, 50 G, half sine, 11 ms duration, With SSD'], 'Packing Content': ['Carton size: 505 x 333 x 231 (mm)', 'Packing Capacity: 5pcs', 'Single Box size: 313 x 191 x 95 (mm)', 'Including:', 'Screw I Head for 2.5"" HDD M3x8L x 4 (P/N: 25KSG-130081-K1R)', 'Thermal Pad x 2 (P/N: 25ST3-200052-T5R)', 'Thermal Pad x 1 (P/N: 25ST3-200053-T5R)', 'Thermal Pad x 1 (P/N: 25ST3-200051-T5R)', 'SATA Cable x 1 (P/N: 25CF4-070020-S9R)', 'Terminal Blocks Male Plug x 1 (P/N: 25IO0-5ESDV0-D2R)'], 'Mounting': ['Wall mount (Optional)'], 'Order Information': ['6BQP3965AMR-SI (Box packing)'], 'Optional Kit': ['TPM 2.0 module P/N: 9CTM000NR-00', 'TPM Cable P/N: 25CRZ-100600-S9R']}","{'HDMI, Display port for Dual display', 'Dual Channel DDR4, 2 x SO-DIMMs', 'Intel® Celeron® 3965U Processor', '2 x GbE LAN Ports', 'Industrial system with Intel® Celeron® 3965U Processor/ DDR4 2133MHz up to 32G/ M.2 slots/ 2.5"" HDD/SSD (SATA 6Gb/s)', 'System Size: 178W x 125D x 52.7H (mm)'}",https://www.gigaipc.com/upload/catalog_list_pic/QBiX-Pro-KBLB7100H-A1-RearIO-01_510x530px__24B06Jk63K.png
QBiX-Pro-BYTA1900H-A1,Embedded Systems,https://www.gigaipc.com/en/products-detail/QBiX-Pro-BYTA1900H-A1/,"{'Dimension': ['178W x 125D x 52.7H(mm)'], 'CPU': ['Intel® Celeron® J1900 Processor', '22nm, 4 cores, 4 threads, up to 2.42 GHz', 'TDP 10W'], 'Chipset': ['SoC'], 'Memory': ['1 x DDR3L SO-DIMM sockets, Max. Capacity 8 GB', 'Support Single Channel DDR3L 1333MHz memory module'], 'Ethernet': ['2 x GbE LAN Ports (Intel® I211AT)'], 'Graphics Support': ['Integrated Graphics Processor - Intel® HD Graphics:', '1 x HDMI 1.4 port, supporting a maximum resolution of 1920x1200 @60Hz', '1 x VGA port, supporting a maximum resolution of 2560x1600 @60Hz (with compatible displays)', '(2 independent display outputs)'], 'Audio': ['Realtek® Audio Codec'], 'Storage': ['1 x 2.5"" HDD/SSD (SATA 3Gb/s)'], 'Expansion-Slots': ['1 x 2280 M.2 M-Key (SATA 3Gb/s)', '1 x Full-size Mini PCIe with SIM slot (PCIe x1 + USB2.0) -- support 3G/4G module'], 'Front I/O': ['2 x RJ45 LAN Ports', '1 x USB 3.2 Gen 1', '1 x USB 2.0', '1 x HDMI', '1 x VGA', '1 x Power switch', '1 x Power & HDD LED', '1 x Headphone Jack'], 'Rear l/O': ['2 x USB 2.0', '2 x COM Ports (RS-232)', '1 x COM Port (RS-232/422/485)', '1 x COM Port (RS-232/422/485 & RI/5V/12V)', '1 x 3-pin Terminal Block'], 'Side I/O': ['2 x External Antenna Holes (Optional)'], 'Power': ['+9V~36VDC (Full Range)'], 'Operation Temperature': ['Operating temperature: 0°C to 50°C', 'Operating humidity: 0-90% (non-condensing)', 'Non-operating temperature: -20°C to 70°C', 'Non-operating humidity: 0%-95% (non-condensing)', 'Use wide temperature range memory and storage'], 'Vibration During Operation': ['Operation: IEC 60068-2-64, 5 Grms, random, 5 ~ 500 Hz, 1 hr / Per Axis, With SSD/M.2 2242', 'Non-operation: IEC 60068-2-6, 2 G, Sine, 10 ~ 500 Hz, 1 Oct/min, 1 hr / Per Axis'], 'Shock During Operation': ['Operation: IEC 60068-2-27, 50 G, half sine, 11 ms duration, With SSD'], 'Packing Content': ['Carton size: 505 x 333 x 231 (mm)', 'Packing Capacity: 5pcs', 'Single Box size: 313 x 191 x 95 (mm)', 'Including:', 'Screw I Head for 2.5"" HDD M3x8L x 4 (P/N: 25KSG-130081-K1R)', 'Thermal Pad x 2 (P/N: 25ST3-200052-T5R)', 'SATA Cable x 1 (P/N: 25CF4-170020-S9R)', 'Terminal Blocks Male Plug x 1 (P/N: 25IO0-5ESDV0-D2R)'], 'Mounting': ['Wall mount (Optional)'], 'Order Information': ['6BQP1900AMR-SI (Box packing)'], 'Optional Kit': ['TPM 2.0 module P/N: 9CTM000NR-00', 'TPM Cable P/N: 25CRZ-100600-S9R']}","{'Intel® Celeron® J1900 Processor', 'System Size: 178W x 125D x 52.7H(mm)', '2 x GbE LAN Ports', 'HDMI, D-sub for Dual display', 'Industrial system with Intel® Celeron® J1900 Processor', 'Single Channel DDR3L, 1 x SO-DIMM'}",https://www.gigaipc.com/upload/catalog_list_pic/QBiX-Pro-BYTA1900H-A1-3D-Rear_510x530px__24B06jDqSs.png
QBiX-Pro-AMDA1605H-A1,Embedded Systems,https://www.gigaipc.com/en/products-detail/QBiX-Pro-AMDA1605H-A1/,"{'Dimension': ['178W x 125D x 52.7H(mm)'], 'CPU': ['AMD Ryzen™ V1605B Embedded Processor', '14nm, 4 cores, 8 threads, 2.0 GHz, up to 3.6GHz', 'TDP 25W', '2MB of shared L2 plus 4MB of shared L3 total'], 'Chipset': ['SoC'], 'Memory': ['2 x DDR4 SO-DIMM sockets, Max. Capacity 32 GB', 'Support Dual channel DDR4 2400MHz memory modules'], 'Ethernet': ['2 x GbE LAN Ports (Realtek® RTL8111HS)'], 'Graphics Support': ['Integrated Graphics Processor - AMD Radeon™ Vega 8 Graphics:', '4 x HDMI 2.0 ports, supporting a maximum resolution of 4096x2160 @60Hz', '*Support EDID emulation with AMD graphic driver/utility', '(4 independent display outputs)'], 'Audio': ['Realtek® Audio Codec'], 'Storage': ['1 x 2.5"" HDD/SSD (SATA 6Gb/s)'], 'Expansion-Slots': ['1 x 2280 M.2 M-Key (PCIe x4, SATA 6Gb/s)', '1 x 2230 M.2 E-Key (WiFi/BT)', '1 x Full-size Mini PCIe with SIM slot (PCIe x1 + USB2.0) -- support 3G module'], 'Front I/O': ['2 x RJ45 LAN Ports', '2 x USB 3.2 Gen 1', '4 x HDMI', '1 x Power switch', '1 x Power & HDD LED'], 'Rear l/O': ['2 x USB 2.0', '2 x COM Ports (RS-232/422/485 & RI/5V/12V)', '2 x COM Ports (RS-232)', '1 x Screw Type DC Jack'], 'Side I/O': ['2 x External Antenna Holes (Optional)'], 'TPM': ['Onboard TPM 2.0 security chip', 'INFINEON SLB9665TT2.0'], 'Power': ['+9V~36VDC (Adapter 19V/65W)'], 'Operation Temperature': ['Operating temperature: 0°C to 50°C', 'Operating humidity: 0-90% (non-condensing)', 'Non-operating temperature: -20°C to 70°C', 'Non-operating humidity: 0%-95% (non-condensing)', 'Use wide temperature range memory and storage'], 'Vibration During Operation': ['Operation: IEC 60068-2-64, 5 Grms, random, 5 ~ 500 Hz, 1 hr / Per Axis, With SSD/M.2 2242', 'Non-operation: IEC 60068-2-6, 2 G, Sine, 10 ~ 500 Hz, 1 Oct/min, 1 hr / Per Axis'], 'Shock During Operation': ['Operation: IEC 60068-2-27, 50 G, half sine, 11 ms duration, With SSD'], 'Packing Content': ['Carton size: 505 x 333 x 231 (mm)', 'Packing Capacity: 5pcs', 'Single Box size: 313 x 191 x 95 (mm)', 'Single Box weight: Approx. 2.0kg', 'Including:', 'Screw I Head for 2.5"" HDD M3x8L x 4 (P/N: 25KSG-130081-K1R)', 'Thermal Pad x 2 (P/N: 25ST3-200052-T5R)', 'Thermal Pad x 1 (P/N: 25ST3-200060-T5R)', 'Thermal Pad x 1 (P/N: 25ST3-200051-T5R)', 'SATA Cable x 1 (P/N: 25CF4-170020-S9R)', 'Power Cord : Optional (by region)', 'Power ADP 19V 65W 100-240VAC x 1 (P/N: 25EP0-1065W1-A3S)'], 'Order Information': ['6BQP1605AMR-SI (Box packing)'], 'Optional Kit': ['Wall mount (Optional)']}","{'AMD Ryzen™ V1605B Embedded Processor', 'System Size: 178W x 125D x 52.7H(mm)', 'Dual Channel DDR4, 2 x SO-DIMMs', 'Industrial system with AMD Ryzen™ V1605B Embedded Processor', '2 x GbE LAN Ports', '4 x HDMI 2.0 for multiple displays'}",https://www.gigaipc.com/upload/catalog_list_pic/QBiX-Pro-AMDA1605H-A1-Front-3D-Right-510x530px__24B06ig6zJ.png
QN-ORAX64-A1,Embedded Systems,https://www.gigaipc.com/en/products-detail/QN-ORAX64-A1/,"{'Dimension': ['175W x 145D x 85H (mm)'], 'AI Accelerator': ['NVIDIA® Jetson AGX Orin 64GB'], 'AI Performance': ['Up to 275 TOPs'], 'CPU': ['12-core Arm® Cortex®-A78AE v8.2 64-bit CPU', '3MB L2 + 6MB L3'], 'GPU': ['2048-core NVIDIA Ampere architecture GPU with 64 Tensor Cores'], 'Memory': ['64GB 256-bit LPDDR5', '204.8GB/s'], 'Ethernet': ['1 x GbE RTL8211F-CG', '1 x GbE PCIE RTL8111H', '4 x (PCIe) 10/100/1000Mbps Ethernets (Optional 2 Ports PoE support) - RTL8111H', '(POE : Total 30W, 2 Ports x 15W)'], 'Display output': ['1 x HDMI 2.0 port'], 'Storage': ['1 x 64G eMMC 5.1 (Module)', '2 x 2280 M.2 M-Key (PCIe Gen4)'], 'Expansion-Slots': ['2 x 2280 M.2 M-Key (PCIe x4)', '1 x 3042 M.2 B-Key for 5G/LTE (USB 3.2 Gen 2 only)', '1 x 2230 M.2 E-Key for WiFi 5/6', '1 x M.2 - OOB module (optional)'], 'Front I/O': ['1 x Power button with LED', '1 x HDD LED', '1 x Recovery button', '2 x USB 3.2 Gen2', '1 x USB 3.2 Gen2 Type-C (OTG)', '1 x Combo Jack(Headphone/Hedset)', '1 x CANBus 2.0b, isolated (DB9)', '6 x User defined LEDs(GPIO for user programming)', '1 x Lan OOB support(Optional)', '1 x Remote control header', '1 x COM port (RS-232)', '1 x COM port (RS-232/422/485)'], 'Rear l/O': ['1 x 3-pin Terminal block', '4 x GbE LAN Ports', '2 x GbE LAN Ports (Support POE)', '1 x HDMI', '1 x GPIO (8bit)', '2 x USB 3.2 Gen 2'], 'Side I/O': ['4 x External Antenna Holes (Optional)', '1 x Fan USB'], 'Power': ['+19V~24VDC (Terminal Block)'], 'Operation Temperature': ['Operating temperature: -20°C to 50°C'], 'Order Information': ['9BQNORAXBMR-SI (Box packing)', '∗ All specifications are subject to change without notice. Please contact with your sales representative for more information.']}","{'NVIDIA® Jetson AGX Orin™, up to 275 TOPS', 'AI system with NVIDIA® Jetson AGX Orin 64GB', 'System Size : 175W x 145D x 85H (mm)', '64GB 256-bit LPDDR5', 'AI, NVR, surveilance application', 'Fanless system'}",https://www.gigaipc.com/upload/catalog_list_pic/QN-ORAX64-A1_QN-ORAX32-A1_No_Mount-3D-Left-RearIO-340x353px__26E06pFKpk.webp
QN-ORAX32-A1,Embedded Systems,https://www.gigaipc.com/en/products-detail/QN-ORAX32-A1/,"{'Dimension': ['175W x 145D x 85H (mm)'], 'AI Accelerator': ['NVIDIA® Jetson AGX Orin 32GB'], 'AI Performance': ['Up to 200 TOPs'], 'CPU': ['8-core Arm® Cortex®-A78AE v8.2 64-bit CPU', '2MB L2 + 4MB L3'], 'GPU': ['1792-core NVIDIA Ampere c GPU with 56 Tensor Cores'], 'Memory': ['32GB 256-bit LPDDR5', '204.8GB/s'], 'Ethernet': ['1 x GbE RTL8211F-CG', '1 x GbE PCIE RTL8111H', '4 x (PCIe) 10/100/1000Mbps Ethernets (Optional 2 Ports PoE support) - RTL8111H', '(POE : Total 30W, 2 Ports x 15W)'], 'Display output': ['1 x HDMI 2.0 port'], 'Storage': ['1 x 32G eMMC 5.1 (Module)', '2 x 2280 M.2 M-Key (PCIe Gen4)'], 'Expansion-Slots': ['2 x 2280 M.2 M-Key (PCIe x4)', '1 x 3042 M.2 B-Key for 5G/LTE (USB 3.2 Gen 2 only)', '1 x 2230 M.2 E-Key for WiFi 5/6', '1 x M.2 - OOB module (optional)'], 'Front I/O': ['1 x Power button with LED', '1 x HDD LED', '1 x Recovery button', '2 x USB 3.2 Gen2', '1 x USB 3.2 Gen2 Type-C (OTG)', '1 x Combo Jack(Headphone/Hedset)', '1 x CANBus 2.0b, isolated (DB9)', '6 x User defined LEDs(GPIO for user programming)', '1 x Lan OOB support(Optional)', '1 x Remote control header', '1 x COM port (RS-232)', '1 x COM port (RS-232/422/485)'], 'Rear l/O': ['1 x 3-pin Terminal block', '4 x GbE LAN Ports', '2 x GbE LAN Ports (Support POE)', '1 x HDMI', '1 x GPIO (8bit)', '2 x USB 3.2 Gen 2'], 'Side I/O': ['4 x External Antenna Holes (Optional)', '1 x Fan USB'], 'Power': ['+19V~24VDC (Terminal Block)'], 'Operation Temperature': ['Operating temperature: -20°C to 50°C'], 'Order Information': ['9BQNORAXAMR-SI (Box packing)', '∗ All specifications are subject to change without notice. Please contact with your sales representative for more information.']}","{'32GB 256-bit LPDDR5', 'System Size : 175W x 145D x 85H (mm)', 'NVIDIA® Jetson AGX Orin™, up to 200 TOPS', 'AI, NVR, surveilance application', 'AI system with NVIDIA® Jetson AGX Orin 32GB', 'Fanless system'}",https://www.gigaipc.com/upload/catalog_list_pic/QN-ORAX64-A1_QN-ORAX32-A1_No_Mount-3D-Left-RearIO-340x353px__26E06Gosrj.webp
QN-ORNX16GH-A1,Embedded Systems,https://www.gigaipc.com/en/products-detail/QN-ORNX16GH-A1/,"{'Dimension': ['210W x 169.8D x 55.2H (mm)'], 'AI Accelerator': ['NVIDIA® Jetson Orin™ NX', 'Jetson Orin NX 16GB'], 'AI Performance': ['Up to 100 TOPs'], 'CPU': ['8-core Arm® Cortex®-A78AE v8.2 64-bit CPU', '2MB L2 + 4MB L3'], 'GPU': ['NVIDIA® Ampere™ architecture with 1024 NVIDIA® CUDA® cores and 32 Tensor cores'], 'Memory': ['16GB 128-bit LPDDR5 DRAM (Module)'], 'Ethernet': ['8 x GbE LAN Ports with PoE 15W/Port, IEEE802.3af compliant, Total 120W', '2 x GbE LAN Ports'], 'Display output': ['1 x HDMI 2.0 port, supporting a maximum resolution of 4096x2160 @ 60Hz'], 'Storage': ['1 x SATA 6Gb/s (Swappable 2.5"" HDD/SSD)'], 'Expansion-Slots': ['1 x 2280 M.2 M-Key (PCIe Gen4x1) for SSD', '1 x 3052 M.2 B-Key for 4G/5G card (USB3 only)', '1 x 2230 M.2 E-Key', '1 x Mini PCIe slot', '1 x SIM slot'], 'Front I/O': ['1 x Power button with LED', '1 x HDD LED', '1 x GPIO (12 bits)', '1 x HDMI', '1 x USB 2.0 Type Micro B', '1 x Recovery button', '2 x External Antenna Holes (Optional)'], 'Rear l/O': ['4 x COM Ports (RS-232/422/485)', '4 x USB 3.2 Gen 1', '8 x GbE LAN Ports with PoE 15W/Port', '2 x GbE LAN Ports', '1 x 3-pin Terminal Block'], 'Side I/O': ['4 x External Antenna Holes (Optional)'], 'Power': ['+54VDC (PoE support)'], 'Operation Temperature': ['Operating temperature: -20°C to 70°C', 'Operating humidity: 70°C @ 20-95% (non-condensing)', 'Non-operating temperature: -40°C to 85°C', 'Non-operating humidity: 70°C @ 95% (non-condensing)', 'Use wide temperature range storage'], 'Packing Content': ['Carton size: 528 x 303 x 353 (mm)', 'Packing Capacity: 4pcs', 'Single Box size: 316 x 281 x 125 (mm)', 'Single Box weight: Approx. 3kg', 'Including:', 'Power Cord: Optional (by region)', 'Screw for 2.5"" HDD/SSD, M3x4L x 4 (P/N: 25984G-1C014-S00)'], 'Order Information': ['9BQNORNXCMR-SI (Box packing)', '(Built in Components: Please contact with your sales representative for more information or e-mailed to : sales@gigaipc.com)'], 'Remark': ['54V/180W adapter P/N: 25EP4-101807-F3S x 1 (Optional)']}","{'Up to 100 TOPs', 'AI, NVR, Surveillance Application', 'Fan-Less system', 'NVIDIA® Jetson Orin NX 16GB', '8 x GbE LAN Ports with PoE 15W/Port', '2 x GbE LAN Ports', 'Industrial system with NVIDIA® Jetson Orin NX 16GB, including Ampere GPU + Arm Cortex-A78AE v8.2 64-bit CPU + 16GB LPDDR5', 'System Size : 210W x 169.8D x 55.2H (mm)'}",https://www.gigaipc.com/upload/catalog_list_pic/QN-ORNX16GH-A1-3D-Right-RearIO-340x353px__26E04pNvja.webp
QN-ORNX16,Embedded Systems,https://www.gigaipc.com/en/products-detail/QN-ORNX16/,"{'Dimension': ['124W x 127.6D x 47.7H (mm)'], 'AI Accelerator': ['NVIDIA® Jetson Orin™ NX', 'Jetson Orin NX 16GB'], 'AI Performance': ['Up to 100 TOPs'], 'CPU': ['8-core Arm® Cortex®-A78AE v8.2 64-bit CPU', '2MB L2 + 4MB L3'], 'GPU': ['NVIDIA Ampere architecture GPU with 1024 NVIDIA CUDA® cores and 32 Tensor cores'], 'Memory': ['16GB 128-bit LPDDR5 DRAM (Module)'], 'Ethernet': ['1 x GbE LAN Port'], 'Display output': ['1 x HDMI 2.0 port, supporting a maximum resolution of 4096x2160 @60Hz'], 'Video input': ['1 x HDMI input (Optional)', '1 x VGA input (Optional)'], 'Storage': ['1 x 2280 M.2 SSD (PCIe Gen3x2)(M2M2)'], 'Expansion-Slots': ['1 x 2280 M.2 M-Key (PCIe Gen4x4, Support HDMI Capture card)(M2M1)', '1 x 2230 M.2 E-Key'], 'Front I/O': ['1 x USB 3.2 Gen 1 Type C, 5V/1A (not support USB to NVME dock)', '2 x USB 2.0', '1 x Power button with LED', '1 x Recovery button'], 'Rear l/O': ['1 x Scrw type DC Jack', '1 x RJ45 LAN Port', '1 x HDMI', '2 x USB 3.2 Gen 2x2', '2 x External Antenna Holes (Optional)'], 'Power': ['+19VDC'], 'Operation Temperature': ['Operating temperature: 0°C to 40°C', 'Operating humidity: 0-90% (non-condensing)', 'Non-operating temperature: -20°C to 60°C', 'Non-operating humidity: 0%-95% (non-condensing)'], 'Packing Content': ['Carton size: 360 x 306 x 220 (mm)', 'Packing Capacity: 5pcs', 'Single Box size: 286 x 178 x 66 (mm)', 'Single Box weight: Approx. 1.3kg', 'Including:', 'Power Cord : Optional (by region)', 'PSU ADP 19V 65W 100-240VAC x 1 (P/N: 25EP2-10065Q-A3S)', 'VESA Mount x 1 (P/N: 25HB1-TPL021-S8R)', 'VESA Screws x1 (P/N: 25KSD-000002-C0R)'], 'Mounting': ['VESA Mount 75/100 support'], 'Order Information': ['9BQNORNXDMR-SI (Box packing)']}","{'System Size : 124W x 127.6D x 47.7H (mm)', 'VESA Mount 75/100 support', 'NVIDIA® Jetson Orin™ NX, up to 100 TOPS', '16GB 128-bit LPDDR5 DRAM', 'AI system with NVIDIA® Jetson Orin™ NX, up to 100 TOPS, 16GB 128-bit LPDDR5 DRAM', 'AI of Medical Application'}",https://www.gigaipc.com/upload/catalog_list_pic/QN-ORNX16-3D-45-Right-RearIO-01-340x353px__25D07GG6JD.webp
QBiX-Jetson-XavierAHP-A1,Embedded Systems,https://www.gigaipc.com/en/products-detail/QBiX-Jetson-XavierAHP-A1/,"{'Dimension': ['210W x 169.8D x 55.2H (mm)'], 'CPU': ['6-core NVIDIA® Carmel Arm® v8.2 64-bit CPU', '6MB L2 cache + 4MB L3 cache'], 'Memory': ['8GB 128-bit LPDDR4 DRAM 1600MHz (Module)'], 'Ethernet': ['8 x GbE LAN Ports with PoE 15W/Port, IEEE802.3af compliant, Total 120W', '2 x GbE LAN Ports'], 'Graphics Support': ['384-core NVIDIA® Volta™ GPU with 48 Tensor Cores', '1 x HDMI port, supporting a maximum resolution of 3840x2160 @60Hz', '1 x DP port, supporting a maximum resolution of 4096x2160 @60Hz'], 'Storage': ['1 x 16GB eMMC 5.1 (Module)', '1 x SATA 6Gb/s (Swappable 2.5"" HDD/SSD)'], 'Expansion-Slots': ['1 x 3052 M.2 B-Key', '1 x Mini PCIe slot', '1 x 2230 M.2 E-Key', '1 x SIM slot'], 'Front I/O': ['1 x Power button with LED', '1 x HDD LED', '1 x GPIO (12 bits)', '1 x DP', '1 x HDMI', '1 x USB 2.0 Type Micro B', '1 x SD slot (Micro SD)', '1 x Recovery button', '2 x External Antenna Holes (Optional)'], 'Rear l/O': ['4 x COM Ports (RS-232/422/485)', '4 x USB 3.2 Gen 1', '8 x GbE LAN Ports with PoE 15W/Port', '2 x GbE LAN Ports', '1 x 3-pin Terminal Block'], 'Side I/O': ['4 x External Antenna Holes (Optional)'], 'Power': ['+12V~54VDC (non PoE)', '+54VDC (PoE support)'], 'Operation Temperature': ['Operating temperature: -20°C to 70°C', 'Operating humidity: 0-90% (non-condensing)', 'Non-operating temperature: -40°C to 85°C', 'Non-operating humidity: 0%-95% (non-condensing)', 'Use wide temperature range memory and storage'], 'Packing Content': ['Carton size: 523 x 297 x 339 (mm)', 'Packing Capacity: 4pcs', 'Single Box size: 316 x 281 x 125 (mm)', 'Including:', '54V/180W adapter x 1 (P/N: 25EP4-101807-F3S)', 'Power cord x 1 (By region)', 'Screw for 2.5"" HDD/SSD, M3x4L x 4 (P/N: 25984G-1C014-S00)'], 'Order Information': ['9BQNXAVNAMR-SI (Box Packing)']}","{'6-core NVIDIA® Carmel Arm® v8.2 64-bit Processor', '384-core NVIDIA® Volta™ GPU with 48 Tensor Cores', 'Industrial system with NVIDIA® Xavier™ NX System-on-Module, including Carmel CPU/ Volta GPU/ 8GB LPDDR4/ 16GB eMMC5.1', 'Fan Less system', '8 x GbE LAN Ports with PoE 15W/Port', '2 x GbE LAN Ports', 'System Size : 210W x 169.8D x 55.2H (mm)'}",https://www.gigaipc.com/upload/catalog_list_pic/QBiX-Jetson-NanoAHP-A1-3D-Rear-01-510x530px__24B16O6Cfc.png
QBiX-Jetson-NanoAHP-A1,Embedded Systems,https://www.gigaipc.com/en/products-detail/QBiX-Jetson-NanoAHP-A1/,"{'Dimension': ['210W x 169.8D x 55.2H (mm)'], 'CPU': ['ARM® Cortex® A57 MPCore (Quad-Core) Processor with NEON Technology'], 'Memory': ['4GB 16-bit LPDDR4 DRAM 1600MHz (Module)'], 'Ethernet': ['8 x GbE LAN Ports with PoE 15W/Port, IEEE802.3af compliant, Total 120W', '2 x GbE LAN Ports'], 'Graphics Support': ['NVIDIA® Maxwell™ architecture with 128 NVIDIA® CUDA® cores', '1 x HDMI port, supporting a maximum resolution of 3840x2160 @60Hz', '1 x DP port, supporting a maximum resolution of 2500x1600 @60H'], 'Storage': ['1 x 16GB eMMC 5.1 (Module)', '1 x SATA 6Gb/s (Swappable 2.5"" HDD/SSD)'], 'Expansion-Slots': ['1 x 3052 M.2 B-Key', '1 x Mini PCIe slot', '1 x 2230 M.2 E-Key', '1 x SIM slot'], 'Front I/O': ['1 x Power button with LED', '1 x HDD LED', '1 x GPIO (12 bits)', '1 x DP', '1 x HDMI', '1 x USB 2.0 Type Micro B', '1 x SD slot (Micro SD)', '1 x Recovery button', '2 x External Antenna Holes (Optional)'], 'Rear l/O': ['4 x COM Ports (RS-232/422/485)', '4 x USB 3.2 Gen 1', '8 x GbE LAN Ports with PoE 15W/Port', '2 x GbE LAN Ports', '1 x 3-pin Terminal Block'], 'Side I/O': ['4 x External Antenna Holes (Optional)'], 'Power': ['+12V~54VDC (non PoE)', '+54VDC (PoE support)'], 'Operation Temperature': ['Operating temperature: -20°C to 70°C', 'Operating humidity: 0-90% (non-condensing)', 'Non-operating temperature: -40°C to 85°C', 'Non-operating humidity: 0%-95% (non-condensing)', 'Use wide temperature range memory and storage'], 'Packing Content': ['Carton size: 523 x 297 x 339 (mm)', 'Packing Capacity: 4pcs', 'Single Box size: 316 x 281 x 125 (mm)', 'Including:', '54V/180W adapter x 1 (P/N: 25EP4-101807-F3S)', 'Power cord x 1 (By region)', 'Screw for 2.5"" HDD/SSD, M3x4L x 4 (P/N: 25984G-1C014-S00)'], 'Order Information': ['9BQNNANOAMR-SI (Box Packing)']}","{'Industrial system with NVIDIA® Jetson Nano System-on-Module, including ARM® Cortex®-A57/ Maxwell GPU/ 4GB LPDDR4/ 16GB eMMC5.1', '8 x GbE LAN Ports with PoE 15W/Port', '2 x GbE LAN Ports', 'NVIDIA® Maxwell GPU with 128 NVIDIA® CUDA® cores', 'Fan-Less sytstem', 'CPU Quad-core processor ARM® Cortex®-A57 MPcore', 'System Size : 210W x 169.8D x 55.2H (mm)'}",https://www.gigaipc.com/upload/catalog_list_pic/QBiX-Jetson-NanoAHP-A1-3D-Rear-01-510x530px__24B061YtSv.png
QBiX-WP-WHLA8265H-A1,Embedded Systems,https://www.gigaipc.com/en/products-detail/QBiX-WP-WHLA8265H-A1/,"{'Dimension': ['188W x 155D x 72H(mm)'], 'CPU': ['Intel® Core™ i5-8265U Processor', '14nm, 4 cores, 8 threads, up to 3.9 GHz', 'TDP 15W'], 'Chipset': ['SoC'], 'Memory': ['2 x DDR4 SO-DIMM sockets, Max. Capacity 64 GB', 'Support Dual Channel DDR4 2400 MHz memory modules', '(Integrated 8GB memory)'], 'Ethernet': ['2 x GbE LAN Ports (Intel® I219V and Intel® I211AT)'], 'Graphics Support': ['Integrated Graphics Processor - Intel® UHD Graphics 620:', '1 x HDMI 1.4 port, supporting a maximum resolution of 4096x2160 @30Hz'], 'Audio': ['Realtek® Audio Codec'], 'Storage': ['1 x 2.5"" HDD/SSD (SATA 6Gb/s)'], 'Expansion-Slots': ['1 x 2280 M.2 M-Key (PCIe x4, SATA 6Gb/s)', '1 x 2230 M.2 E-Key (WiFi/BT)', '1 x Full-size Mini PCIe with SIM slot (PCIe x1 + USB2.0) -- support 3G/4G module (please contact with your sales representative for more information)', '(Integrated M.2 SSD 256GB)'], 'Front I/O': ['2 x (M12) LAN Ports', '2 x (IP67) USB 2.0 connector', '1 x (IP67) HDMI connector', '1 x (IP67) Power switch', '1 x (M8) Power & HDD LED'], 'Rear l/O': ['1 x (M12) COM Port (RS-232/422/485 & RI/5V/12V)', '2 x (M12) COM Port (RS-232)', '1 x (M12) GPIO (8 bits)', '1 x (M12) DC Jack'], 'Power': ['+9V~36VDC (Full Range)'], 'Operation Temperature': ['Operating temperature: -20°C to 70°C', 'Operating humidity: 0-90% (non-condensing)', 'Non-operating temperature: -20°C to 70°C', 'Non-operating humidity: 0%-95% (non-condensing)', 'Use wide temperature range memory and storage'], 'Vibration During Operation': ['Operation: IEC 60068-2-64, 3 Grms, random, 5 ~ 500 Hz, 1 hr / Per Axis, With SSD/M.2 2280', 'Non-operation: IEC 60068-2-6, 2 G, Sine, 10 ~ 500 Hz, 1 Oct/min, 1 hr / Per Axis'], 'Shock During Operation': ['Operation: IEC 60068-2-27, 50 G, half sine, 11 ms duration, With SSD'], 'Packing Content': ['Carton size: 305 x 285 x 265 (mm)', 'Packing Capacity: 1pc', 'Weight: Approx. 5kg', 'Including:', 'COM Cable, waterproof, x 3 (P/N: 25CF8-1K8400-O0S)', 'USB 2.0 Cable, waterproof, x 2 (P/N: 25CFA-1K8000-O0R)', 'RJ45 Cable, waterproof, x 2 (P/N: 25CR0-1K8401-O0S)', 'SIGNAL Cable, waterproof, x 1 (P/N: 25CR5-1K8500-O0R)', 'HDMI Cable, waterproof, x 1 (P/N: 25CRC-180720-O0S)', 'DC JACK Cable, waterproof, x 1 (P/N: 25CRD-1K8300-O0S)', 'Wall mount bracket, x 2 (P/N: 25HBA-826520-H5R)'], 'Order Information': ['9BQW8265AMR-SI (Box packing)', '(Built in Components: Please contact with your sales representative for more information', 'or e-mailed to : sales@gigaipc.com)'], 'Optional Kit': ['TPM 2.0 module P/N: 9CTM000NR-00', 'TPM Cable P/N: 25CRZ-100600-S9R']}","{'System Size: 188W x 155D x 72H (mm)', 'Intel® Core™ i5-8265U Processor', 'Dual Channel DDR4, 2 x SO-DIMMs', 'IP67 - Industrial water proof system with Intel® Core™ i5-8265U Processor', 'IP67 water proof certification', 'M12 and IP67 water proof connectors'}",https://www.gigaipc.com/upload/catalog_list_pic/QBiX-WP-APLA3940H_WHLA-8265-A1-3D-Front-CoverIO-01_510x530px__24B06lke4n.png
QBiX-WP-APLA3940H-A1,Embedded Systems,https://www.gigaipc.com/en/products-detail/QBiX-WP-APLA3940H-A1/,"{'Dimension': ['188W x 155D x 72H(mm)'], 'CPU': ['Intel® Atom® x5-E3940 Processor', '14nm, 4 cores, 4 threads, up to 1.80 GHz', 'TDP 9.5W'], 'Chipset': ['SoC'], 'Memory': ['2 x DDR3L SO-DIMM sockets, Max. Capacity 8 GB', 'Support Dual channel DDR3L 1866 MHz memory modules', '(Integrated memory 8GB)'], 'Ethernet': ['2 x GbE LAN Ports (Intel® I211AT)'], 'Graphics Support': ['Integrated Graphics Processor - Intel® HD Graphics 500:', '1 x HDMI port, supporting a maximum resolution of 3840x2160 @30Hz'], 'Audio': ['Realtek® Audio Codec'], 'Storage': ['1 x 2.5"" HDD/SSD (SATA 6Gb/s)'], 'Expansion-Slots': ['1 x 2242 M.2 M-Key (SATA 6Gb/s)', '1 x Full-size Mini PCIe with SIM slot (PCIe x1 + USB2.0) -- support 3G/4G module (please contact with your sales representative for more information)', '(Integrated M.2 SSD 256GB)'], 'Front I/O': ['2 x (M12) LAN Ports', '2 x (IP67) USB 2.0 connector', '1 x (IP67) HDMI connector', '1 x (IP67) Power switch', '1 x (M8) Power & HDD LED'], 'Rear l/O': ['1 x (M12) COM Port (RS-232/422/485 & RI/5V/12V)', '2 x (M12) COM Port (RS-232)', '1 x (M12) GPIO (8 bits)', '1 x (M12) DC Jack'], 'Power': ['+9V~36VDC (Full Range)'], 'Operation Temperature': ['Operating temperature: -20°C to 80°C', 'Operating humidity: 0-90% (non-condensing)', 'Non-operating temperature: -20°C to 70°C', 'Non-operating humidity: 0%-95% (non-condensing)', 'Use wide temperature range memory and storage'], 'Vibration During Operation': ['Operation: IEC 60068-2-64, 3 Grms, random, 5 ~ 500 Hz, 1 hr / Per Axis, With SSD/M.2 2242', 'Non-operation: IEC 60068-2-6, 2 G, Sine, 10 ~ 500 Hz, 1 Oct/min, 1 hr / Per Axis'], 'Shock During Operation': ['Operation: IEC 60068-2-27, 50 G, half sine, 11 ms duration, With SSD'], 'Packing Content': ['Carton size: 305 x 285 x 265 (mm)', 'Packing Capacity: 1pc', 'Including:', 'COM Cable, waterproof, x 3 (P/N: 25CF8-1K8400-O0S)', 'USB 2.0 Cable, waterproof, x 2 (P/N: 25CFA-1K8000-O0R)', 'RJ45 Cable, waterproof, x 2 (P/N: 25CR0-1K8401-O0S)', 'SIGNAL Cable, waterproof, x 1 (P/N: 25CR5-1K8500-O0R)', 'HDMI Cable, waterproof, x 1 (P/N: 25CRC-180720-O0S)', 'DC JACK Cable, waterproof, x 1 (P/N: 25CRD-1K8300-O0S)', 'Wall mount bracket (P/N: 25HBA-826520-H5R)'], 'Order Information': ['9BQW3940AMR-SI (Box packing)', '(Built in Components: Please contact with your sales representative for more information', 'or e-mailed to : sales@gigaipc.com)'], 'Optional Kit': ['TPM 2.0 module P/N: 9CTM000NR-00', 'TPM Cable P/N: 25CRZ-100600-S9R']}","{'System Size: 188W x 155D x 72H (mm)', 'IP67 - Industrial water proof system with Intel® Atom® x5-E3940 Processor', 'Intel® Atom® x5-E3940 Processor', 'Dual Channel DDR3L, 2 x SO-DIMMs', 'IP67 water proof certification', 'M12 and IP67 water proof connectors'}",https://www.gigaipc.com/upload/catalog_list_pic/QBiX-WP-APLA3940H_WHLA-8265-A1-3D-Front-CoverIO-01_510x530px__24B068BBJG.png
QL-1335A,Embedded Systems,https://www.gigaipc.com/en/products-detail/QL-1335A/,"{'Dimension': ['178W x 125D x 42.7H (mm)'], 'CPU': ['Intel® Core™ i5-1335U Processor', 'Intel® 7, 10 cores, 2P+8E, 12 threads, up to 4.6 GHz'], 'Memory': ['2 x DDR5 SO-DIMM sockets, Max. Capacity 96 GB', 'Support Dual Channel DDR5 5200 MHz memory modules'], 'Ethernet': ['2 x 2.5GbE LAN ports (Intel® I226LM & I226V)'], 'Graphics Support': ['Integrated Graphics Processor - Intel® Iris® Xe Graphics eligible:', '2 x HDMI 2.1 ports, supporting a maximum resolution of 4096x2160 @60Hz', '2 x DP 1.4 ports, supporting a maximum resolution of 7680x4320 @30Hz', '1 x DP 1.4 through USB type C (8k), supporting a maximum resolution of 7680x4320 @30Hz', '(4 independent display outputs)'], 'Audio': ['Realtek® ALC269'], 'Expansion-Slots': ['1 x 2280 M.2 M-Key (PCIe Gen4x4, SATA 6Gb/s)', '1 x 2230 M.2 E-Key', '1 x 3052/3042 M.2 B-Key with SIM slot (Support 5G only USB interface)'], 'Front I/O': ['1 x USB type C (USB 3.2 Gen 2x1, DP Alt Mode & PD Out -30W)(-100W requests to use 24V/250W adapter)', '1 x USB type C (USB 3.2 Gen 2x1, PD input-100W)', '4 x USB 3.2 Gen 2x1', '2 x HDMI', '2 x DP', '2 x RJ45 LAN Ports', '1 x HDD LED', '1 x Power button with LED'], 'Rear l/O': ['1 x COM Port (RS-232 & RI/5V/12V)', '2 x USB 2.0', '1 x Combo Audio Jack (Headphone & Headset)', '1 x Screw type DC Jack', '2 x External Antenna Holes (Optional)'], 'TPM': ['Onboard TPM 2.0 security chip', 'INFINEON SLB9672VU2.0'], 'Power': ['+12V~24VDC (Adapter 19.5V/135W)'], 'Operation Temperature': ['Operating temperature: 0°C to 50°C', 'Operating humidity: 40°C @ 20-95% (non-condensing)', 'Non-operating temperature: -40°C to 85°C', 'Non-operating humidity: 60°C @ 95% (non-condensing)', 'Use wide temperature range memory and storage'], 'Vibration During Operation': ['Operation: IEC 60068-2-64, 3 Grms, random, 5 ~ 500 Hz, 1 hr / Per Axis, With SSD/M.2 2280', 'Non-operation: IEC 60068-2-6, 2 G, Sine, 10 ~ 500 Hz, 1 Oct/min, 1 hr / Per Axis'], 'Shock During Operation': ['Operation: IEC 60068-2-27, 50 G, half sine, 11 ms duration, With SSD'], 'Packing Content': ['Carton size: 505 x 333 x 231 (mm)', 'Packing Capacity: 5pcs', 'Single Box size: 313 x 191 x 95 (mm)', 'Including:', 'Bracket for Wall Mount x 2 (P/N: 25HB2-CGAA20-CHR)', 'Thermal pad for Memory x 1 (P/N: 25ST3-200086-T5R)', 'PSU ADP 19.5V 135W 100-240VAC x 1 (P/N: 25EP2-2135W0-F3S)', 'Power Cord : Optional (by region)'], 'Mounting': ['Wall mount (Default)', 'VESA 75/100 (Optional)'], 'Order Information': ['6BQL1335AMR-SI (Box packing)']}","{'1 x DP 1.4 through USB type C (8k)', 'Dual Channel DDR5, 2 x SO-DIMMs', '2 x Display Ports', 'System Size: 178W x 125D x 42.7H (mm)', '2 x 2.5GbE LAN Ports', 'Industrial system with Intel® Core™ i5-1335U Processor/ Dual Channel DDR5 up to 96GB/ 2 x HDMI/ 2 x DP/ 1 x DP 1.4 through USB type C (8k)', '2 x HDMI', 'Intel® Core™ i5-1335U Processor'}",https://www.gigaipc.com/upload/catalog_list_pic/QL-1315A_1335A-3D-Right-Rear-IO-340x353px__26F11XdD8S.webp
QL-1315A,Embedded Systems,https://www.gigaipc.com/en/products-detail/QL-1315A/,"{'Dimension': ['178W x 125D x 42.7H (mm)'], 'CPU': ['Intel® Core™ i3-1315U Processor', 'Intel® 7, 6 cores, 2P+4E, 8 threads, up to 4.5 GHz'], 'Memory': ['2 x DDR5 SO-DIMM sockets, Max. Capacity 96 GB', 'Support Dual Channel DDR5 5200 MHz memory modules'], 'Ethernet': ['2 x 2.5GbE LAN ports (Intel® I226LM & I226V)'], 'Graphics Support': ['Integrated Graphics Processor - Intel® UHD Graphics for 13th Gen Intel® Processors:', '2 x HDMI 2.1 ports, supporting a maximum resolution of 4096x2160 @60Hz', '2 x DP 1.4 ports, supporting a maximum resolution of 7680x4320 @30Hz', '1 x DP 1.4 through USB type C (8k), supporting a maximum resolution of 7680x4320 @30Hz', '(4 independent display outputs)'], 'Audio': ['Realtek® ALC269'], 'Expansion-Slots': ['1 x 2280 M.2 M-Key (PCIe Gen4x4, SATA 6Gb/s)', '1 x 2230 M.2 E-Key', '1 x 3052/3042 M.2 B-Key with SIM slot (Support 5G only USB interface)'], 'Front I/O': ['1 x USB type C (USB 3.2 Gen 2x1, DP Alt Mode & PD Out -30W)(-100W requests to use 24V/250W adapter)', '1 x USB type C (USB 3.2 Gen 2x1, PD input-100W)', '4 x USB 3.2 Gen 2x1', '2 x HDMI', '2 x DP', '2 x RJ45 LAN Ports', '1 x HDD LED', '1 x Power button with LED'], 'Rear l/O': ['1 x COM Port (RS-232 & RI/5V/12V)', '2 x USB 2.0', '1 x Combo Audio Jack (Headphone & Headset)', '1 x Screw type DC Jack', '2 x External Antenna Holes (Optional)'], 'TPM': ['Onboard TPM 2.0 security chip', 'INFINEON SLB9672VU2.0'], 'Power': ['+12V~24VDC (Adapter 19.5V/135W)'], 'Operation Temperature': ['Operating temperature: 0°C to 50°C', 'Operating humidity: 40°C @ 20-95% (non-condensing)', 'Non-operating temperature: -40°C to 85°C', 'Non-operating humidity: 60°C @ 95% (non-condensing)', 'Use wide temperature range memory and storage'], 'Vibration During Operation': ['Operation: IEC 60068-2-64, 3 Grms, random, 5 ~ 500 Hz, 1 hr / Per Axis, With SSD/M.2 2280', 'Non-operation: IEC 60068-2-6, 2 G, Sine, 10 ~ 500 Hz, 1 Oct/min, 1 hr / Per Axis'], 'Shock During Operation': ['Operation: IEC 60068-2-27, 50 G, half sine, 11 ms duration, With SSD'], 'Packing Content': ['Carton size: 505 x 333 x 231 (mm)', 'Packing Capacity: 5pcs', 'Single Box size: 313 x 191 x 95 (mm)', 'Including:', 'Bracket for Wall Mount x 2 (P/N: 25HB2-CGAA20-CHR)', 'Thermal pad for Memory x 1 (P/N: 25ST3-200086-T5R)', 'PSU ADP 19.5V 135W 100-240VAC x 1 (P/N: 25EP2-2135W0-F3S)', 'Power Cord : Optional (by region)'], 'Mounting': ['Wall mount (Default)', 'VESA 75/100 (Optional)'], 'Order Information': ['6BQL1315AMR-SI (Box packing)']}","{'Industrial system with Intel® Core™ i3-1315U Processor/ Dual Channel DDR5 up to 96GB/ 2 x HDMI/ 2 x DP/ 1 x DP 1.4 through USB type C (8k)', '1 x DP 1.4 through USB type C (8k)', 'Dual Channel DDR5, 2 x SO-DIMMs', '2 x Display Ports', 'System Size: 178W x 125D x 42.7H (mm)', '2 x 2.5GbE LAN Ports', '2 x HDMI', 'Intel® Core™ i3-1315U Processor'}",https://www.gigaipc.com/upload/catalog_list_pic/QL-1315A_1335A-3D-Right-Rear-IO-340x353px__26F11MfWuS.webp
QBiX-Lite-AMDA2314H-A1,Embedded Systems,https://www.gigaipc.com/en/products-detail/QBiX-Lite-AMDA2314H-A1/,"{'Dimension': ['234W x 155D x 30H (mm)'], 'CPU': ['AMD Ryzen™ R2314 Embedded Processor', '14nm, 4 cores, 4 threads, 2.1 GHz, up to 3.5 GHz'], 'Memory': ['2 x DDR4 SO-DIMM sockets, Max. Capacity 64 GB', 'Support Dual Channel DDR4 2677 MHz memory modules'], 'Ethernet': ['2 x GbE LAN Ports (Realtek RTL8111H-CG)'], 'Graphics Support': ['Integrated Graphics Processor - AMD® Radeon™ Graphics:', '4 x HDMI 2.0 ports, supporting a maximum resolution of 4096x2160 @60Hz', '*Support EDID emulation with AMD graphic driver/utility', '(4 independent display outputs)'], 'Audio': ['Realtek® ALC269'], 'Storage': ['1 x 2.5"" HDD/SSD (SATA 6Gb/s)'], 'Expansion-Slots': ['1 x 2280 M.2 M-Key (PCIe Gen3x4, SATA 6Gb/s)', '1 x 2230 M.2 E-Key', '1 x Full-size mini PCIe with SIM slot'], 'Front I/O': ['2 x RJ45 LAN Ports', '2 x USB 3.2 Gen 2x1', '2 x USB 2.0', '4 x HDMI', '1 x Power button with LED', '1 x HDD LED', '1 x Screw Type DC Jack'], 'Rear l/O': ['1 x COM Port (RS-232/422/485 & RI/5V/12V)', '2 x USB 2.0', '1 x Headphone Jack', '2 x External Antenna Holes (Optional)'], 'TPM': ['Onboard TPM 2.0 security chip', 'INFINEON SLB9665TT2.0'], 'Power': ['+9V~36VDC (Adapter 19V/65W)'], 'Operation Temperature': ['Operating temperature: 0°C to 50°C', 'Operating humidity: 40°C @ 20-95% (non-condensing)', 'Non-operating temperature: -40°C to 85°C', 'Non-operating humidity: 60°C @ 95% (non-condensing)', 'Use wide temperature range memory and storage'], 'Vibration During Operation': ['Operation: IEC 60068-2-64, 1 Grms, random, 5 ~ 500 Hz, 1 hr / Per Axis, With SSD/M.2 2280', 'Non-operation: IEC 60068-2-6, 2 G, Sine, 10 ~ 500 Hz, 1 Oct/min, 1 hr / Per Axis'], 'Shock During Operation': ['Operation: IEC 60068-2-27, 50 G, half sine, 11 ms duration, With SSD'], 'Packing Content': ['Carton size: 481 x 300 x 375 (mm)', 'Packing Capacity: 5pcs', 'Single Box size: 336 x 279 x 90 (mm)', 'Including:', 'Bracket for Wall Mount x 2 (P/N: 25HBA-160520-S9R) + Screw x 4 (P/N: 25KS9-130600-S0R)', 'HDD screw x 4 (P/N: 25KS2-13004G-S0R)', 'Thermal pad for M.2 WiFi module x 1 (P/N: 25ST3-223220-Z0R)', 'Thermal pad for Memory x 1 (P/N: 25ST3-200086-T5R)', 'PSU ADP 19V 65W 100-240VAC x 1 (P/N: 25EP0-1065W1-A3S)', 'Power Cord : Optional (by region)', 'SATA Cable x 1 (P/N: 25CF4-160000-S9R)'], 'Mounting': ['Wall mount (Default)', 'VESA 75/100 (Optional)'], 'Order Information': ['6BQL2314AMR-SI (Box packing)']}","{'4 x HDMI, Support EDID emulation', 'Onboard TPM v2.0', 'Dual Channel DDR4, 2 x SO-DIMMs', '2 x GbE LAN Ports', 'Operating temperature: 0°C to 50°C', 'Industrial system with AMD Ryzen™ R2314 Embedded Processor/ Fan Design/ Dual Channel DDR4 up to 64GB/ 4 x HDMI', 'AMD Ryzen™ R2314 Embedded Processor', 'System Size: 234W x 155D x 30H (mm)'}",https://www.gigaipc.com/upload/catalog_list_pic/QBiX-Lite-AMD2314H-A1-3D-Right-FrontIO-340x353px__25I03QkmCb.webp
QBiX-Lite-RPLA1360PH-A1,Embedded Systems,https://www.gigaipc.com/en/products-detail/QBiX-Lite-RPLA1360PH-A1/,"{'Dimension': ['234W x 155D x 30H (mm)'], 'CPU': ['Intel® Core™ i7-1360P Processor', 'Intel® 7, 12 cores, 4P+8E, 16 threads, up to 5.0 GHz'], 'Memory': ['2 x DDR5 SO-DIMM sockets, Max. Capacity 64 GB', 'Support Dual Channel DDR5 5200 MHz memory modules'], 'Ethernet': ['2 x 2.5GbE LAN Ports (Intel® I226V)'], 'Graphics Support': ['Integrated Graphics Processor - Intel Iris Xᵄ Graphics :', '2 x HDMI 2.1 ports, supporting a maximum resolution of 4096x2160 @60Hz', '2 x DP 1.4 ports, supporting a maximum resolution of 7680x4320 @30Hz', '1 x DP 1.4 through USB type C (8k), supporting a maximum resolution of 7680x4320 @30Hz', '(4 independent display outputs)'], 'Audio': ['Realtek® ALC269'], 'Storage': ['1 x 2.5"" HDD/SSD (SATA 6Gb/s)'], 'Expansion-Slots': ['1 x 2280 M.2 M-Key (PCIe x4, SATA 6Gb/s)', '1 x 2230 M.2 E-Key', '1 x 3052/3042 M.2 B-Key with SIM slot (Support 5G)'], 'Front I/O': ['1 x USB type C (USB 3.2 Gen 2x1, DP Alt Mode & PD Out -30W)(-100W requests to use 250W adapter)', '1 x USB type C (USB 3.2 Gen 2x1, PD input-130W)', '4 x USB 3.2 Gen 2x1', '2 x HDMI', '2 x DP', '2 x RJ45 LAN Ports', '2 x USB 2.0', '1 x HDD LED', '1 x Power button with LED', '2 x External Antenna Holes (Optional)'], 'Rear l/O': ['1 x COM Port (RS-232 & RI/5V/12V))', '2 x USB 2.0', '1 x Headphone Jack', '1 x Screw type DC Jack', '2 x External Antenna Holes (Optional)'], 'Side I/O': ['1 x External Antenna Hole (on each side)'], 'TPM': ['Onboard TPM 2.0 security chip', 'INFINEON SLB9670VQ2.0'], 'Power': ['+12V~24VDC (Adapter 19.5V/135W)'], 'Operation Temperature': ['Operating temperature: 0°C to 50°C', 'Operating humidity: 0-90% (non-condensing)', 'Non-operating temperature: -40°C to 85°C', 'Non-operating humidity: 0%-95% (non-condensing)', 'Use wide temperature range memory and storage'], 'Vibration During Operation': ['Operation: IEC 60068-2-64, 1 Grms, random, 5 ~ 500 Hz, 1 hr / Per Axis, With SSD/M.2 2280', 'Non-operation: IEC 60068-2-6, 2 G, Sine, 10 ~ 500 Hz, 1 Oct/min, 1 hr / Per Axis'], 'Shock During Operation': ['Operation: IEC 60068-2-27, 50 G, half sine, 11 ms duration, With SSD'], 'Packing Content': ['Carton size: 481 x 300 x 375 (mm)', 'Packing Capacity: 5pcs', 'Single Box size: 336 x 279 x 90 (mm)', 'Including:', 'Bracket for Wall Mount x 2 : 25HB1-SD4000-R0R', 'Screws for Wall Mount x 4 : 25KS9-130600-S0R', 'PSU ADP 19.5V 135W 100-240VAC x 1 : 25EP4-201352-C1S', 'Power Cord : Optional (by region)', 'Thermal Pad for Memory x 1 : 25ST3-200086-T5R', 'SATA Cable x 1 : 25CRI-180002-S9R', 'Screws for 2.5” HDD x 8 : 25KS2-13004G-S0R'], 'Mounting': ['Wall mount (Default)', 'VESA 75/100 (Optional)'], 'Order Information': ['6BQL1360AMR-SI (Box packing)']}","{'Dual Channel DDR5, 2 x SO-DIMMs', 'Intel® Core™ i7-1360P Processor', '2 x Display Ports', '2 x USB Type-C Ports', '2 x 2.5GbE LAN Ports', '2 x HDMI', 'Industrial system with Intel® Core™ i7-1360P Processor/ Fan Design/ Dual Channel DDR5 up to 64GB/ 2 x HDMI/ 2 x DP', 'System Size: 234W x 155D x 30H (mm)'}",https://www.gigaipc.com/upload/catalog_list_pic/QBiX-Lite-TGLA1135G7-A10-3D-Right_Rear_IO-01-510x530px__24G05vLmzl.webp
QBiX-Lite-RPLA1340PH-A1,Embedded Systems,https://www.gigaipc.com/en/products-detail/QBiX-Lite-RPLA1340PH-A1/,"{'Dimension': ['234W x 155D x 30H (mm)'], 'CPU': ['Intel® Core™ i5-1340P Processor', 'Intel® 7, 12 cores, 4P+8E, 16 threads, up to 4.6 GHz'], 'Memory': ['2 x DDR5 SO-DIMM sockets, Max. Capacity 64 GB', 'Support Dual Channel DDR5 5200 MHz memory modules'], 'Ethernet': ['2 x 2.5GbE LAN Ports (Intel® I226V)'], 'Graphics Support': ['Integrated Graphics Processor - Intel® Iris® Xe Graphics:', '2 x HDMI 2.1 ports, supporting a maximum resolution of 4096x2160 @60Hz', '2 x DP 1.4 ports, supporting a maximum resolution of 7680x4320 @30Hz', '1 x DP 1.4 through USB type C (8k), supporting a maximum resolution of 7680x4320 @30Hz', '(4 independent display outputs)'], 'Audio': ['Realtek® ALC269'], 'Storage': ['1 x 2.5"" HDD/SSD (SATA 6Gb/s)'], 'Expansion-Slots': ['1 x 2280 M.2 M-Key (PCIe x4, SATA 6Gb/s)', '1 x 2230 M.2 E-Key', '1 x 3052/3042 M.2 B-Key with SIM slot (Support 5G)'], 'Front I/O': ['1 x USB type C (USB 3.2 Gen 2x1, DP Alt Mode & PD Out -30W)(-100W requests to use 250W adapter)', '1 x USB type C (USB 3.2 Gen 2x1, PD input-130W)', '4 x USB 3.2 Gen 2x1', '2 x HDMI', '2 x DP', '2 x RJ45 LAN Ports', '2 x USB 2.0', '1 x HDD LED', '1 x Power button with LED', '2 x External Antenna Holes (Optional)'], 'Rear l/O': ['1 x COM Port (RS-232 & RI/5V/12V)', '2 x USB 2.0', '1 x Headphone Jack', '1 x Screw type DC Jack', '2 x External Antenna Holes (Optional)'], 'Side I/O': ['1 x External Antenna Hole (on each side)'], 'TPM': ['Onboard TPM 2.0 security chip', 'INFINEON SLB9670VQ2.0'], 'Power': ['+12V~24VDC (Adapter 19.5V/135W)'], 'Operation Temperature': ['Operating temperature: 0°C to 50°C', 'Operating humidity: 0-90% (non-condensing)', 'Non-operating temperature: -40°C to 85°C', 'Non-operating humidity: 0%-95% (non-condensing)', 'Use wide temperature range memory and storage'], 'Vibration During Operation': ['Operation: IEC 60068-2-64, 1 Grms, random, 5 ~ 500 Hz, 1 hr / Per Axis, With SSD/M.2 2280', 'Non-operation: IEC 60068-2-6, 2 G, Sine, 10 ~ 500 Hz, 1 Oct/min, 1 hr / Per Axis'], 'Shock During Operation': ['Operation: IEC 60068-2-27, 50 G, half sine, 11 ms duration, With SSD'], 'Packing Content': ['Carton size: 481 x 300 x 375 (mm)', 'Packing Capacity: 5pcs', 'Single Box size: 336 x 279 x 90 (mm)', 'Including:', 'Bracket for Wall Mount x 2 : 25HB1-SD4000-R0R', 'Screws for Wall Mount x 4 : 25KS9-130600-S0R', 'PSU ADP 19.5V 135W 100-240VAC x 1 : 25EP4-201352-C1S', 'Power Cord : Optional (by region)', 'Thermal Pad for Memory x 1 : 25ST3-200086-T5R', 'SATA Cable x 1 : 25CRI-180002-S9R', 'Screws for 2.5” HDD x 8 : 25KS2-13004G-S0R'], 'Mounting': ['Wall mount (Default)', 'VESA 75/100 (Optional)'], 'Order Information': ['6BQL1340AMR-SI (Box packing)']}","{'Dual Channel DDR5, 2 x SO-DIMMs', 'Intel® Core™ i5-1340P Processor', '2 x Display Ports', '2 x USB Type-C Ports', '2 x 2.5GbE LAN Ports', '2 x HDMI', 'Industrial system with Intel® Core™ i5-1340P Processor/ Fan Design/ Dual Channel DDR5 up to 64GB/ 2 x HDMI/ 2 x DP', 'System Size: 234W x 155D x 30H (mm)'}",https://www.gigaipc.com/upload/catalog_list_pic/QBiX-Lite-TGLA1135G7-A10-3D-Right_Rear_IO-01-510x530px__24H13yPJPj.webp
QBiX-Lite-TGLA1145G7E-A1,Embedded Systems,https://www.gigaipc.com/en/products-detail/QBiX-Lite-TGLA1145G7E-A1/,"{'Dimension': ['234W x 155D x 30H (mm)'], 'CPU': ['Intel® Core™ i5-1145G7E Processor', '10nm SuperFin, 4 cores, 8 threads, up to 4.1 GHz'], 'Chipset': ['SoC'], 'Memory': ['2 x DDR4 SO-DIMM sockets, Max. Capacity 64 GB', 'Support Dual channel DDR4 3200 MHz memory modules'], 'Ethernet': ['2 x GbE LAN Ports (Intel® I219LM and Intel® I211AT)'], 'Graphics Support': ['Integrated Graphics Processor - Intel® Iris® Xᵉ Graphics:', '2 x HDMI 2.0 ports, supporting a maximum resolution of 4096x2160 @60Hz', '2 x DP 1.4 ports, supporting a maximum resolution of 7680x4320 @30Hz', '1 x DP 1.4 through USB type C (8k), supporting a maximum resolution of 7680x4320 @30Hz', '(4 independent display outputs)'], 'Audio': ['Realtek® Audio Codec'], 'Storage': ['1 x 2.5"" HDD/SSD (SATA 6Gb/s)'], 'Expansion-Slots': ['1 x 2280 M.2 M-Key (PCIe x2, SATA 6Gb/s)', '1 x 2230 M.2 E-Key', '1 x 3052 M.2 B-Key with SIM slot (Support 5G)'], 'Front I/O': ['1 x USB type C (USB 3.2 Gen 2x1, DP Alt Mode & PD Out -30W)(-100W requests to use 250W adapter)', '1 x USB type C (USB 3.2 Gen 2x1, PD input-100W)', '4 x USB 3.2 Gen 2x1', '2 x HDMI', '2 x DP', '2 x RJ45 LAN Ports', '2 x USB 2.0', '1 x HDD LED', '1 x Power button with LED', '2 x External Antenna Holes (Optional)'], 'Rear l/O': ['1 x COM Port (RS-232)', '2 x USB 2.0', '1 x Headphone Jack', '1 x Screw type DC Jack', '2 x External Antenna Holes (Optional)'], 'Side I/O': ['1 x External Antenna Hole (on each side)'], 'Power': ['+12V~24VDC (Adapter 19.5V/135W)'], 'Operation Temperature': ['Operating temperature: 0°C to 50°C', 'Operating humidity: 0-90% (non-condensing)', 'Non-operating temperature: -40°C to 85°C', 'Non-operating humidity: 0%-95% (non-condensing)', 'Use wide temperature range memory and storage'], 'Vibration During Operation': ['Operation: IEC 60068-2-64, 1 Grms, random, 5 ~ 500 Hz, 1 hr / Per Axis, With SSD/M.2 2280', 'Non-operation: IEC 60068-2-6, 2 G, Sine, 10 ~ 500 Hz, 1 Oct/min, 1 hr / Per Axis'], 'Shock During Operation': ['Operation: IEC 60068-2-27, 50 G, half sine, 11 ms duration, With SSD'], 'Packing Content': ['Carton size: 481 x 300 x 375 (mm)', 'Packing Capacity: 5pcs', 'Single Box size: 336 x 279 x 90 (mm)', 'Single Box weight: Approx. 2.2kg', 'Including:', 'Bracket for Wall Mount x 2 : 25HB1-SD4000-R0R', 'Screws for Wall Mount x 4 : 25KS9-130600-S0R', 'PSU ADP 19.5V 135W 100-240VAC x 1 : 25EP4-201352-C1S', 'Power Cord : Optional (by region)', 'Thermal Pad for Memory x 1 : 25ST3-200086-T5R', 'SATA Cable x 1 : 25CRI-180002-S9R', 'Screws for 2.5"" HDD x 8 : 25KS2-13004G-S0R'], 'Mounting': ['Wall mount (Default)', 'VESA 75/100 (Optional)'], 'Order Information': ['6BQL1145AMR-SI (Box packing)']}","{'2 x Display Ports', '2 x USB Type-C Ports', 'Dual Channel DDR4, 2 x SO-DIMMs', '2 x GbE LAN Ports', '2 x HDMI', 'Industrial system with Intel® Core™ i5-1145G7E Processor/ Fan Design/ Dual Channel DDR4 up to 64GB/ 2 x HDMI/ 2 x DP', 'Intel® Core™ i5-1145G7E Processor', 'System Size: 234W x 155D x 30H (mm)'}",https://www.gigaipc.com/upload/catalog_list_pic/QBiX-Lite-TGLA1135G7-A10-3D-Right_Rear_IO-01-510x530px__24B06x8me1.png
QBiX-Lite-TGLA1135G7-A1,Embedded Systems,https://www.gigaipc.com/en/products-detail/QBiX-Lite-TGLA1135G7-A1/,"{'Dimension': ['234W x 155D x 30H (mm)'], 'CPU': ['Intel® Core™ i5-1135G7 Processor', '10nm SuperFin, 4 cores, 8 threads, up to 4.2 GHz'], 'Chipset': ['SoC'], 'Memory': ['2 x DDR4 SO-DIMM sockets, Max. Capacity 64 GB', 'Support Dual channel DDR4 3200 MHz memory modules'], 'Ethernet': ['2 x GbE LAN Ports (Intel® I219V and Intel® I211AT)'], 'Graphics Support': ['Integrated Graphics Processor - Intel® Iris® Xᵉ Graphics:', '2 x HDMI 2.0 ports, supporting a maximum resolution of 4096x2160 @60Hz', '2 x DP 1.4 ports, supporting a maximum resolution of 7680x4320 @30Hz', '1 x DP 1.4 through USB type C (8k), supporting a maximum resolution of 7680x4320 @30Hz', '(4 independent display outputs)'], 'Audio': ['Realtek® Audio Codec'], 'Storage': ['1 x 2.5"" HDD/SSD (SATA 6Gb/s)'], 'Expansion-Slots': ['1 x 2280 M.2 M-Key (PCIe x2, SATA 6Gb/s)', '1 x 2230 M.2 E-Key', '1 x 3052 M.2 B-Key with SIM slot (Support 5G)'], 'Front I/O': ['1 x USB type C (USB 3.2 Gen 2x1, DP Alt Mode & PD Out -30W)(-100W requests to use 250W adapter)', '1 x USB type C (USB 3.2 Gen 2x1, PD input-100W)', '4 x USB 3.2 Gen 2x1', '2 x HDMI', '2 x DP', '2 x RJ45 LAN Ports', '2 x USB 2.0', '1 x HDD LED', '1 x Power button with LED', '2 x External Antenna Holes (Optional)'], 'Rear l/O': ['1 x COM Port (RS-232)', '2 x USB 2.0', '1 x Headphone Jack', '1 x Screw type DC Jack', '2 x External Antenna Holes (Optional)'], 'Side I/O': ['1 x External Antenna Hole (on each side)'], 'Power': ['+12V~24VDC (Adapter 19.5V/135W)'], 'Operation Temperature': ['Operating temperature: 0°C to 50°C', 'Operating humidity: 0-90% (non-condensing)', 'Non-operating temperature: -40°C to 85°C', 'Non-operating humidity: 0%-95% (non-condensing)', 'Use wide temperature range memory and storage'], 'Vibration During Operation': ['Operation: IEC 60068-2-64, 1 Grms, random, 5 ~ 500 Hz, 1 hr / Per Axis, With SSD/M.2 2280', 'Non-operation: IEC 60068-2-6, 2 G, Sine, 10 ~ 500 Hz, 1 Oct/min, 1 hr / Per Axis'], 'Shock During Operation': ['Operation: IEC 60068-2-27, 50 G, half sine, 11 ms duration, With SSD'], 'Packing Content': ['Carton size: 481 x 300 x 375 (mm)', 'Packing Capacity: 5pcs', 'Single Box size: 336 x 279 x 90 (mm)', 'Single Box weight: Approx. 2.2kg', 'Including:', 'Bracket for Wall Mount x 2 : 25HB1-SD4000-R0R', 'Screws for Wall Mount x 4 : 25KS9-130600-S0R', 'PSU ADP 19.5V 135W 100-240VAC x 1 : 25EP4-201352-C1S', 'Power Cord : Optional (by region)', 'Thermal Pad for Memory x 1 : 25ST3-200086-T5R', 'SATA Cable x 1 : 25CRI-180002-S9R', 'Screws for 2.5"" HDD x 8 : 25KS2-13004G-S0R'], 'Mounting': ['Wall mount (Default)', 'VESA 75/100 (Optional)'], 'Order Information': ['6BQL1135AMR-SI (Box packing)']}","{'2 x Display Ports', 'Intel® Core™ i5-1135G7 Processor', '2 x USB Type-C Ports', 'Dual Channel DDR4, 2 x SO-DIMMs', 'Industrial system with Intel® Core™ i5-1135G7 Processor/ Fan Design/ Dual Channel DDR4 up to 64GB/ 2 x HDMI/ 2 x DP', '2 x GbE LAN Ports', '2 x HDMI', 'System Size: 234W x 155D x 30H (mm)'}",https://www.gigaipc.com/upload/catalog_list_pic/QBiX-Lite-TGLA1135G7-A10-3D-Right_Rear_IO-01-510x530px__24B06iOkw8.png
QBiX-Lite SDM Kits,Embedded Systems,https://www.gigaipc.com/en/products-detail/QBiX-Lite-SDM-Kits/,"{'Dimension': ['195W x 158D x 30H(mm)'], 'CPU': ['Support SDM module as follows:', 'SDM-1345EAL', 'SDM-1335AL', 'SDM-1315AL', 'SDM-1185G7EL', 'SDM-1165G7L', 'SDM-1135G7L', 'SDM-1115G4L'], 'Memory': ['Depends on SDM module:', 'SDM-1345EAL (2 x DDR5 SO-DIMM sockets, Dual Channel 5200 MHz memory Module, Max. Capacity 64 GB)', 'SDM-1335AL (2 x DDR5 SO-DIMM sockets, Dual Channel 5200 MHz memory Module, Max. Capacity 64 GB)', 'SDM-1315AL (2 x DDR5 SO-DIMM sockets, Dual Channel 5200 MHz memory Module, Max. Capacity 64 GB)', 'SDM-1185G7EL (16GB LPDDR4x-4267 MT/s (Soldered)', 'SDM-1165G7L (2 x DDR4 SO-DIMM sockets, Dual Channel 3200 MHz memory Module, Max. Capacity 64 GB)', 'SDM-1135G7L (2 x DDR4 SO-DIMM sockets, Dual Channel 3200 MHz memory Module, Max. Capacity 64 GB)', 'SDM-1115G4L (2 x DDR4 SO-DIMM sockets, Dual Channel 3200 MHz memory Module, Max. Capacity 64 GB)'], 'Ethernet': ['Depends on SDM module:', 'SDM-1345EAL (1 x 2.5GbE LAN Port)', 'SDM-1335AL (1 x 2.5GbE LAN Port)', 'SDM-1315AL (1 x 2.5GbE LAN Port)', 'SDM-1185G7EL (1 x 2.5GbE LAN Port)', 'SDM-1165G7L (1 x GbE LAN Port)', 'SDM-1135G7L (1 x GbE LAN Port)', 'SDM-1115G4L (1 x GbE LAN Port)'], 'Graphics Support': ['Depends on SDM module:', 'SDM-1345EAL (2 x HDMI 2.1, 1 x HDMI 2.0, 1 x Display Port, 1 x DP 1.4 through USB type C (8k)', 'SDM-1335AL (2 x HDMI 2.1, 1 x HDMI 2.0, 1 x Display Port, 1 x DP 1.4 through USB type C (8k)', 'SDM-1315AL (2 x HDMI 2.1, 1 x HDMI 2.0, 1 x Display Port, 1 x DP 1.4 through USB type C (8k)', 'SDM-1185G7EL (2 x HDMI 2.1, 2 x HDMI 2.0, 1 x DP 1.4 through USB type C (8k)', 'SDM-1165G7L (3 x HDMI 2.0, 1 x Display Port)', 'SDM-1135G7L (3 x HDMI 2.0, 1 x Display Port)', 'SDM-1115G4L (3 x HDMI 2.0, 1 x Display Port)', '(4 independent display outputs)'], 'Audio': ['Intel® Integrated Audio'], 'Storage': ['Depends on SDM module:', 'SDM-1345EAL (--)', 'SDM-1335AL (--)', 'SDM-1315AL (--)', 'SDM-1185G7EL (1 x 128GB M.2 2280 SSD)', 'SDM-1165G7L (--)', 'SDM-1135G7L (--)', 'SDM-1115G4L (--)'], 'Expansion-Slots': ['Depends on SDM module:', 'SDM-1345EAL (1 x 2280 M.2 M-Key (PCIe Gen4x4), 1 x 2230 M.2 E-key (WiFi/BT)', 'SDM-1335AL (1 x 2280 M.2 M-Key (PCIe Gen4x4), 1 x 2230 M.2 E-key (WiFi/BT)', 'SDM-1315AL (1 x 2280 M.2 M-Key (PCIe Gen4x4), 1 x 2230 M.2 E-key (WiFi/BT)', 'SDM-1185G7EL (1 x 2230 M.2 E-Key (WiFi/BT), 1 x 3052 M.2 B-key (Support 5G)', 'SDM-1165G7L (1 x 2280 M.2 M-Key (PCIe Gen3x4, SATA6Gb/s), 1 x 2230 M.2 E-key (WiFi/BT)', 'SDM-1135G7L (1 x 2280 M.2 M-Key (PCIe Gen3x4, SATA6Gb/s), 1 x 2230 M.2 E-key (WiFi/BT)', 'SDM-1115G4L (1 x 2280 M.2 M-Key (PCIe Gen3x4, SATA6Gb/s), 1 x 2230 M.2 E-key (WiFi/BT)'], 'Front I/O': ['Depends on SDM module'], 'Rear l/O': ['1 x USB 3.2 Gen 1', '1 x Display Port (Co-lay with front Display Port)', '1 x HDMI (2 x HDMI for SDM-1185G7EL)', '1 x UART', '1 x DC-Jack', '1 x 2x2 Power connector'], 'Power': ['+12V/+19V/+24VDC', '(Adapter 19V/90W for SDM-1135G7L, SDM-1115G4L)', '(Adapter 12V/120W for 1185G7EL)'], 'Operation Temperature': ['Operating temperature: 0°C to 50°C', 'Operating humidity: 0-90% (non-condensing)', 'Non-operating temperature: -20°C to 70°C', 'Non-operating humidity: 0%-95% (non-condensing)', 'Use wide temperature range memory and storage'], 'Vibration During Operation': ['Operation: IEC 60068-2-64, 1 Grms, random, 5 ~ 500 Hz, 1 hr / Per Axis, With SSD/M.2 2242', 'Non-operation: IEC 60068-2-6, 2 G, Sine, 10 ~ 500 Hz, 1 Oct/min, 1 hr / Per Axis'], 'Shock During Operation': ['Operation: IEC 60068-2-27, 50 G, half sine, 11 ms duration, With SSD'], 'Packing Content': ['Carton size: 469 x 382 x 381 (mm)', 'Packing Capacity: 10pcs', 'Single Box size: 345 x 221 x 70 (mm)', 'Including:', 'Bracket for Wall Mount x 2 : 25HB1-SD4000-R0R', 'PSU ADP 19V 90W 100-240VAC x 1 : 25EP4-10090D-F3S (for SDM-1135G7L, SDM-1115G4L)', 'Power Cord : Optional (by region)'], 'Order Information': ['6BSD4000AMR-SI']}","{'System Size : 195W x 158D x 30H (mm)', 'Media Display System with Intel® Smart Display Module (Intel® SDM) Support', 'SDM Chassis Kit (Support SDM module)'}",https://www.gigaipc.com/upload/catalog_list_pic/QBiX-Lite-SDM-Kits-Wallmount-3D-Right-Rear-01_510x530px__24B06wW3qL.png
QBiX-Lite-AMDA1605H-A1,Embedded Systems,https://www.gigaipc.com/en/products-detail/QBiX-Lite-AMDA1605H-A1/,"{'Dimension': ['234W x 155D x 30H (mm)'], 'CPU': ['AMD Ryzen™ V1605B Embedded Processor', '14nm, 4 cores, 8 threads, up to 3.6 GHz', 'TDP 25W', '2MB of shared L2 plus 4MB of shared L3 total'], 'Chipset': ['SoC'], 'Memory': ['2 x DDR4 SO-DIMM sockets, Max. Capacity 32 GB', 'Support Dual channel DDR4 2400 MHz memory modules'], 'Ethernet': ['2 x GbE LAN Ports (Realtek® RTL8111HS)'], 'Graphics Support': ['Integrated Graphics Processor - AMD Radeon™ Vega 8 Graphics:', '4 x HDMI 2.0 ports, supporting a maximum resolution of 4096x2160 @60Hz', '*Support EDID emulation with AMD graphic driver/utility', '(4 independent display outputs)'], 'Audio': ['Realtek® Audio Codec'], 'Storage': ['1 x 2.5"" HDD/SSD (SATA 6Gb/s)'], 'Expansion-Slots': ['1 x 2280 M.2 M-Key (PCIe x4, SATA 6Gb/s)', '1 x 2230 M.2 E-Key (WiFi/BT)', '1 x Full-size Mini PCIe with SIM slot (PCIe x1 + USB2.0) -- support 3G module'], 'Front I/O': ['2 x RJ45 LAN Ports', '2 x USB 3.2 Gen 1', '2 x USB 2.0', '4 x HDMI', '1 x Power button with LED', '1 x HDD LED', '1 x Screw type DC Jack'], 'Rear l/O': ['1 x COM Port (RS-232/422/485 & RI/5V/12V)', '2 x USB 2.0', '1 x Line out phone jack', '2 x External Antenna Holes (Optional)'], 'TPM': ['Onboard TPM 2.0 security chip', 'INFINEON SLB9665TT2.0'], 'Power': ['+9V~36VDC (Adapter 19V/65W)'], 'Operation Temperature': ['Operating temperature: 0°C to 50°C', 'Operating humidity: 0-90% (non-condensing)', 'Non-operating temperature: -20°C to 70°C', 'Non-operating humidity: 0%-95% (non-condensing)', 'Use wide temperature range memory and storage'], 'Vibration During Operation': ['Operation: IEC 60068-2-64, 1 Grms, random, 5 ~ 500 Hz, 1 hr / Per Axis, With SSD/M.2 2242', 'Non-operation: IEC 60068-2-6, 2 G, Sine, 10 ~ 500 Hz, 1 Oct/min, 1 hr / Per Axis'], 'Shock During Operation': ['Operation: IEC 60068-2-27, 50 G, half sine, 11 ms duration, With SSD'], 'Packing Content': ['Carton size: 481 x 300 x 375 (mm)', 'Packing Capacity: 5pcs', 'Single Box size: 336 x 279 x 90 (mm)', 'Including:', 'Bracket for Wall Mount x 2 : 25HB1-SD4000-R0R', 'PSU ADP 19V 65W 100-240VAC x 1 : 25EP0-1065W1-A3S', 'Power Cord : Optional (by region)'], 'Mounting': ['Wall mount (Default)', 'VESA 75/100 (Optional)'], 'Order Information': ['6BQL1605AMR-SI (Box packing)']}","{'Industrial system with AMD® RYZEN™ Embedded V1605B/ Fan Design/ Dual Channel DDR4 up to 32GB/ 4 x HDMI', 'Dual Channel DDR4, 2 x SO-DIMMs', '2 x GbE LAN Ports', 'System Size: 234W x 155D x 30H (mm)', '4 x HDMI 2.0 for multiple displays', 'AMD RYZEN™ V1605B Embedded Processor'}",https://www.gigaipc.com/upload/catalog_list_pic/QBiX-Lite-AMDA1605H-A1-Wallmount-3D-Right-Front-01_510x530px__24B06Sr4H8.png
QBiX-JMB-ADLA67EH-B1,Embedded Systems,https://www.gigaipc.com/en/products-detail/QBiX-JMB-ADLA67EH-B1/,"{'Dimension': ['224W x 256.3D x 77.7H(mm)'], 'CPU': ['Support for 14th/13th/12th Generation', 'Intel® Core™ i9/i7/i5/i3, Pentium® and Celeron® processors in the LGA1700 package', 'TDP under 65W'], 'Chipset': ['Intel® Q670E Express Chipset'], 'Memory': ['2 x DDR4 SO-DIMM sockets, Max. Capacity 64 GB', 'Support Dual channel DDR4 3200 MHz memory modules'], 'Ethernet': ['1 x 2.5GbE LAN Port (Intel® I226V)', '1 x GbE LAN Port (Intel® I219LM, Vpro support)', '2 x GbE LAN Ports (Intel® I211AT)'], 'Graphics Support': ['Integrated Graphics Processor - depends on CPU:', '1 x DP port, supporting a maximum resolution of 4096x2160 @60Hz', '1 x DVI-D port, supporting a maximum resolution of 1920x1080 @60Hz', '1 x VGA port, supporting a maximum resolution of 1920x1080 @60Hz', '(3 independent display outputs)'], 'Audio': ['Realtek® ALC897'], 'Storage': ['4 x 2.5"" HDD/SSD (SATA 6Gb/s) -- support RAID 0/1/5/10'], 'Expansion-Slots': ['1 x 2280 M.2 M-Key (PCIe Gen4x4)', '1 x 2230 M.2 E-Key (WiFi/BT)', '1 x Full-size Mini PCIe with SIM slot'], 'Front I/O': ['1 x Power Switch/Power/HDD LED', '3 x Audio Jacks (Line in, Line out, Mic in)', '1 x Display port', '1 x DVI-D', '1 x VGA', '2 x COM Ports (RS-232/422/485 & RI/5V/12V)', '2 x COM Ports (RS-232)', '4 x RJ45 LAN Ports', '2 x USB 3.2 Gen 2x1', '2 x USB 3.2 Gen 1', '6 x USB 2.0', '1 x 4-pin Terminal Block', '1 x Remote control terminal block header', '2 x External Antenna Holes (Optional)'], 'Power': ['+12V~48VDC (Full Range)'], 'Operation Temperature': ['Operating temperature: -20°C to 50°C (CPU 65W TDP)', 'Operating temperature: -20°C to 60°C (CPU 35W TDP)', 'Operating humidity: 0-90% (non-condensing)', 'Non-operating temperature: -40°C to 85°C', 'Non-operating humidity: 0%-95% (non-condensing)', 'Use wide temperature range memory and storage'], 'Vibration During Operation': ['Operation: IEC 60068-2-64, 3 Grms, random, 5 ~ 500 Hz, 1 hr / Per Axis, With SSD/M.2 2280', 'Non-operation: IEC 60068-2-6, 2 G, Sine, 10 ~ 500 Hz, 1 Oct/min, 1 hr / Per Axis'], 'Shock During Operation': ['Operation: IEC 60068-2-27, 50 G, half sine, 11 ms duration, With SSD'], 'Packing Content': ['Carton size: 358 x 327 x 235 (mm)', 'Packing Capacity: 1', 'Weight: Approx. 5.5kg', 'Including:', 'HDD Screw M3x4L x 20 (P/N: 25984G-1C014-S00)', '*Quantity of the HDD screws in the accessory kit may decreased based on actual HDD assemble quantity', '4-pin Terminal Blocks Male Plug x 1 (P/N: 25IO0-2ESDV0-D2R)', '2-pin Terminal Blocks Male Plug x 1 (P/N: 25IO0-EC3812-D2R)'], 'Order Information': ['6BQJQ67EBMR-SI (Box packing)'], 'Optional Kit': ['TPM 2.0 module P/N: 9CTM010NR-00', 'Wall mount Bracket Type A x 2, P/N: 25HB4-Q67E21-U0R, with screws x 4pcs P/N: 25KS9-130086-S0R (for Horizontal usage)', 'Wall mount Bracket Type B x 1, P/N: 25HB5-Q67E22-U0R, with screws x 8pcs P/N: 25KS9-130086-S0R (for Vertical usage)']}","{'4 x COM Ports', '10 x USB Ports', 'Dual Channel DDR4, 2 x SO-DIMMs', 'Support Intel® 14th/13th/12th Gen. Processor', 'DVI-D, VGA & DP ports for multiple display', '1 x 2.5GbE LAN Port', 'System Size : 224W x 256.3D x 77.7H (mm)', '3 x GbE LAN Ports', 'Industrial system with Intel® Q670E Chipset, support for Intel® 14th/13th/12th Gen Processor / Display Port/ DVI-D port/ VGA port/ 2 x USB 3.2 Gen 1/ 2 x USB 3.2 Gen 2x1/ 6 x USB 2.0/ 4 x COM Ports/ 1 x 2.5GbE LAN Port/ 3 x GbE LAN Ports /M.2 slots'}",https://www.gigaipc.com/upload/catalog_list_pic/QBiX-JMB-ADLA67EH-B1_340x353px__24J28cdR7q.png
QBiX-JMB-ADLA67EHD-B1,Embedded Systems,https://www.gigaipc.com/en/products-detail/QBiX-JMB-ADLA67EHD-B1/,"{'Dimension': ['224W x 257D x 146H(mm) - Discrete GFX support (Optional)'], 'CPU': ['Support for 14th/13th/12th Generation', 'Intel® Core™ i9/i7/i5/i3, Pentium® and Celeron® processors in the LGA1700 package', 'TDP under 65W'], 'Chipset': ['Intel® Q670E Express Chipset'], 'Memory': ['2 x DDR4 SO-DIMM sockets, Max. Capacity 64 GB', 'Support Dual channel DDR4 3200 MHz memory modules'], 'Ethernet': ['1 x 2.5GbE LAN Port (Intel® I226V)', '1 x GbE LAN Port (Intel® I219LM, Vpro support)', '2 x GbE LAN Ports (Intel® I211AT)'], 'Graphics Support': ['Integrated Graphics Processor - depends on CPU:', '1 x DP port, supporting a maximum resolution of 4096x2160 @60Hz', '1 x DVI-D port, supporting a maximum resolution of 1920x1080 @60Hz', '1 x VGA port, supporting a maximum resolution of 1920x1080 @60Hz', '(3 independent display outputs)'], 'Audio': ['Realtek® ALC897'], 'Storage': ['4 x 2.5"" HDD/SSD (SATA 6Gb/s) -- support RAID 0/1/5/10'], 'Expansion-Slots': ['1 x 2280 M.2 M-Key (PCIe Gen4x4)', '1 x 2230 M.2 E-Key (WiFi/BT)', '1 x Full-size Mini PCIe with SIM slot', '1 x PCIe slot -- Discrete riser card support'], 'Front I/O': ['1 x Power Switch/Power/HDD LED', '3 x Audio Jacks (Line in, Line out, Mic in)', '1 x Display port', '1 x DVI-D', '1 x VGA', '2 x COM Ports (RS-232/422/485 & RI/5V/12V)', '2 x COM Ports (RS-232)', '4 x RJ45 LAN Ports', '2 x USB 3.2 Gen 2x1', '2 x USB 3.2 Gen 1', '6 x USB 2.0', '1 x 4-pin Terminal Block', '1 x Remote control terminal block header', '2 x External Antenna Holes (Optional)'], 'Riser card (Optional)': ['1 x PCIe x4 (Gen3 x4)', '2 x PCIe x16', '— Single at Gen3 x16 only', 'or', '— Dual at Gen3 x8 + Gen3 x8'], 'Power': ['+24V~48VDC (Full Range) -- Support discrete GFX card'], 'Operation Temperature': ['For Main system :', 'Operating temperature: -20°C to 50°C (CPU TDP 65W)', 'Operating temperature: -20°C to 60°C (CPU TDP 35W)', 'For Full system :', 'Depends on the Graphic cards installed in the system', 'Operating humidity: 0-90% (non-condensing)', 'Non-operating temperature: -40°C to 85°C', 'Non-operating humidity: 0%-95% (non-condensing)', 'Use wide temperature range memory and storage'], 'Vibration During Operation': ['Operation: IEC 60068-2-64, 1 Grms, random, 5 ~ 500 Hz, 1 hr / Per Axis, With SSD/M.2 2280 & Without Graphics Cards', 'Non-operation: IEC 60068-2-6, 2 G, Sine, 10 ~ 500 Hz, 1 Oct/min, 1 hr / Per Axis'], 'Shock During Operation': ['Operation: IEC 60068-2-27, 50 G, half sine, 11 ms duration, With SSD'], 'Packing Content': ['For Main system : 9BQJQ67EBMR-SI', 'Carton size: 358 x 327 x 235 (mm)', 'Packing Capacity: 1pc', 'Including:', 'HDD Screw M3x4L x 20 (P/N: 25984G-1C014-S00)', '*Quantity of the HDD screws in the accessory kit may decreased based on actual HDD assemble quantity', '4-pin Terminal Blocks Male Plug x 1 (P/N: 25IO0-2ESDV0-D2R)', '2-pin Terminal Blocks Male Plug x 1 (P/N: 25IO0-EC3812-D2R)', 'For Expansion slot kit : 6BQJQ67EBPR-SI', 'Carton size: 375 x 324 x 293 (mm)', 'Packing Capacity: 1pc', 'Including:', 'Chassis Screw #6-32x4L x 16pcs (P/N: 25KS2-13004F-S0R)'], 'Order Information': ['System : 9BQJQ67EBMR-SI + 6BQJQ67EBPR-SI', '(Built in Components: Please contact with your sales representative for more information or e-mailed to : sales@gigaipc.com)'], 'Optional Kit': ['TPM 2.0 module P/N: 9CTM010NR-00', 'Wall mount Bracket Type A x 2, P/N: 25HB4-Q67E21-U0R, with screws x 4pcs P/N: 25KS9-130086-S0R (for Horizontal usage)', 'Wall mount Bracket Type B x 1, P/N: 25HB5-Q67E21-U0R, with screws x 8pcs P/N: 25KS9-130086-S0R (for Vertical usage)']}","{'Support Intel® 14th/13th/12th Gen Processor', '4 x COM Ports', 'System Size : 224W x 257D x 146H(mm) - Discrete GFX card support (optional)', 'Dual Channel DDR4, 2 x SO-DIMMs', '10 x USB Ports', '1 x 2.5GbE LAN Port', 'DVI-D, VGA & DP ports for multiple display', '3 x GbE LAN Ports', 'Industrial system with Intel® Q670E Chipset, support for Intel® 14th/13th/12th Gen Processors and Discrete GFX card'}",https://www.gigaipc.com/upload/catalog_list_pic/QBiX-JMB-ADLA67EHD-B1-NoMount-3D-Right-FrontIO-340x353px__24L039CqAe.png
QBiX-JMB-ADLA67EH-A1,Embedded Systems,https://www.gigaipc.com/en/products-detail/QBiX-JMB-ADLA67EH-A1/,"{'Dimension': ['224W x 256.1D x 77.7H(mm)'], 'CPU': ['Support for 14th/13th/12th Generation', 'Intel® Core™ i9/i7/i5/i3, Pentium® and Celeron® processors in the LGA1700 package', 'TDP under 65W'], 'Chipset': ['Intel® Q670E Express Chipset'], 'Memory': ['2 x DDR4 SO-DIMM sockets, Max. Capacity 64 GB', 'Support Dual channel DDR4 3200 MHz memory modules'], 'Ethernet': ['1 x 2.5GbE LAN Port (Intel® I226V)', '1 x GbE LAN Port (Intel® I219LM, Vpro support)', '2 x GbE LAN Ports (Intel® I211AT)'], 'Graphics Support': ['Integrated Graphics Processor - depends on CPU:', '1 x DP port, supporting a maximum resolution of 4096x2160 @60Hz', '1 x DVI-D port, supporting a maximum resolution of 1920x1080 @60Hz', '1 x VGA port, supporting a maximum resolution of 1920x1080 @60Hz', '(3 independent display outputs)'], 'Audio': ['Realtek® ALC897'], 'Storage': ['4 x 2.5"" HDD/SSD (SATA 6Gb/s) -- support RAID 0/1/5/10'], 'Expansion-Slots': ['1 x 2280 M.2 M-Key (PCIe Gen4x4)', '1 x 2230 M.2 E-Key (WiFi/BT)', '1 x Full-size Mini PCIe with SIM slot'], 'Front I/O': ['1 x Power Switch/Power/HDD LED', '3 x Audio Jacks (Line in, Line out, Mic in)', '1 x Display port', '1 x DVI-D', '1 x VGA', '2 x COM Ports (RS-232/422/485 & RI/5V/12V)', '2 x COM Ports (RS-232)', '4 x RJ45 LAN Ports', '2 x USB 3.2 Gen 2x1', '2 x USB 3.2 Gen 1', '6 x USB 2.0', '1 x 4-pin Terminal Block', '2 x External Antenna Holes (Optional)'], 'Power': ['+12V~48VDC (Full Range)'], 'Operation Temperature': ['Operating temperature: -20°C to 50°C (CPU 65W TDP)', 'Operating temperature: -20°C to 60°C (CPU 35W TDP)', 'Operating humidity: 0-90% (non-condensing)', 'Non-operating temperature: -40°C to 85°C', 'Non-operating humidity: 0%-95% (non-condensing)', 'Use wide temperature range memory and storage'], 'Vibration During Operation': ['Operation: IEC 60068-2-64, 3 Grms, random, 5 ~ 500 Hz, 1 hr / Per Axis, With SSD/M.2 2280', 'Non-operation: IEC 60068-2-6, 2 G, Sine, 10 ~ 500 Hz, 1 Oct/min, 1 hr / Per Axis'], 'Shock During Operation': ['Operation: IEC 60068-2-27, 50 G, half sine, 11 ms duration, With SSD'], 'Packing Content': ['Carton size: 300 x 351 x 166 (mm)', 'Packing Capacity: 1', 'Weight: Approx. 5kg', 'Including:', 'Screw M3x4L x 20 (P/N: 25984G-1C014-S00)', 'Terminal Blocks Male Plug x 1 (P/N: 25IO0-2ESDV0-D2R)'], 'Order Information': ['6BQJQ67EAMR-SI (Box packing)']}","{'System Size : 224W x 256.1D x 77.7H (mm)', '4 x COM Ports', '10 x USB Ports', 'Dual Channel DDR4, 2 x SO-DIMMs', 'Support Intel® 14th/13th/12th Gen. Processor', 'DVI-D, VGA & DP ports for multiple display', '1 x 2.5GbE LAN Port', '3 x GbE LAN Ports', 'Industrial system with Intel® Q670E Chipset, support for Intel® 14th/13th/12th Gen Processor / Display Port/ DVI-D port/ VGA port/ 2 x USB 3.2 Gen 1/ 2 x USB 3.2 Gen 2x1/ 6 x USB 2.0/ 4 x COM Ports/ 1 x 2.5GbE LAN Port/ 3 x GbE LAN Ports /M.2 slots'}",https://www.gigaipc.com/upload/catalog_list_pic/QBiX-JMB-ADLA67EH-A1-3D-Front-510x530px__24B06YUJ1W.png
QBiX-JMB-ADLA67EHG-A1,Embedded Systems,https://www.gigaipc.com/en/products-detail/QBiX-JMB-ADLA67EHG-A1/,"{'Dimension': ['224W x 343D x 146H(mm) - Discrete GFX support (Optional)'], 'CPU': ['Support for 14th/13th/12th Generation', 'Intel® Core™ i9/i7/i5/i3, Pentium® and Celeron® processors in the LGA1700 package', 'TDP under 65W'], 'Chipset': ['Intel® Q670E Express Chipset'], 'Memory': ['2 x DDR4 SO-DIMM sockets, Max. Capacity 64 GB', 'Support Dual channel DDR4 3200 MHz memory modules'], 'Ethernet': ['1 x 2.5GbE LAN Port (Intel® I226V)', '1 x GbE LAN Port (Intel® I219LM, Vpro support)', '2 x GbE LAN Ports (Intel® I211AT)'], 'Graphics Support': ['Integrated Graphics Processor - depends on CPU:', '1 x DP port, supporting a maximum resolution of 4096x2160 @60Hz', '1 x DVI-D port, supporting a maximum resolution of 1920x1080 @60Hz', '1 x VGA port, supporting a maximum resolution of 1920x1080 @60Hz', '(3 independent display outputs)'], 'Audio': ['Realtek® ALC897'], 'Storage': ['4 x 2.5"" HDD/SSD (SATA 6Gb/s) -- support RAID 0/1/5/10'], 'Expansion-Slots': ['1 x 2280 M.2 M-Key (PCIe Gen4x4)', '1 x 2230 M.2 E-Key (WiFi/BT)', '1 x Full-size Mini PCIe with SIM slot', '1 x PCIe slot -- Discrete riser card support'], 'Front I/O': ['1 x Power Switch/Power/HDD LED', '3 x Audio Jacks (Line in, Line out, Mic in)', '1 x Display port', '1 x DVI-D', '1 x VGA', '2 x COM Ports (RS-232/422/485 & RI/5V/12V)', '2 x COM Ports (RS-232)', '4 x RJ45 LAN Ports', '2 x USB 3.2 Gen 2x1', '2 x USB 3.2 Gen 1', '6 x USB 2.0', '1 x 4-pin Terminal Block', '2 x External Antenna Holes (Optional)'], 'Riser card (Optional)': ['1 x PCIe x4 (Gen3 x4)', '2 x PCIe x16', '— Single at Gen3 x16 only', 'or', '— Dual at Gen3 x8 + Gen3 x8'], 'Power': ['+24V~48VDC (Full Range) -- Support discrete GFX card'], 'Operation Temperature': ['For Main system :', 'Operating temperature: -20°C to 50°C (CPU TDP 65W)', 'Operating temperature: -20°C to 60°C (CPU TDP 35W)', 'For Full system :', 'Depends on the Graphic cards installed in the system', 'Operating humidity: 0-90% (non-condensing)', 'Non-operating temperature: -40°C to 85°C', 'Non-operating humidity: 0%-95% (non-condensing)', 'Use wide temperature range memory and storage'], 'Vibration During Operation': ['Operation: IEC 60068-2-64, 1 Grms, random, 5 ~ 500 Hz, 1 hr / Per Axis, With SSD/M.2 2280 & Without Graphics Cards', 'Non-operation: IEC 60068-2-6, 2 G, Sine, 10 ~ 500 Hz, 1 Oct/min, 1 hr / Per Axis'], 'Shock During Operation': ['Operation: IEC 60068-2-27, 50 G, half sine, 11 ms duration, With SSD'], 'Packing Content': ['For Main system : 9BQJQ67EAMR-SI', 'Carton size: 351 x 300 x 166 (mm)', 'Packing Capacity: 1pc', 'Including:', 'Terminal Blocks Male Plug x 1 (P/N: 25IO0-2ESDV0-D2R)', 'Screw M3x4L x 16 (P/N : 25984G-1C014-S00)', 'For Expansion slot kit : 6BQJH310APR-SI', 'Carton size: 460 x 315 x 279 (mm)', 'Packing Capacity: 1pc', 'Including:', 'Screw #6-32x4L x11 (P/N: 25KS2-13004F-S0R)'], 'Order Information': ['System : 9BQJQ67EAMR-SI + 6BQJH310APR-SI', '(Built in Components: Please contact with your sales representative for more information or e-mailed to : sales@gigaipc.com)'], 'Optional Kit': ['TPM 2.0 module P/N: 9CTM010NR-00']}","{'Support Intel® 14th/13th/12th Gen Processor', '4 x COM Ports', '10 x USB Ports', 'Dual Channel DDR4, 2 x SO-DIMMs', '1 x 2.5GbE LAN Port', 'DVI-D, VGA & DP ports for multiple display', '3 x GbE LAN Ports', 'System Size : 224W x 343D x 146H(mm) - Discrete GFX card support (optional)', 'Industrial system with Intel® Q670E Chipset, support for Intel® 14th/13th/12th Gen Processors and Discrete GFX card'}",https://www.gigaipc.com/upload/catalog_list_pic/QBiX-JMB-ADLA67EHG-A1-3D-Front-530px__24B16nLx6V.jpg
QBiX-JMB-ADLA67EHG-B1,Embedded Systems,https://www.gigaipc.com/en/products-detail/QBiX-JMB-ADLA67EHG-B1/,"{'Dimension': ['224W x 368D x 166.3H(mm) - Discrete GFX support (Optional)'], 'CPU': ['Support for 14th/13th/12th Generation', 'Intel® Core™ i9/i7/i5/i3, Pentium® and Celeron® processors in the LGA1700 package', 'TDP under 65W'], 'Chipset': ['Intel® Q670E Express Chipset'], 'Memory': ['2 x DDR4 SO-DIMM sockets, Max. Capacity 64 GB', 'Support Dual channel DDR4 3200 MHz memory modules'], 'Ethernet': ['1 x 2.5GbE LAN Port (Intel® I226V)', '1 x GbE LAN Port (Intel® I219LM, Vpro support)', '2 x GbE LAN Ports (Intel® I211AT)'], 'Graphics Support': ['Integrated Graphics Processor - depends on CPU:', '1 x DP port, supporting a maximum resolution of 4096x2160 @60Hz', '1 x DVI-D port, supporting a maximum resolution of 1920x1080 @60Hz', '1 x VGA port, supporting a maximum resolution of 1920x1080 @60Hz', '(3 independent display outputs)'], 'Audio': ['Realtek® ALC897'], 'Storage': ['4 x 2.5"" HDD/SSD (SATA 6Gb/s) -- support RAID 0/1/5/10'], 'Expansion-Slots': ['1 x 2280 M.2 M-Key (PCIe Gen4x4)', '1 x 2230 M.2 E-Key (WiFi/BT)', '1 x Full-size Mini PCIe with SIM slot', '1 x PCIe slot -- Discrete riser card support'], 'Front I/O': ['1 x Power Switch/Power/HDD LED', '3 x Audio Jacks (Line in, Line out, Mic in)', '1 x Display port', '1 x DVI-D', '1 x VGA', '2 x COM Ports (RS-232/422/485 & RI/5V/12V)', '2 x COM Ports (RS-232)', '4 x RJ45 LAN Ports', '2 x USB 3.2 Gen 2x1', '2 x USB 3.2 Gen 1', '6 x USB 2.0', '1 x 4-pin Terminal Block', '2 x External Antenna Holes (Optional)'], 'Riser card (Optional)': ['1 x PCIe x4 (Gen3 x4)', '2 x PCIe x16', '— Single at Gen3 x16 only', 'or', '— Dual at Gen3 x8 + Gen3 x8'], 'Power': ['+24V~48VDC (Full Range) -- Support discrete GFX card'], 'Operation Temperature': ['For Main system :', 'Operating temperature: -20°C to 50°C (CPU TDP 65W)', 'Operating temperature: -20°C to 60°C (CPU TDP 35W)', 'For Full system :', 'Depends on the Graphic cards installed in the system', 'Operating humidity: 0-90% (non-condensing)', 'Non-operating temperature: -40°C to 85°C', 'Non-operating humidity: 0%-95% (non-condensing)', 'Use wide temperature range memory and storage'], 'Vibration During Operation': ['Operation: IEC 60068-2-64, 1 Grms, random, 5 ~ 500 Hz, 1 hr / Per Axis, With SSD/M.2 2280 & Without Graphics Cards', 'Non-operation: IEC 60068-2-6, 2 G, Sine, 10 ~ 500 Hz, 1 Oct/min, 1 hr / Per Axis'], 'Shock During Operation': ['Operation: IEC 60068-2-27, 50 G, half sine, 11 ms duration, With SSD'], 'Packing Content': ['For Main system : 9BQJQ67EAMR-SI', 'Carton size: 351 x 300 x 166 (mm)', 'Packing Capacity: 1pc', 'Including:', 'Terminal Blocks Male Plug x 1 (P/N: 25IO0-2ESDV0-D2R)', 'Screw M3x4L x 16 (P/N : 25984G-1C014-S00)', 'For Expansion slot kit : 6BQJH310BPR-SI', 'Carton size: 460 x 315 x 279 (mm)', 'Packing Capacity: 1pc', 'Including:', 'Screw #6-32x4L x16 (P/N: 25KS2-13004F-S0R)'], 'Order Information': ['System : 9BQJQ67EAMR-SI + 6BQJH310BPR-SI', '(Built in Components: Please contact with your sales representative for more information or e-mailed to : sales@gigaipc.com)'], 'Optional Kit': ['TPM 2.0 module P/N: 9CTM010NR-00']}","{'Support Intel® 14th/13th/12th Gen Processor', 'System Size : 224W x 368D x 166.3H(mm) - Discrete GFX card support (optional)', '4 x COM Ports', '10 x USB Ports', 'Dual Channel DDR4, 2 x SO-DIMMs', '1 x 2.5GbE LAN Port', 'DVI-D, VGA & DP ports for multiple display', '3 x GbE LAN Ports', 'Industrial system with Intel® Q670E Chipset, support for Intel® 14th/13th/12th Gen Processors and Discrete GFX card'}",https://www.gigaipc.com/upload/catalog_list_pic/QBiX-JMB-ADLA67EHG-B1-01__24B06gb0Rx.webp
QBiX-JMB-CMLA47EH-A1,Embedded Systems,https://www.gigaipc.com/en/products-detail/QBiX-JMB-CMLA47EH-A1/,"{'Dimension': ['224W x 256.1D x 77.7H(mm)'], 'CPU': ['Support for 10th Generation', 'Intel® Core™ i9/i7/i5/i3, Pentium® and Celeron® processors in the LGA1200 package', 'TDP under 65W'], 'Chipset': ['Intel® Q470E Express Chipset'], 'Memory': ['2 x DDR4 SO-DIMM sockets, Max. Capacity 64 GB', 'Support Dual channel DDR4 2933/2666 MHz memory modules'], 'Ethernet': ['1 x GbE LAN Port (Intel® I219V)', '3 x GbE LAN Ports (Intel® I211AT)'], 'Graphics Support': ['Integrated Graphics Processor - Intel® HD Graphics support:', '1 x DP port, supporting a maximum resolution of 4096x2160 @60Hz', '1 x DVI-D port, supporting a maximum resolution of 1920x1080 @60Hz', '1 x VGA port, supporting a maximum resolution of 1920x1080 @60Hz', '(3 independent display outputs)'], 'Audio': ['Realtek® Audio Codec'], 'Storage': ['4 x 2.5"" HDD/SSD (SATA 6Gb/s) -- support Intel RAID 0/1/5/10'], 'Expansion-Slots': ['1 x 2280 M.2 M-Key (PCIe x4, SATA 6Gb/s)', '1 x 2230 M.2 E-Key (WiFi/BT)', '1 x Full-size Mini PCIe with SIM slot'], 'Front I/O': ['1 x Power Switch/Power/HDD LED', '3 x Audio Jacks (Line in, Line out, Mic in)', '1 x Display port', '1 x DVI-D', '1 x VGA', '2 x COM Ports (RS-232/422/485 & RI/5V/12V)', '2 x COM Ports (RS-232)', '4 x RJ45 LAN Ports', '4 x USB 3.2 Gen 1', '6 x USB 2.0', '1 x 4-pin Terminal Block', '2 x External Antenna Holes (Optional)'], 'Power': ['+12V~48VDC (Full Range)'], 'Operation Temperature': ['Operating temperature: -20°C to 50°C (CPU 65W TDP)', 'Operating temperature: -20°C to 60°C (CPU 35W TDP)', 'Operating humidity: 0-90% (non-condensing)', 'Non-operating temperature: -40°C to 85°C', 'Non-operating humidity: 0%-95% (non-condensing)', 'Use wide temperature range memory and storage'], 'Vibration During Operation': ['Operation: IEC 60068-2-64, 3 Grms, random, 5 ~ 500 Hz, 1 hr / Per Axis, With SSD/M.2 2280', 'Non-operation: IEC 60068-2-6, 2 G, Sine, 10 ~ 500 Hz, 1 Oct/min, 1 hr / Per Axis'], 'Shock During Operation': ['Operation: IEC 60068-2-27, 50 G, half sine, 11 ms duration, With SSD'], 'Packing Content': ['Carton size: 300 x 351 x 166 (mm)', 'Packing Capacity: 1', 'Weight: Approx. 5kg', 'Including:', 'Screw M3x4L x 20 (P/N: 25984G-1C014-S00)', 'Terminal Blocks Male Plug x 1 (P/N: 25IO0-2ESDV0-D2R)'], 'Order Information': ['6BQJQ47EAMR-SI (Box packing)']}","{'System Size : 224W x 256.1D x 77.7H (mm)', '4 x COM Ports', '4 x GbE LAN Ports', '10 x USB Ports', 'Dual Channel DDR4, 2 x SO-DIMMs', 'Industrial system with Intel® Q470E Chipset, support for Intel® 10th Gen Processor / Display Port/ DVI-D port/ VGA port/ 4 x USB 3.2 Gen 1/ 6 x USB 2.0/ 4 x COM Ports/ 4 x GbE LAN Ports /M.2 slots', 'Support Intel® 10th Gen Processor', 'DVI-D, VGA & DP ports for multiple display'}",https://www.gigaipc.com/upload/catalog_list_pic/QBiX-JMB-CMLA47EH-A1-H-3D-Front01-510x530px__24B06yx7ar.png
QBiX-JMB-CMLA47EHG-A1,Embedded Systems,https://www.gigaipc.com/en/products-detail/QBiX-JMB-CMLA47EHG-A1/,"{'Dimension': ['224W x 343D x 146H(mm) - Discrete GFX support (Optional)'], 'CPU': ['Support for 10th Generation', 'Intel® Core™ i9/i7/i5/i3, Pentium® and Celeron® processors in the LGA1200 package', 'TDP under 65W'], 'Chipset': ['Intel® Q470E Express Chipset'], 'Memory': ['2 x DDR4 SO-DIMM sockets, Max. Capacity 64 GB', 'Support Dual channel DDR4 2933/2666 MHz memory modules'], 'Ethernet': ['1 x GbE LAN Port (Intel® I219V)', '3 x GbE LAN Ports (Intel® I211AT)'], 'Graphics Support': ['Integrated Graphics Processor - Intel® HD Graphics support:', '1 x DP port, supporting a maximum resolution of 4096x2160 @60Hz', '1 x DVI-D port, supporting a maximum resolution of 1920x1080 @60Hz', '1 x VGA port, supporting a maximum resolution of 1920x1080 @60Hz', '(3 independent display outputs)'], 'Audio': ['Realtek® Audio Codec'], 'Storage': ['4 x 2.5"" HDD/SSD (SATA 6Gb/s)'], 'Expansion-Slots': ['1 x 2280 M.2 M-Key (PCIe x4, SATA 6Gb/s)', '1 x 2230 M.2 E-Key (WiFi/BT)', '1 x Full-size Mini PCIe with SIM slot', '1 x PCIe slot -- Discrete riser card support'], 'Front I/O': ['1 x Power Switch/Power/HDD LED', '3 x Audio Jacks (Line in, Line out, Mic in)', '1 x Display port', '1 x DVI-D', '1 x VGA', '2 x COM Ports (RS-232/422/485 & RI/5V/12V)', '2 x COM Ports (RS-232)', '4 x RJ45 LAN Ports', '4 x USB 3.2 Gen 1', '6 x USB 2.0', '1 x 4-pin Terminal Block', '2 x External Antenna Holes (Optional)'], 'Riser card (Optional)': ['1 x PCIe x4 (Gen3 x4)', '2 x PCIe x16', '— Single at Gen3 x16 only', 'or', '— Dual at Gen3 x8 + Gen3 x8'], 'Power': ['+24V~48VDC (Full Range) -- Support discrete GFX card'], 'Operation Temperature': ['For Main system :', 'Operating temperature: -20°C to 50°C (CPU TDP 65W)', 'Operating temperature: -20°C to 60°C (CPU TDP 35W)', 'For Full system :', 'Depends on the Graphic cards installed in the system', 'Operating humidity: 0-90% (non-condensing)', 'Non-operating temperature: -40°C to 85°C', 'Non-operating humidity: 0%-95% (non-condensing)', 'Use wide temperature range memory and storage'], 'Vibration During Operation': ['Operation: IEC 60068-2-64, 1 Grms, random, 5 ~ 500 Hz, 1 hr / Per Axis, With SSD/M.2 2280 & Without Graphics Cards', 'Non-operation: IEC 60068-2-6, 2 G, Sine, 10 ~ 500 Hz, 1 Oct/min, 1 hr / Per Axis'], 'Shock During Operation': ['Operation: IEC 60068-2-27, 50 G, half sine, 11 ms duration, With SSD'], 'Packing Content': ['For Main system : 9BQJQ47EAMR-SI', 'Carton size: 351 x 300 x 166 (mm)', 'Packing Capacity: 1pc', 'Including:', 'Terminal Blocks Male Plug x 1 (P/N: 25IO0-2ESDV0-D2R)', 'Screw M3x4L x 16 (P/N : 25984G-1C014-S00)', 'For Expansion slot kit : 6BQJH310APR-SI', 'Carton size: 460 x 315 x 279 (mm)', 'Packing Capacity: 1pc', 'Including:', 'Screw #6-32x4L x11 (P/N: 25KS2-13004F-S0R)'], 'Order Information': ['System : 9BQJQ47EAMR-SI + 6BQJH310APR-SI', '(Built in Components: Please contact with your sales representative for more information or e-mailed to : sales@gigaipc.com)'], 'Optional Kit': ['TPM 2.0 module P/N: 9CTM000NR-00']}","{'Industrial system with Intel® Q470E Chipset, support for Intel® 10th Gen Processors and Discrete GFX card', '4 x COM Ports', '4 x GbE LAN Ports', '10 x USB Ports', 'Dual Channel DDR4, 2 x SO-DIMMs', 'Support Intel® 10th Gen Processor', 'DVI-D, VGA & DP ports for multiple display', 'System Size : 224W x 343D x 146H(mm) - Discrete GFX card support (optional)'}",https://www.gigaipc.com/upload/catalog_list_pic/QBiX-JMB-CMLA47EHG-A1-3D-Front-530px__24B16EfVmc.jpg
QBiX-JMB-CMLA47EHG-B1,Embedded Systems,https://www.gigaipc.com/en/products-detail/QBiX-JMB-CMLA47EHG-B1/,"{'Dimension': ['224W x 368D x 166.3H(mm) - Discrete GFX support (Optional)'], 'CPU': ['Support for 10th Generation', 'Intel® Core™ i9/i7/i5/i3, Pentium® and Celeron® processors in the LGA1200 package', 'TDP under 65W'], 'Chipset': ['Intel® Q470E Express Chipset'], 'Memory': ['2 x DDR4 SO-DIMM sockets, Max. Capacity 64 GB', 'Support Dual channel DDR4 2933/2666 MHz memory modules'], 'Ethernet': ['1 x GbE LAN Port (Intel® I219V)', '3 x GbE LAN Ports (Intel® I211AT)'], 'Graphics Support': ['Integrated Graphics Processor - depends on CPU:', '1 x DP port, supporting a maximum resolution of 4096x2160 @60Hz', '1 x DVI-D port, supporting a maximum resolution of 1920x1080 @60Hz', '1 x VGA port, supporting a maximum resolution of 1920x1080 @60Hz', '(3 independent display outputs)'], 'Audio': ['Realtek® Audio codec'], 'Storage': ['4 x 2.5"" HDD/SSD (SATA 6Gb/s)'], 'Expansion-Slots': ['1 x 2280 M.2 M-Key (PCIe x4 & SATA 6Gb/s)', '1 x 2230 M.2 E-Key', '1 x Full-size mini PCIe with SIM slot', '1 x PCIe slot -- Discrete riser card support'], 'Front I/O': ['1 x Power Switch/Power/HDD LED', '3 x Audio Jacks (Line in, Line out, Mic in)', '1 x Display port', '1 x DVI-D', '1 x VGA', '2 x COM Ports (RS-232/422/485 & RI/5V/12V)', '2 x COM Ports (RS-232)', '4 x RJ45 LAN Ports', '4 x USB 3.2 Gen 1', '6 x USB 2.0', '1 x 4-pin Terminal Block', '2 x External Antenna Holes (Optional)'], 'Riser card (Optional)': ['1 x PCIe x4 (Gen3 x4)', '2 x PCIe x16', '— Single at Gen3 x16 only', 'or', '— Dual at Gen3 x8 + Gen3 x8'], 'Power': ['+24V~48VDC (Full Range) -- Support discrete GFX card'], 'Operation Temperature': ['For Main system :', 'Operating temperature: -20°C to 50°C (CPU TDP 65W)', 'Operating temperature: -20°C to 60°C (CPU TDP 35W)', 'For Full system :', 'Depends on the Graphic cards installed in the system', 'Operating humidity: 0-90% (non-condensing)', 'Non-operating temperature: -40°C to 85°C', 'Non-operating humidity: 0%-95% (non-condensing)', 'Use wide temperature range memory and storage'], 'Vibration During Operation': ['Operation: IEC 60068-2-64, 1 Grms, random, 5 ~ 500 Hz, 1 hr / Per Axis, With SSD/M.2 2280 & Without Graphics Cards', 'Non-operation: IEC 60068-2-6, 2 G, Sine, 10 ~ 500 Hz, 1 Oct/min, 1 hr / Per Axis'], 'Shock During Operation': ['Operation: IEC 60068-2-27, 50 G, half sine, 11 ms duration, With SSD'], 'Packing Content': ['For Main system : 9BQJQ47EAMR-SI', 'Carton size: 351 x 300 x 166 (mm)', 'Packing Capacity: 1pc', 'Including:', 'Terminal Blocks Male Plug x 1 (P/N: 25IO0-2ESDV0-D2R)', 'Screw M3x4L x 16 (P/N : 25984G-1C014-S00)', 'For Expansion slot kit : 6BQJH310BPR-SI', 'Carton size: 460 x 315 x 279 (mm)', 'Packing Capacity: 1pc', 'Including:', 'Screw #6-32x4L x16 (P/N: 25KS2-13004F-S0R)'], 'Order Information': ['System : 9BQJQ47EAMR-SI & 6BQJH310BPR-SI', '(Built in Components: Please contact with your sales representative for more information or e-mailed to : sales@gigaipc.com)'], 'Optional Kit': ['TPM 2.0 module P/N: 9CTM000NR-00']}","{'Industrial system with Intel® Q470E Chipset, support for Intel® 10th Gen Processors and Discrete GFX card', 'System Size : 224W x 368D x 166.3H(mm) - Discrete GFX card support (Optional)', '4 x COM Ports', '4 x GbE LAN Ports', '10 x USB Ports', 'Dual Channel DDR4, 2 x SO-DIMMs', 'Support Intel® 10th Gen Processor', 'DVI-D, VGA & DP ports for multiple display'}",https://www.gigaipc.com/upload/catalog_list_pic/QBiX-JMB-CMLA47EHG-B1-3D_Right-FrontIO-01-510x530px__24B06Ucz9w.png
QBiX-JMB-CMLA47EHGP-A1,Embedded Systems,https://www.gigaipc.com/en/products-detail/QBiX-JMB-CMLA47EHGP-A1/,"{'Dimension': ['224W x 368D x 166.3H(mm)'], 'CPU': ['Support for 10th Generation', 'Intel® Core™ i9/i7/i5/i3, Pentium® and Celeron® processors in the LGA1200 package', 'TDP under 65W'], 'Chipset': ['Intel® Q470E Express Chipset'], 'Memory': ['2 x DDR4 SO-DIMM sockets, Max. Capacity 64 GB', 'Support Dual Channel DDR4 2933/2666 MHz memory modules'], 'Ethernet': ['1 x GbE LAN Port (Intel® I219V)', '3 x GbE LAN Ports (Intel® I211AT)'], 'Graphics Support': ['Integrated Graphics Processor - Intel® HD Graphics support:', '1 x DP port, supporting a maximum resolution of 4096x2160 @60Hz', '1 x DVI-D port, supporting a maximum resolution of 1920x1080 @60Hz', '1 x VGA port, supporting a maximum resolution of 1920x1080 @60Hz', '(3 independent display outputs)'], 'Audio': ['Realtek® Audio codec'], 'Storage': ['4 x 2.5"" HDD/SSD (SATA 6Gb/s)'], 'Expansion-Slots': ['1 x 2280 M.2 M-Key (PCIe x4 & SATA 6Gb/s)', '1 x 2230 M.2 E-Key (WiFi/BT)', '1 x Full-size mini PCIe with SIM slot', '1 x PCIe slot -- Discrete riser card support'], 'Front I/O': ['1 x Power Switch/Power/HDD LED', '3 x Audio Jacks (Line in, Line out, Mic in)', '1 x Display Port', '1 x DVI-D', '1 x VGA', '2 x COM Ports (RS-232/422/485 & RI/5V/12V)', '2 x COM Ports (RS-232)', '4 x RJ45 LAN Ports', '4 x USB 3.2 Gen1', '6 x USB 2.0', '2 x External Antenna Holes (Optional)'], 'Riser card (Optional)': ['1 x PCIe x4 (Gen3 x4)', '2 x PCIe x16', '— Single at Gen3 x16 only', 'or', '— Dual at Gen3 x8 + Gen3 x8'], 'Power': ['850W Power Supply Built-in'], 'Operation Temperature': ['For Main system :', 'Operating temperature: -20°C to 50°C (CPU TDP 65W)', 'Operating temperature: -20°C to 60°C (CPU TDP 35W)', 'For Full system :', 'Depends on the Graphic cards installed in the system', 'Operating humidity: 0-90% (non-condensing)', 'Non-operating temperature: -20°C to 80°C', 'Non-operating humidity: 0%-90% (non-condensing)', 'Use wide temperature range memory and storage'], 'Vibration During Operation': ['Operation: IEC 60068-2-64, 1 Grms, random, 5 ~ 500 Hz, 1 hr / Per Axis, with SSD/M.2 2280 & Without Graphics Cards', 'Non-operation: IEC 60068-2-6, 2 G, Sine, 10 ~ 500 Hz, 1 Oct/min, 1 hr / Per Axis'], 'Shock During Operation': ['Operation: IEC 60068-2-27, 50 G, half sine, 11 ms duration, With SSD'], 'Packing Content': ['Carton size: 460 x 315 x 279 (mm)', 'Packing Capacity: 1pc', 'Weight: Approx. 10kg', 'Including:', 'Graphic Power Cable #18 200mm x 2 (P/N: 25CRI-200309-S9R)', 'HDD Screws M3x4L x 16 (P/N: 25984G-1C014-S00)'], 'Order Information': ['System : 9BQJQ47EPMR-SI (Box packing)', '(Built in Components: Please contact with your sales representative for more information or e-mailed to : sales@gigaipc.com)']}","{'4 x COM Ports', '4 x GbE LAN Ports', '10 x USB Ports', 'Dual Channel DDR4, 2 x SO-DIMMs', 'Support Intel® 10th Gen Processor', 'DVI-D, VGA & DP ports for multiple display', 'System size : 224W x 368D x 166.3H(mm) -- Discrete GFX card support (optional)', 'Industrial system with Intel® Q470E Chipset, support for Intel® 10th Gen Processors, discrete GFX card and 850W power supply'}",https://www.gigaipc.com/upload/catalog_list_pic/QBiX-JMB-CMLB47EHGP-A1-3D-Right-FrontIO-WithCover-510x530px__24B06tvdSA.png
QBiX-JMB-CFLA310H-A1,Embedded Systems,https://www.gigaipc.com/en/products-detail/QBiX-JMB-CFLA310H-A1/,"{'Dimension': ['224W x 257D x 77H(mm)'], 'CPU': ['Support for 9th/8th Generation', 'Intel® Core™ i7/i5/i3, Pentium® and Celeron® processors in the LGA1151 package', 'TDP under 65W'], 'Chipset': ['Intel® H310 Express Chipset'], 'Memory': ['2 x DDR4 SO-DIMM sockets, Max. Capacity 32 GB', 'Support Dual channel DDR4 2666/2400 MHz memory modules'], 'Ethernet': ['1 x GbE LAN Port (Intel® I219V)', '3 x GbE LAN Ports (Intel® I211AT)'], 'Graphics Support': ['Integrated Graphics Processor - Intel® HD Graphics support:', '1 x DP port, supporting a maximum resolution of 4096x2160 @30Hz', '1 x DVI-D port, supporting a maximum resolution of 1920x1080 @60Hz', '1 x VGA port, supporting a maximum resolution of 1920x1200 @60Hz', '(2 independent display outputs)'], 'Audio': ['Realtek® Audio Codec'], 'Storage': ['3 x 2.5"" HDD/SSD (SATA 6Gb/s)'], 'Expansion-Slots': ['1 x 2280 M.2 M-Key (SATA 6Gb/s)', '1 x 2230 M.2 E-Key (WiFi/BT)', '1 x Full-size Mini PCIe with SIM slot (PCIe x1 + USB2.0) -- support 3G/4G module'], 'Front I/O': ['1 x Power Switch/Power/HDD LED', '3 x Audio Jacks (Line in, Line out, Mic in)', '1 x Display port', '1 x DVI-D', '1 x VGA', '2 x COM Ports (RS-232/422/485 & RI/5V/12V)', '2 x COM Ports (RS-232)', '4 x RJ45 LAN Ports', '4 x USB 3.2 Gen 1', '4 x USB 2.0', '1 x 4-pin Terminal Block', '2 x External Antenna Holes (Optional)'], 'Power': ['+12V~48VDC (Full Range)'], 'Operation Temperature': ['Operating temperature: -20°C to 50°C (CPU 65W TDP)', 'Operating temperature: -20°C to 60°C (CPU 35W TDP)', 'Operating humidity: 0-90% (non-condensing)', 'Non-operating temperature: -40°C to 85°C', 'Non-operating humidity: 0%-95% (non-condensing)', 'Use wide temperature range memory and storage'], 'Vibration During Operation': ['Operation: IEC 60068-2-64, 3 Grms, random, 5 ~ 500 Hz, 1 hr / Per Axis, With SSD/M.2 2280', 'Non-operation: IEC 60068-2-6, 2 G, Sine, 10 ~ 500 Hz, 1 Oct/min, 1 hr / Per Axis'], 'Shock During Operation': ['Operation: IEC 60068-2-27, 50 G, half sine, 11 ms duration, With SSD'], 'Packing Content': ['Carton size: 300 x 351 x 166 (mm)', 'Packing Capacity: 1', 'Weight: Approx. 4.7kg', 'Including:', 'Screw M3x4L x 12 (P/N: 25984G-1C014-S00)', 'Terminal Blocks Male Plug x 1 (P/N: 25IO0-2ESDV0-D2R)'], 'Order Information': ['9BQJH310AMR-SI (Box packing)', '(Built in Components: Please contact with your sales representative for more information', 'or e-mailed to : sales@gigaipc.com)'], 'Optional Kit': ['TPM 2.0 module P/N: 9CTM000NR-00']}","{'System Size : 224W x 257D x 77H (mm)', '4 x COM Ports', 'Support Intel® 9th/8th Gen Processor', '4 x GbE LAN Ports', 'Dual Channel DDR4, 2 x SO-DIMMs', '8 x USB Ports', 'DVI-D, VGA & DP ports for multiple display', 'Industrial system with Intel® H310 Chipset, support for Intel® 9th/8th Gen Processor / Display Port/ DVI-D port/ VGA port/ USB 3.2 Gen 1/ USB 2.0/COM Ports /4 GbE LAN Ports /M.2 slots'}",https://www.gigaipc.com/upload/catalog_list_pic/QBiX-JMB-CFLA310H-A1-3D-H-Front-01-510x530px__24B19R3XJd.jpg
QBiX-JMB-CFLA310HG-A1,Embedded Systems,https://www.gigaipc.com/en/products-detail/QBiX-JMB-CFLA310HG-A1/,"{'Dimension': ['224W x 343D x 146H(mm) - Discrete GFX max 250W support (Optional)'], 'CPU': ['Support for 9th/8th Generation', 'Intel® Core™ i7/i5/i3, Pentium® and Celeron® processors in the LGA1151 package', 'TDP under 65W'], 'Chipset': ['Intel® H310 Express Chipset'], 'Memory': ['2 x DDR4 SO-DIMM sockets, Max. Capacity 32 GB', 'Support Dual channel DDR4 2666/2400 MHz memory modules'], 'Ethernet': ['1 x GbE LAN Port (Intel® I219V)', '3 x GbE LAN Ports (Intel® I211AT)'], 'Graphics Support': ['Integrated Graphics Processor - Intel® HD Graphics support:', '1 x DP port, supporting a maximum resolution of 4096x2160 @30Hz', '1 x DVI-D port, supporting a maximum resolution of 1920x1080 @60Hz', '1 x VGA port, supporting a maximum resolution of 1920x1200 @60Hz', '(2 independent display outputs)'], 'Audio': ['Realtek® Audio Codec'], 'Storage': ['3 x 2.5"" HDD/SSD (SATA 6Gb/s)'], 'Expansion-Slots': ['1 x 2280 M.2 M-Key (SATA 6Gb/s)', '1 x 2230 M.2 E-Key (WiFi/BT)', '1 x Full-size Mini PCIe with SIM slot (PCIe x1 + USB2.0) -- support 3G/4G module', '1 x PCIe slot -- Discrete riser card support'], 'Front I/O': ['1 x Power Switch/Power/HDD LED', '3 x Audio Jacks (Line in, Line out, Mic in)', '1 x Display port', '1 x DVI-D', '1 x VGA', '2 x COM Ports (RS-232/422/485 & RI/5V/12V)', '2 x COM Ports (RS-232)', '4 x RJ45 LAN Ports', '4 x USB 3.2 Gen 1', '4 x USB 2.0', '1 x 4-pin Terminal Block', '2 x External Antenna Holes (Optional)'], 'Riser card (Optional)': ['PCIe x4 (Gen3 x1)', 'PCIe x16 (Gen3 x16) -- Discrete GFX card: max. 250W, max length 293mm'], 'Power': ['+24V~48VDC (Full Range) -- Support discrete GFX card'], 'Operation Temperature': ['For Main system :', 'Operating temperature: -20°C to 50°C (CPU TDP 65W)', 'Operating temperature: -20°C to 60°C (CPU TDP 35W)', 'For Full system :', 'Depends on the Graphic cards installed in the system', 'Operating humidity: 0-90% (non-condensing)', 'Non-operating temperature: -40°C to 85°C', 'Non-operating humidity: 0%-95% (non-condensing)', 'Use wide temperature range memory and storage'], 'Vibration During Operation': ['Operation: IEC 60068-2-64, 3 Grms, random, 5 ~ 500 Hz, 1 hr / Per Axis, With SSD/M.2 2280', 'Non-operation: IEC 60068-2-6, 2 G, Sine, 10 ~ 500 Hz, 1 Oct/min, 1 hr / Per Axis'], 'Shock During Operation': ['Operation: IEC 60068-2-27, 50 G, half sine, 11 ms duration, With SSD'], 'Packing Content': ['Carton size: 460 x 315 x 279 (mm)', 'Packing Capacity: 1pc', 'Including:', 'Power Cable #20 350mm x 1 (P/N: 25CRI-350902-H3R)', 'Screw M3x4L x 12 (P/N: 25984G-1C014-S00)', 'Screw M3x5L x 8 (P/N: 25983G-1C011-S00)', 'Screw #6-32x5L x 3 (P/N: 2598EG-1C002-S00)', 'Terminal Blocks Male Plug x 1 (P/N: 25IO0-2ESDV0-D2R )'], 'Order Information': ['System : 9BQJH310AMR-SI & 6BQJH310APR-SI', '(Built in Components: Please contact with your sales representative for more information', 'or e-mailed to : sales@gigaipc.com)'], 'Optional Kit': ['TPM 2.0 module P/N: 9CTM000NR-00']}","{'4 x COM Ports', 'Industrial system with Intel® H310 Chipset, support for Intel® 9th/8th Gen Processors and Discrete GFX card', 'Support Intel® 9th/8th Gen Processor', '4 x GbE LAN Ports', 'Dual Channel DDR4, 2 x SO-DIMMs', '8 x USB Ports', 'DVI-D, VGA & DP ports for multiple display', 'System Size : 224W x 343D x 146H(mm) - Discrete GFX card support (optional)'}",https://www.gigaipc.com/upload/catalog_list_pic/QBiX-JMB-CFLA310HG-A1-3D-V-Front-All-01_510x530px__24B06r8p76.png
QBiX-JMB-CFLA310HG-B1,Embedded Systems,https://www.gigaipc.com/en/products-detail/QBiX-JMB-CFLA310HG-B1/,"{'Dimension': ['224W x 368D x 166.3H(mm) - Discrete GFX max 250W support (Optional)'], 'CPU': ['Support for 9th/8th Generation', 'Intel® Core™ i7/i5/i3, Pentium® and Celeron® processors in the LGA1151 package', 'TDP under 65W'], 'Chipset': ['Intel® H310 Express Chipset'], 'Memory': ['2 x DDR4 SO-DIMM sockets, Max. Capacity 32 GB', 'Support Dual channel DDR4 2666/2400 MHz memory modules'], 'Ethernet': ['1 x GbE LAN Port (Intel® I219V)', '3 x GbE LAN Ports (Intel® I211AT)'], 'Graphics Support': ['Integrated Graphics Processor - Intel® HD Graphics support:', '1 x DP port, supporting a maximum resolution of 4096x2160 @30Hz', '1 x DVI-D port, supporting a maximum resolution of 1920x1080 @60Hz', '1 x VGA port, supporting a maximum resolution of 1920x1200 @60Hz', '(2 independent display outputs)'], 'Audio': ['Realtek® Audio Codec'], 'Storage': ['3 x 2.5"" HDD/SSD (SATA 6Gb/s)'], 'Expansion-Slots': ['1 x 2280 M.2 M-Key (SATA 6Gb/s)', '1 x 2230 M.2 E-Key (WiFi/BT)', '1 x Full-size Mini PCIe with SIM slot (PCIe x1 + USB2.0) -- support 3G/4G module', '1 x PCIe slot -- Discrete riser card support'], 'Front I/O': ['1 x Power Switch/Power/HDD LED', '3 x Audio Jacks (Line in, Line out, Mic in)', '1 x Display port', '1 x DVI-D', '1 x VGA', '2 x COM Ports (RS-232/422/485 & RI/5V/12V)', '2 x COM Ports (RS-232)', '4 x RJ45 LAN Ports', '4 x USB 3.2 Gen 1', '4 x USB 2.0', '1 x 4-pin Terminal Block', '2 x External Antenna Holes (Optional)'], 'Riser card (Optional)': ['PCIe x4 (Gen3 x1)', 'PCIe x16 (Gen3 x16) -- Discrete GFX card: max. 250W, max length 293mm'], 'Power': ['+24V~48VDC (Full Range) -- Support discrete GFX card'], 'Operation Temperature': ['For Main system :', 'Operating temperature: -20°C to 50°C (CPU TDP 65W)', 'Operating temperature: -20°C to 60°C (CPU TDP 35W)', 'For Full system :', 'Depends on the Graphic cards installed in the system', 'Operating humidity: 0-90% (non-condensing)', 'Non-operating temperature: -40°C to 85°C', 'Non-operating humidity: 0%-95% (non-condensing)', 'Use wide temperature range memory and storage'], 'Vibration During Operation': ['Operation: IEC 60068-2-64, 1 Grms, random, 5 ~ 500 Hz, 1 hr / Per Axis, With SSD/M.2 2280 & Without Graphics Cards', 'Non-operation: IEC 60068-2-6, 2 G, Sine, 10 ~ 500 Hz, 1 Oct/min, 1 hr / Per Axis'], 'Shock During Operation': ['Operation: IEC 60068-2-27, 50 G, half sine, 11 ms duration, With SSD'], 'Packing Content': ['For Main system : 9BQJH310AMR-SI', 'Carton size: 351 x 300 x 166 (mm)', 'Packing Capacity: 1pc', 'Including:', 'Terminal Blocks Male Plug x 1 (P/N: 25IO0-2ESDV0-D2R)', 'Screw M3x4L x 12 (P/N : 25984G-1C014-S00)', 'For Expansion slot kit : 6BQJH310BPR-SI', 'Carton size: 460 x 315 x 279 (mm)', 'Packing Capacity: 1pc', 'Including:', 'Power Cable #18 350mm x 2 (P/N: 25CRI-35030I-S9R)', 'Screw #6-32x4L x16 (P/N: 25KS2-13004F-S0R)'], 'Order Information': ['System : 9BQJH310AMR-SI & 6BQJH310BPR-SI', '(Built in Components: Please contact with your sales representative for more information or e-mailed to : sales@gigaipc.com)'], 'Optional Kit': ['TPM 2.0 module P/N: 9CTM000NR-00']}","{'System Size : 224W x 368D x 166.3H(mm) - Discrete GFX card support (Optional)', '4 x COM Ports', 'Industrial system with Intel® H310 Chipset, support for Intel® 9th/8th Gen Processors and Discrete GFX card', 'Support Intel® 9th/8th Gen Processor', '4 x GbE LAN Ports', 'Dual Channel DDR4, 2 x SO-DIMMs', '8 x USB Ports', 'DVI-D, VGA & DP ports for multiple display'}",https://www.gigaipc.com/upload/catalog_list_pic/QBiX-JMB-CFLA310HG-B1-3D_Right-FrontIO-01-510x530px__24B062fz1W.png
QS-N150A,Embedded Systems,https://www.gigaipc.com/en/products-detail/QS-N150A/,"{'Dimension': ['165W x 105D x 27H (mm)'], 'CPU': ['Intel® Processor N150', 'Intel 7, 4 cores, up to 3.60 GHz'], 'Memory': ['1 x DDR5 SO-DIMM sockets, Max. Capacity 16 GB', 'Support Single Channel DDR5 4800 MHz memory modules'], 'Ethernet': ['2 x GbE LAN Ports (Realtek® RTL8111H)'], 'Graphics Support': ['Integrated Graphics Processor -', 'Intel® Graphics:', '3 x HDMI 2.0 port, supporting a maximum resolution of 4096x2160 @60Hz (HDMI 1 & 2 port support CEC)', '(3 independent display outputs)'], 'Audio': ['Realtek® ALC269'], 'Expansion-Slots': ['1 x 2280 M.2 M-Key (PCIe Gen3x1, SATA 6Gb/s)', '1 x 2230 M.2 E-Key', '1 x 3042 M.2 B-key with SIM Slot (support 3G/4G LTE module)'], 'Front I/O': ['2 x USB 3.2 Gen 1', '1 x COM Port (RS-232)(RJ45 Type)', '1 x Micro SD card slot (USB 2.0)', '1 x Power button', '1 x HDMI'], 'Rear l/O': ['1 x Combo audio jack (Headphone & Headset)', '2 x RJ45 LAN Ports', '2 x USB 3.2 Gen 1', '2 x HDMI', '1 x DC Jack'], 'Side I/O': ['3 x External Antenna Holes (Optional)'], 'Power': ['+12~19VDC (Adapter 19V/65W)'], 'Operation Temperature': ['Operating temperature: 0°C to 50°C', 'Operating humidity: 50°C @ 20-95% (non-condensing)', 'Non-operating temperature: -40°C to 85°C', 'Non-operating humidity: 85°C @ 95% (non-condensing)'], 'Vibration During Operation': ['Operation: IEC 60068-2-64, 3 Grms, random, 5 ~ 500 Hz, 1 hr / Per Axis, With SSD/M.2 2280', 'Non-operation: IEC 60068-2-6, 2 G, Sine, 10 ~ 500 Hz, 1 Oct/min, 1 hr / Per Axis'], 'Shock During Operation': ['Operation: IEC 60068-2-27, 50 G, half sine, 11 ms duration, With SSD'], 'Packing Content': ['Carton size: 416 x 359 x 257 (mm)', 'Packing Capacity: 10pcs', 'Single Box size: 209 x 169 x 75 (mm)', 'Single Box weight: Approx. 1.5kg', 'Including:', 'Power Cord : Optional (by region)', 'PSU ADP 19V 65W 100-240VAC x 1 (P/N: 25EP2-10065V-A3S)', 'RJ45 to D-SUB Cable #24 150mm x 1 (P/N: 25CR0-150402-S9R)', 'VESA Mount Bracket x 1 (P/N: 25HB1-TPL021-S8R)', 'VESA Mount screws x 1 (P/N: 25KSD-000002-C0R)'], 'Order Information': ['System: 6BQSN150AMR-SI (Box packing)']}","{'Industrial system with Intel® Processor N150', '2 x GbE LAN Ports', 'Support Micro SD Card', 'Support COM (RS-232 mode, pass through RJ45 Port)', '3 x HDMI for Multiple display (2 Ports support CEC)', 'System Size : 165W x 105D x 27H (mm)', 'Intel® Processor N150', 'Single Channel DDR5, 1 x SO-DIMM'}",https://www.gigaipc.com/upload/catalog_list_pic/QS-N150A-3D-Right-FrontIO-340x353px__25J13T79ST.webp
QBiX-Plus-EHLA6412-A1,Embedded Systems,https://www.gigaipc.com/en/products-detail/QBiX-Plus-EHLA6412-A1/,"{'Dimension': ['165W x 105D x 27H (mm)'], 'CPU': ['Intel® Celeron® J6412 Processor', '10nm, 4 cores, 4 threads, up to 2.60 GHz', 'TDP 10W'], 'Memory': ['2 x DDR4 SO-DIMM sockets, Max. Capacity 32 GB', 'Support Dual Channel DDR4 3200 MHz memory modules'], 'Ethernet': ['2 x GbE LAN Ports'], 'Graphics Support': ['Integrated Graphics Processor -', 'Intel® UHD Graphics for 10th Gen Intel® Processors:', '3 x HDMI 2.0 port, supporting a maximum resolution of 4096x2160 @60Hz', '(3 independent display outputs)'], 'Audio': ['Realtek® audio codec'], 'Expansion-Slots': ['1 x 2280 M.2 M-Key (PCIe x2, SATA 6Gb/s)', '1 x 2230 M.2 E-Key', '1 x 3042 M.2 B-key with SIM Slot (USB 3.2 Gen 1)'], 'Front I/O': ['2 x USB 3.2 Gen 1', '1 x COM Port (RS-232)(RJ45 Type)', '1 x Micro SD card slot', '1 x Power button', '1 x HDMI'], 'Rear l/O': ['1 x Headphone Jack', '2 x RJ45 LAN Ports', '2 x USB 3.2 Gen 1', '2 x HDMI', '1 x DC Jack'], 'Side I/O': ['3 x External Antenna Holes (Optional)'], 'Power': ['+12~19VDC (Adapter 19V/65W)'], 'Operation Temperature': ['Operating temperature: 0°C to 50°C', 'Operating humidity: 0-90% (non-condensing)', 'Non-operating temperature: -40°C to 85°C', 'Non-operating humidity: 0%-95% (non-condensing)'], 'Vibration During Operation': ['Operation: IEC 60068-2-64, 3 Grms, random, 5 ~ 500 Hz, 1 hr / Per Axis, With SSD/M.2 2280', 'Non-operation: IEC 60068-2-6, 2 G, Sine, 10 ~ 500 Hz, 1 Oct/min, 1 hr / Per Axis'], 'Shock During Operation': ['Operation: IEC 60068-2-27, 50 G, half sine, 11 ms duration, With SSD'], 'Packing Content': ['Carton size: 416 x 359 x 257 (mm)', 'Packing Capacity: 10pcs', 'Single Box size: 209 x 169 x 75 (mm)', 'Single Box weight: Approx. 1.5kg', 'Including:', 'Power Cord : Optional (by region)', 'PSU ADP 19V 65W 100-240VAC x 1 (P/N: 25EP2-10065U-A3S)', 'RJ45 to D-SUB Cable #24 150mm x 1 (P/N: 25CR0-150402-S9R)', 'VESA Mount Bracket x 1 (P/N: 25HB1-TPL021-S8R)', 'VESA Mount screws x 1 (P/N: 25KSD-000002-C0R)'], 'Order Information': ['System: 6BQS6412AMR-SI (Box packing)']}","{'3 x HDMI for Multiple display', 'Dual Channel DDR4, 2 x SO-DIMMs', '2 x GbE LAN Ports', 'Support Micro SD Card', 'Support COM (RS-232 mode, pass through RJ45 Port)', 'Industrial system with Intel® Celeron® J6412 Processor', 'Intel® Celeron® J6412 Processor', 'System Size : 165W x 105D x 27H (mm)'}",https://www.gigaipc.com/upload/catalog_list_pic/QBiX-Plus-EHLA6412-A1-3D-Front-01-510x530px__24B06ovZR3.png
QBiX-Plus-KBLA7100-A1,Embedded Systems,https://www.gigaipc.com/en/products-detail/QBiX-Plus-KBLA7100-A1/,"{'Dimension': ['System Size : 180W x 117D x 36H (mm)'], 'CPU': ['Intel® Core™ i3-7100U Processor', '14nm, 2 cores, 4 threads, 2.4 GHz', 'TDP 15W', '3 MB SmartCache'], 'Chipset': ['SoC'], 'Memory': ['2 x DDR4 SO-DIMM sockets, Max. Capacity 32 GB', 'Support Dual Channel DDR4 2133 MHz memory modules'], 'Ethernet': ['2 x GbE LAN Ports (Intel® I219LM and Intel® I210AT)'], 'Graphics Support': ['Integrated Graphics Processor - Intel® HD Graphics 620:', '2 x HDMI 2.0 port, supporting a maximum resolution of 4096x2160 @60Hz', '(2 independent display outputs)'], 'Audio': ['Realtek® Audio Codec'], 'Expansion-Slots': ['1 x 2280 M.2 M-Key (PCIe x4, SATA 6Gb/s)', '1 x 2230 M.2 E-Key (WiFi/BT)', '1 x Full-size Mini PCIe with SIM slot (PCIe x1 + USB2.0)'], 'Front I/O': ['1 x USB 3.1 Gen2 Type C', '1 x USB 3.1 Gen2 Type A', '2 x USB 3.0', '1 x COM Port (RS-232/422/485)', '1 x Micro SD card slot', '1 x Power button'], 'Rear l/O': ['1 x Combo Audio Jack (Microphone & Headphone)', '2 x RJ45 LAN Ports', '2 x USB 3.0', '2 x HDMI', '1 x DC Jack'], 'Side I/O': ['3 x External Antenna Holes (Optional)'], 'Power': ['+19VDC (Adapter 19V/90W)'], 'Operation Temperature': ['Operating temperature: 0°C to 40°C', 'Operating humidity: 0-90% (non-condensing)', 'Non-operating temperature: -40°C to 85°C', 'Non-operating humidity: 0%-95% (non-condensing)'], 'Packing Content': ['Carton size: 451 x 186 x 245 (mm)', 'Packing Capacity: 5pcs', 'Single Box size: 231 x 179 x 81 (mm)', 'Including:', 'Power Cord 3Cx18AWG SVT QP-02+QP038 700mm US x 1 (P/N: 25CP0-007001-Q0R)', 'PSU ADP 19V 90W 100-240VAC x 1 (P/N: 25EP4-100908-F3S)', 'Vesa Mount Bracket x 1 (P/N: 25HB2-XM2720-E4S)'], 'Order Information': ['System : 9BCKABZAMR-SI (CTO)', '(Built in Components: Please contact with your sales representative for more information', 'or e-mailed to : sales@gigaipc.com)'], 'Optional Kit': ['Internal Antenna 90mm : 25CA0-090003-A5S', 'Internal Antenna 120mm : 25CA0-120002-A5S', 'Internal Antenna 120mm : 25CA0-120003-A5S', 'WiFi module : 25FC7-3165N0-10R', 'Antenna_WiFI x 2 : 25CA0-111000-A5S', 'Antenna_3G x 1 : 25CA0-111001-A5S']}","{'2 x HDMI for Dual display', 'Dual Channel DDR4, 2 x SO-DIMMs', '2 x GbE LAN Ports', 'System Size : 180W x 117D x 36H (mm)', 'Intel® Core™ i3-7100U Processor', 'Industrial system with Intel® Core™ i3-7100U Processor'}",https://www.gigaipc.com/upload/catalog_list_pic/QBiX-Plus-KBLA7100-A1_GB-EKi3M-7100-3D-01_510x530px__24B06uqgSC.png
QBiX-Expert-RPLA1340PH-A1,Embedded Systems,https://www.gigaipc.com/en/products-detail/QBiX-Expert-RPLA1340PH-A1/,"{'Dimension': ['210.36W x 165D x 65H(mm)'], 'CPU': ['Intel® Core™ i5-1340P Processor', 'Intel 7, 12 cores, 16 threads, up to 4.60 GHz'], 'Chipset': ['SoC'], 'Memory': ['2 x DDR5 SO-DIMM sockets, Max. Capacity 64 GB', 'Support Dual Channel DDR5 5200 MHz memory modules'], 'Ethernet': ['2 x 2.5GbE LAN Ports(Intel® I226V)', '4 x GbE LAN Ports(Intel® I226V)', '4 x GbE LAN Ports with PoE support (Intel® I226V)'], 'Graphics Support': ['Integrated Graphics Processor - Intel® Iris® Xe Graphics eligible:', '2 x HDMI 2.0 ports, supporting a maximum resolution of 4096x2160 @60Hz', '(2 independent display outputs)'], 'Audio': ['Realtek® ALC269'], 'Storage': ['Support 2 x Swappable 2.5"" HDD/SSD (SATA 6Gb/s)'], 'Expansion-Slots': ['1 x 2280 M.2 M-Key (PCIe Gen 4x4)', '1 x 2230 M.2 E-Key (WiFi/BT)', '1 x 3052 M.2 B-Key with SIM slot'], 'Front I/O': ['4 x RJ45 LAN Ports with PoE', '4 x RJ45 LAN Ports', '1 x GPIO (8 bits)', '1 x HDD LED', '1 x Power button with LED', '1 x Combo audio jack (Headphone & Headset)'], 'Rear l/O': ['2 x RJ45 LAN Ports', '1 x COM Port (RS-232/422/485 & RI/5V/12V)', '3 x COM Ports (RS-232/422/485)', '4 x USB 3.2 Gen 1', '4 x USB 2.0', '2 x HDMI', '1 x Ignition support (3pin)', '1 x 4-pin Terminal Block'], 'Side I/O': ['4 x External Antenna Holes (wifi/5G)-optional'], 'TPM': ['Onboard TPM 2.0 security chip', 'INFINEON SLB9672XU2.0'], 'Power': ['+19~36VDC'], 'Operation Temperature': ['Operating temperature: 0°C to 50°C', 'Operating humidity: 0-90% (non-condensing)', 'Non-operating temperature: -40°C to 85°C', 'Non-operating humidity: 0%-95% (non-condensing)', 'Use wide temperature range memory and storage'], 'Vibration During Operation': ['Operation: IEC 60068-2-64, 3 Grms, random, 5 ~ 500 Hz,1 hr / Per Axis, With SSD/M.2 2280', 'Non-operation: IEC 60068-2-6, 2 G, Sine, 10 ~ 500 Hz,1 Oct/min, 1 hr / Per Axis'], 'Shock During Operation': ['Operation: IEC 60068-2-27, 50 G, half sine, 11 ms duration, With SSD'], 'Packing Content': ['Carton size: 572 x 321 x 372 (mm)', 'Packing Capacity: 4pcs', 'Single Box size: 300 x 276 x 170 (mm)', 'Single Box weight: Approx. 4.0kg', 'Including:', '3-pin Terminal Blocks Male Plug x 1 (P/N: 25IO0-EC3811-D2R)', '4-pin Terminal Blocks Male Plug x 1 (P/N: 25IO0-2ESDV0-D2R)', 'Screw For 2.5"" HDD M3x4L x 8 (P/N: 25KS2-13004G-S0R)', 'Thermal Pad for SSD x 2 (P/N: 25ST3-260200-T5R)', 'Thermal Pad for Memory x 1 (P/N: 25ST3-200086-T5R)'], 'Order Information': ['6BQE1340AMR-SI (Box Packing)']}","{'Dual Channel DDR5, 2 x SO-DIMMs', 'Intel® Core™ i5-1340P Processor', 'System Size : 210.36W x 165D x 65H (mm)', '2 x HDMI for Dual display', '4 x GbE LAN Ports', '2 x 2.5GbE LAN Ports', 'Industrial system with Intel® Core™ i5-1340P Processor/ Fanless Design / Dual Channel DDR5 up to 64 GB/ 2 x HDMI', '4 x GbE LAN Ports with PoE 15W/Port'}",https://www.gigaipc.com/upload/catalog_list_pic/QBiX-Expert-RPLA1320PH-A1-3D-Left-Rear-IO-01-340x353px__25C06v28zb.webp
QBiX-Expert-RPLA1320PEH-A1,Embedded Systems,https://www.gigaipc.com/en/products-detail/QBiX-Expert-RPLA1320PEH-A1/,"{'Dimension': ['210.36W x 165D x 65H(mm)'], 'CPU': ['Intel® Core™ i3-1320PE Processor', 'Intel 7, 8 cores, 12 threads, up to 4.50 GHz'], 'Chipset': ['SoC'], 'Memory': ['2 x DDR5 SO-DIMM sockets, Max. Capacity 64 GB', 'Support Dual Channel DDR5 5200 MHz memory modules'], 'Ethernet': ['2 x 2.5GbE LAN Ports (Intel® I226V)', '4 x GbE LAN Ports (Intel® I226V)', '4 x GbE LAN Ports with PoE support (Intel® I226V)'], 'Graphics Support': ['Integrated Graphics Processor - Intel® UHD Graphics for 13th Gen Intel® Processors:', '2 x HDMI 2.0 ports, supporting a maximum resolution of 4096x2160 @60Hz', '(2 independent display outputs)'], 'Audio': ['Realtek® ALC269'], 'Storage': ['Support 2 x Swappable 2.5"" HDD/SSD (SATA 6Gb/s)'], 'Expansion-Slots': ['1 x 2280 M.2 M-Key (PCIe Gen 4x4)', '1 x 2230 M.2 E-Key (WiFi/BT)', '1 x 3052 M.2 B-Key  with SIM slot'], 'Front I/O': ['4 x RJ45 LAN Ports with PoE', '4 x RJ45 LAN Ports', '1 x GPIO (8 bits)', '1 x HDD LED', '1 x Power button with LED', '1 x Combo audio jack (Headphone & Headset)'], 'Rear l/O': ['2 x RJ45 LAN Ports', '1 x COM Port (RS-232/422/485 & RI/5V/12V)', '3 x COM Ports (RS-232/422/485)', '4 x USB 3.2 Gen 1', '4 x USB 2.0', '2 x HDMI', '1 x Ignition support (3pin)', '1 x 4-pin Terminal Block'], 'Side I/O': ['4 x External Antenna Holes (wifi/5G)-optional'], 'TPM': ['Onboard TPM 2.0 security chip', 'INFINEON SLB9672XU2.0'], 'Power': ['+19~36VDC'], 'Operation Temperature': ['Operating temperature: 0°C to 50°C', 'Operating humidity: 0-90% (non-condensing)', 'Non-operating temperature: -40°C to 85°C', 'Non-operating humidity: 0%-95% (non-condensing)', 'Use wide temperature range memory and storage'], 'Vibration During Operation': ['Operation: IEC 60068-2-64, 3 Grms, random, 5 ~ 500 Hz,1 hr / Per Axis, With SSD/M.2 2280', 'Non-operation: IEC 60068-2-6, 2 G, Sine, 10 ~ 500 Hz,1 Oct/min, 1 hr / Per Axis'], 'Shock During Operation': ['Operation: IEC 60068-2-27, 50 G, half sine, 11 ms duration, With SSD'], 'Packing Content': ['Carton size: 572 x 321 x 372 (mm)', 'Packing Capacity: 4pcs', 'Single Box size: 300 x 276 x 170 (mm)', 'Single Box weight: Approx. 4.0kg', 'Including:', '3-pin Terminal Blocks Male Plug x 1 (P/N: 25IO0-EC3811-D2R)', '4-pin Terminal Blocks Male Plug x 1 (P/N: 25IO0-2ESDV0-D2R)', 'Screw For 2.5"" HDD M3x4L x 8 (P/N: 25KS2-13004G-S0R)', 'Thermal Pad for SSD x 2 (P/N: 25ST3-260200-T5R)', 'Thermal Pad for Memory x 1 (P/N: 25ST3-200086-T5R)'], 'Order Information': ['6BQE1320AMR-SI (Box Packing)']}","{'Dual Channel DDR5, 2 x SO-DIMMs', 'System Size : 210.36W x 165D x 65H (mm)', 'Industrial system with Intel® Core™ i3-1320PE Processor/ Fanless Design / Dual Channel DDR5 up to 64 GB/ 2 x HDMI', '2 x HDMI for Dual display', '4 x GbE LAN Ports', '2 x 2.5GbE LAN Ports', '4 x GbE LAN Ports with PoE 15W/Port', 'Intel® Core™ i3-1320PE Processor'}",https://www.gigaipc.com/upload/catalog_list_pic/QBiX-Expert-RPLA1320PH-A1-3D-Left-Rear-IO-01-340x353px__25C06gHwuQ.webp
QBiX-Expert-TGLA1165G7H-A1,Embedded Systems,https://www.gigaipc.com/en/products-detail/QBiX-Expert-TGLA1165G7H-A1/,"{'Dimension': ['210.36W x 165D x 67H(mm)'], 'CPU': ['Intel® Core™ i7-1165G7 Processor', '10nm SuperFin, 4 cores, 8 threads, up to 4.7 GHz'], 'Chipset': ['SoC'], 'Memory': ['2 x DDR4 SO-DIMM sockets, Max. Capacity 64 GB', 'Support Dual Channel DDR4 3200 MHz memory modules'], 'Ethernet': ['2 x GbE LAN Ports (Intel® I219V and Intel® I211AT)', '4 x PoE GbE LAN Ports (Intel® I211AT)'], 'Graphics Support': ['Integrated Graphics Processor - Intel® Iris Xe Graphics:', '2 x HDMI 2.0 ports, supporting a maximum resolution of 4096x2160 @60Hz', '(2 independent display outputs)'], 'Audio': ['Realtek® Audio Codec'], 'Storage': ['1 x Swappable 2.5"" HDD/SSD (SATA 6Gb/s)'], 'Expansion-Slots': ['1 x 2280 M.2 M-Key (PCIe x2, SATA 6Gb/s)', '1 x 2230 M.2 E-Key (WiFi/BT)', '1 x Full-size Mini PCIe with SIM slot'], 'Front I/O': ['4 x RJ45 LAN Ports with PoE', '2 x USB 2.0', '1 x Power button with LED', '1 x HDD LED', '2 x COM Ports (RS-232/422/485)', '2 x External Antenna Holes (Optional)'], 'Rear l/O': ['2 x HDMI', '2 x RJ45 LAN Ports', '4 x USB 3.2 Gen 2x1', '1 x COM Port (RS-232/422/485 & RI/5V/12V)', '1 x COM Port (RS-232/422/485)', '1 x GPIO (8 bits)', '1 x Headphone Jack', '1 x 4-pin Terminal Block'], 'Power': ['+12~24VDC / 13A (PoE support)'], 'Operation Temperature': ['Operating temperature: 0°C to 50°C', 'Operating humidity: 0-90% (non-condensing)', 'Non-operating temperature: -40°C to 85°C', 'Non-operating humidity: 0%-95% (non-condensing)', 'Use wide temperature range memory and storage'], 'Vibration During Operation': ['Operation: IEC 60068-2-64, 3 Grms, random, 5 ~ 500 Hz, 1 hr / Per Axis, With SSD/M.2 2280', 'Non-operation: IEC 60068-2-6, 2 G, Sine, 10 ~ 500 Hz, 1 Oct/min, 1 hr / Per Axis'], 'Shock During Operation': ['Operation: IEC 60068-2-27, 50 G, half sine, 11 ms duration, With SSD'], 'Packing Content': ['Carton size: 572 x 321 x 372 (mm)', 'Packing Capacity: 4pcs', 'Single Box size: 300 x 276 x 170 (mm)', 'Single Box weight: Approx. 4.0kg', 'Including:', 'Terminal Blocks Male Plug x 1 (P/N: 25IO0-2ESDV0-D2R)', 'Screw For 2.5"" HDD M3x4L x 8 (P/N: 25984G-1C014-S00)', 'Thermal Pad for Memory x 1 (P/N: 25ST3-200086-T5R)'], 'Mounting': ['Wall mount (Optional)'], 'Order Information': ['6BQE1165AMR-SI (Box Packing)']}","{'Intel® Core™ i7-1165G7 Processor', 'System Size : 210.36W x 165D x 67H (mm)', 'Industrial system with Intel® Core™ i7-1165G7 Processor/ Fanless Design / Dual Channel DDR4 up to 64 GB/ 2 x HDMI', '2 x HDMI for Dual display', 'Dual Channel DDR4, 2 x SO-DIMMs', '2 x GbE LAN Ports', '4 x GbE LAN Ports with PoE 15W/Port'}",https://www.gigaipc.com/upload/catalog_list_pic/QBiX-Exp-TGLA1165G7H_1135G7H_1115G4EH-A1-3D-Left-Rear-IO-01-510x530px__24B06zKEru.png
QBiX-Expert-TGLA1135G7H-A1,Embedded Systems,https://www.gigaipc.com/en/products-detail/QBiX-Expert-TGLA1135G7H-A1/,"{'Dimension': ['210.36W x 165D x 67H(mm)'], 'CPU': ['Intel® Core™ i5-1135G7 Processor', '10nm SuperFin, 4 cores, 8 threads, up to 4.2 GHz'], 'Chipset': ['SoC'], 'Memory': ['2 x DDR4 SO-DIMM sockets, Max. Capacity 64 GB', 'Support Dual Channel DDR4 3200 MHz memory modules'], 'Ethernet': ['2 x GbE LAN Ports (Intel® I219V and Intel® I211AT)', '4 x PoE GbE LAN Ports (Intel® I211AT)'], 'Graphics Support': ['Integrated Graphics Processor - Intel® Iris Xe Graphics:', '2 x HDMI 2.0 ports, supporting a maximum resolution of 4096x2160 @60Hz', '(2 independent display outputs)'], 'Audio': ['Realtek® Audio Codec'], 'Storage': ['1 x Swappable 2.5"" HDD/SSD (SATA 6Gb/s)'], 'Expansion-Slots': ['1 x 2280 M.2 M-Key (PCIe x2, SATA 6Gb/s)', '1 x 2230 M.2 E-Key (WiFi/BT)', '1 x Full-size Mini PCIe with SIM slot'], 'Front I/O': ['4 x RJ45 LAN Ports with PoE', '2 x USB 2.0', '1 x Power button with LED', '1 x HDD LED', '2 x COM Ports (RS-232/422/485)', '2 x External Antenna Holes (Optional)'], 'Rear l/O': ['2 x HDMI', '2 x RJ45 LAN Ports', '4 x USB 3.2 Gen 2x1', '1 x COM Port (RS-232/422/485 & RI/5V/12V)', '1 x COM Port (RS-232/422/485)', '1 x GPIO (8 bits)', '1 x Headphone Jack', '1 x 4-pin Terminal Block'], 'Power': ['+12~24VDC / 13A (PoE support)'], 'Operation Temperature': ['Operating temperature: 0°C to 50°C', 'Operating humidity: 0-90% (non-condensing)', 'Non-operating temperature: -40°C to 85°C', 'Non-operating humidity: 0%-95% (non-condensing)', 'Use wide temperature range memory and storage'], 'Vibration During Operation': ['Operation: IEC 60068-2-64, 3 Grms, random, 5 ~ 500 Hz, 1 hr / Per Axis, With SSD/M.2 2280', 'Non-operation: IEC 60068-2-6, 2 G, Sine, 10 ~ 500 Hz, 1 Oct/min, 1 hr / Per Axis'], 'Shock During Operation': ['Operation: IEC 60068-2-27, 50 G, half sine, 11 ms duration, With SSD'], 'Packing Content': ['Carton size: 572 x 321 x 372 (mm)', 'Packing Capacity: 4pcs', 'Single Box size: 300 x 276 x 170 (mm)', 'Single Box weight: Approx. 4.0kg', 'Including:', 'Terminal Blocks Male Plug x 1 (P/N: 25IO0-2ESDV0-D2R)', 'Screw For 2.5"" HDD M3x4L x 8 (P/N: 25984G-1C014-S00)', 'Thermal Pad for Memory x 1 (P/N: 25ST3-200086-T5R)'], 'Mounting': ['Wall mount (Optional)'], 'Order Information': ['6BQE1135AMR-SI (Box packing)']}","{'Intel® Core™ i5-1135G7 Processor', 'System Size : 210.36W x 165D x 67H (mm)', '2 x HDMI for Dual display', 'Dual Channel DDR4, 2 x SO-DIMMs', 'Industrial system with Intel® Core™ i5-1135G7 Processor/ Fanless Design / Dual Channel DDR4 up to 64 GB/ 2 x HDMI', '2 x GbE LAN Ports', '4 x GbE LAN Ports with PoE 15W/Port'}",https://www.gigaipc.com/upload/catalog_list_pic/QBiX-Exp-TGLA1165G7H_1135G7H_1115G4EH-A1-3D-Left-Rear-IO-01-510x530px__24B06XvsDA.png
QBiX-Expert-TGLA1115G4EH-A1,Embedded Systems,https://www.gigaipc.com/en/products-detail/QBiX-Expert-TGLA1115G4EH-A1/,"{'Dimension': ['210.36W x 165D x 67H(mm)'], 'CPU': ['Intel® Core™ i3-1115G4E Processor', '10nm SuperFin, 2 cores, 4 threads, up to 3.90 GHz'], 'Chipset': ['SoC'], 'Memory': ['2 x DDR4 SO-DIMM sockets, Max. Capacity 64 GB', 'Support Dual Channel DDR4 3200 MHz memory modules'], 'Ethernet': ['2 x GbE LAN Ports (Intel® I219V and Intel® I211AT)', '4 x PoE GbE LAN Ports (Intel® I211AT)'], 'Graphics Support': ['Integrated Graphics Processor - Intel® Iris Xe Graphics:', '2 x HDMI 2.0 ports, supporting a maximum resolution of 4096x2160 @60Hz', '(2 independent display outputs)'], 'Audio': ['Realtek® Audio Codec'], 'Storage': ['1 x Swappable 2.5"" HDD/SSD (SATA 6Gb/s)'], 'Expansion-Slots': ['1 x 2280 M.2 M-Key (PCIe x2, SATA 6Gb/s)', '1 x 2230 M.2 E-Key (WiFi/BT)', '1 x Full-size Mini PCIe with SIM slot'], 'Front I/O': ['4 x RJ45 LAN Ports with PoE', '2 x USB 2.0', '1 x Power button with LED', '1 x HDD LED', '2 x COM Ports (RS-232/422/485)', '2 x External Antenna Holes (Optional)'], 'Rear l/O': ['2 x HDMI', '2 x RJ45 LAN Ports', '4 x USB 3.2 Gen 2x1', '1 x COM Port (RS-232/422/485 & RI/5V/12V)', '1 x COM Port (RS-232/422/485)', '1 x GPIO (8 bits)', '1 x Headphone Jack', '1 x 4-pin Terminal Block'], 'Power': ['+12~24VDC / 13A (PoE support)'], 'Operation Temperature': ['Operating temperature: 0°C to 50°C', 'Operating humidity: 0-90% (non-condensing)', 'Non-operating temperature: -40°C to 85°C', 'Non-operating humidity: 0%-95% (non-condensing)', 'Use wide temperature range memory and storage'], 'Vibration During Operation': ['Operation: IEC 60068-2-64, 3 Grms, random, 5 ~ 500 Hz, 1 hr / Per Axis, With SSD/M.2 2280', 'Non-operation: IEC 60068-2-6, 2 G, Sine, 10 ~ 500 Hz, 1 Oct/min, 1 hr / Per Axis'], 'Shock During Operation': ['Operation: IEC 60068-2-27, 50 G, half sine, 11 ms duration, With SSD'], 'Packing Content': ['Carton size: 572 x 321 x 372 (mm)', 'Packing Capacity: 4pcs', 'Single Box size: 300 x 276 x 170 (mm)', 'Single Box weight: Approx. 4.0kg', 'Including:', 'Terminal Blocks Male Plug x 1 (P/N: 25IO0-2ESDV0-D2R)', 'Screw For 2.5"" HDD M3x4L x 8 (P/N: 25984G-1C014-S00)', 'Thermal Pad for Memory x 1 (P/N: 25ST3-200086-T5R)'], 'Mounting': ['Wall mount (Optional)'], 'Order Information': ['6BQE1115AMR-SI (Box packing)']}","{'Industrial system with Intel® Core™ i3-1115G4E Processor/ Fanless Design / Dual Channel DDR4 up to 64 GB/ 2 x HDMI', 'System Size : 210.36W x 165D x 67H (mm)', 'Intel® Core™ i3-1115G4E Processor', '2 x HDMI for Dual display', 'Dual Channel DDR4, 2 x SO-DIMMs', '2 x GbE LAN Ports', '4 x GbE LAN Ports with PoE 15W/Port'}",https://www.gigaipc.com/upload/catalog_list_pic/QBiX-Exp-TGLA1165G7H_1135G7H_1115G4EH-A1-3D-Left-Rear-IO-01-510x530px__24B06USXHF.png
QBiX-DR-AMLA7433REH-A1,Embedded Systems,https://www.gigaipc.com/en/products-detail/QBiX-DR-AMLA7433REH-A1/,"{'Dimension': ['160W x 118D x 62.6H (mm)'], 'CPU': ['Intel® Atom® x7433RE Processor', 'Intel 7, 4 cores, up to 3.40 GHz'], 'Memory': ['1 x DDR5 SO-DIMM sockets, Max. Capacity 16 GB', 'Support Single channel DDR5 4800 MHz memory modules'], 'Ethernet': ['2 x 2.5GbE LAN Ports (Intel® I226IT)'], 'Graphics Support': ['Integrated Graphics Processor-', 'Intel® UHD Graphics:', '1 x HDMI 2.0 port, supporting a maximum resolution of 4096x2160 @60Hz', '1 x VGA port, supporting a maximum resolution of 1920x1200 @60Hz', '(2 independent display outputs)'], 'Audio': ['Realtek® ALC269'], 'Storage': ['1 x 2.5"" HDD/SSD (SATA 6Gb/s)'], 'Expansion-Slots': ['1 x 2280 M.2 M-Key (PCIe Gen3x1, SATA 6Gb/s)', '1 x 2230 M.2 E-Key', '1 x 3052/3042 M.2 B-key with SIM Slot –4G/5G Support', '1 x Vertical USB 2.0'], 'Front I/O': ['2 x RJ45 LAN Ports', '2 x USB 3.2 Gen 1', '2 x USB 2.0', '1 x HDMI', '1 x VGA', '2 x COM Ports (RS-232/422/485 & RI/5V/12V)', '1 x Power button with LED', '1 x WiFi/HDD LED', '1 x Remote control connector', '1 x Combo audio jack (Headphone & Headset)', '1 x External Antenna Hole (Optional)'], 'Rear l/O': ['1 x Din Rail Mounting Support'], 'Side I/O': ['1 x GPIO (8 bits)', '1 x 3-pin Terminal Block', '1 x COM Port (RS-232/422/485 & RI/5V/12V)', '1 x CANBus', '2 x External Antenna Holes (Optional)'], 'TPM': ['Onboard TPM 2.0 security chip', 'Nuvoton NPCT764AABYX'], 'Power': ['+9V~36VDC (Full Range)'], 'Operation Temperature': ['Operating temperature: -20°C to 70°C', 'Operating humidity: 40°C @ 20-95% (non-condensing)', 'Non-operating temperature: -40°C to 85°C', 'Non-operating humidity: 60°C @ 95% (non-condensing)', 'Use wide temperature range memory and storage'], 'Vibration During Operation': ['Operation: IEC 60068-2-64, 3 Grms, random, 5 ~ 500 Hz, 1 hr / Per Axis, With SSD', 'Non-operation: IEC 60068-2-6, 2 G, Sine, 10 ~ 500 Hz, 1 Oct/min, 1 hr / Per Axis'], 'Shock During Operation': ['Operation: IEC 60068-2-27, 50 G, half sine, 11 ms duration, With SSD'], 'Packing Content': ['Carton size: 416 x 409 x 347 (mm)', 'Packing Capacity: 6pcs', 'Single Box size: 308 x 191 x 130 (mm)', 'Single Box weight: Approx. 2.0kg', 'Including:', 'Terminal Blocks for DC IN, 1*3P x 1 (P/N: 25IO0-5ESDV0-D2R)', 'Terminal Blocks for SW, 1*2P x 1 (P/N: 25IO0-EC3500-D2R)', 'Terminal Blocks for GPIO, 1*10P x 1 (P/N: 25IO0-EC3810-D2R)', 'Screw HDD M3x4L x 4 (P/N: 25984G-1C014-S00)'], 'Mounting': ['DIN Rail', 'Wall mount (Optional)'], 'Order Information': ['6BDR7433AMR-SI (Box packing)', '(Built in Components: Please contact with your sales representative for more information or e-mailed to : sales@gigaipc.com)'], 'Optional Kit': ['Wall mount P/N: 25HB2-CGAA20-CHR x 1 (Optional)']}","{'2 x 2.5GbE LAN Ports', '3 x COM Ports (RS-232/422/485 & RI/5V/12V)', '1 x CANBus', 'Intel® Atom® x7433RE Processor', '1 x GPIO Port (8 Bits)', 'DIN Rail industrial system with Intel® Atom® x7433RE Processor', 'Single Channel DDR5 4800 MHz', 'System Size : 160W x 118D x 62.6H (mm)'}",https://www.gigaipc.com/upload/catalog_list_pic/QBiX-DR-AMLA7433REH-A1-3D-V-Left-FrontIO-340x353px__25G24gMUGu.webp
QBiX-DR-EHLA6412H-A1,Embedded Systems,https://www.gigaipc.com/en/products-detail/QBiX-DR-EHLA6412H-A1/,"{'Dimension': ['160W x 118D x 62.6H (mm)'], 'CPU': ['Intel® Celeron® J6412 Processor', '10nm, 4 cores, 4 threads, up to 2.60 GHz', 'TDP 10W'], 'Memory': ['1 x DDR4 SO-DIMM socket, Max. Capacity 32 GB', 'Support Single Channel DDR4 3200 MHz memory modules'], 'Ethernet': ['2 x GbE LAN Ports (Intel® I210AT)'], 'Graphics Support': ['Integrated Graphics Processor-', 'Intel® UHD Graphics for 10th Gen Intel® Processors:', '1 x HDMI 2.0 port, supporting a maximum resolution of 4096x2160 @60Hz', '1 x VGA port, supporting a maximum resolution of 1920x1200 @60Hz', '(2 independent display outputs)'], 'Audio': ['Realtek® Audio codec'], 'Storage': ['1 x 2.5” HDD/SSD (SATA 6Gb/s)'], 'Expansion-Slots': ['1 x 2280 M.2 M-Key (SATA 6Gb/s)', '1 x 2230 M.2 E-Key', '1 x 3052/3042 M.2 B key with SIM Slot –4G/5G Support', '1 x Vertical USB 2.0'], 'Front I/O': ['2 x RJ45 LAN Ports', '2 x USB 3.2 Gen 1', '2 x USB 2.0', '1 x HDMI', '1 x VGA', '2 x COM Ports (RS-232/422/485 & RI/5V/12V)', '1 x Power button with LED', '1 x WiFi/HDD LED', '1 x Remote control connector', '1 x Headphone Jack', '1 x External Antenna Hole (Optional)'], 'Rear l/O': ['1 x Din Rail Mounting Support'], 'Side I/O': ['1 x GPIO (8 bits)', '1 x 3-pin Terminal Block', '2 x COM Ports (RS-232/422/485 & RI/5V/12V)', '2 x External Antenna Holes (Optional)'], 'Power': ['+9V~36VDC (Full Range)'], 'Operation Temperature': ['Operating temperature: 0°C to 50°C', 'Operating humidity: 0-90% (non-condensing)', 'Non-operating temperature: -40°C to 85°C', 'Non-operating humidity: 0%-95% (non-condensing)', 'Use wide temperature range memory and storage'], 'Vibration During Operation': ['Operation: IEC 60068-2-64, 3 Grms, random, 5 ~ 500 Hz, 1 hr / Per Axis, With SSD/M.2 2280', 'Non-operation: IEC 60068-2-6, 2 G, Sine, 10 ~ 500 Hz, 1 Oct/min, 1 hr / Per Axis'], 'Shock During Operation': ['Operation: IEC 60068-2-27, 50 G, half sine, 11 ms duration, With SSD'], 'Packing Content': ['Carton size: 416 x 409 x 347 (mm)', 'Packing Capacity: 6pcs', 'Single Box size: 308 x 191 x 130 (mm)', 'Single Box weight: Approx. 1.8kg', 'Including:', 'Terminal Blocks 1*3P x 1 (P/N: 25IO0-5ESDV0-D2R)', 'Terminal Blocks 1*2P x 1 (P/N: 25IO0-EC3500-D2R)', 'Terminal Blocks 1*10P x 1 (P/N: 25IO0-EC3810-D2R)', 'SATA cable x 1 (P/N: 25CF4-500500-S9R)', 'SATA power cable x 1 (P/N: 25CRI-190920-S9R)', 'Screw HDD M3x4L x 4 (P/N: 25984G-1C014-S00)'], 'Mounting': ['DIN Rail', 'Wall mount (Optional)'], 'Order Information': ['6BDR6412AMR-SI (Box packing)']}","{'4 x COM Ports (RS-232/422/485 & RI/5V/12V)', 'DIN Rail industrial system with Intel® Celeron® J6412 Processor', 'System Size : 160W x 118D x 62.6H (mm)', '2 x GbE LAN Ports', '1 x GPIO Port (8 Bits)', 'Intel® Celeron® J6412 Processor', 'Single Channel DDR4 3200 MHz'}",https://www.gigaipc.com/upload/catalog_list_pic/QBiX-DR-EHLA6412H-A1-3D-V-Front-01-510x530px__24B066Ax0Q.png
QBiX-Pro-BYTA1900HD-A1,Embedded Systems,https://www.gigaipc.com/en/products-detail/QBiX-Pro-BYTA1900HD-A1/,"{'Dimension': ['160W x 118D x 62.6H (mm)'], 'CPU': ['Intel® Celeron® J1900 Processor', '22nm, 4 cores, 4 threads, up to 2.42 GHz', 'TDP 10W'], 'Memory': ['1 x DDR3L SO-DIMM socket, Max. Capacity 8 GB', 'Support Single Channel DDR3L 1333 MHz memory modules'], 'Ethernet': ['2 x GbE LAN Ports (Intel® I211AT)'], 'Graphics Support': ['Integrated Grapics Processor -Intel® HD Graphics:', '1 x HDMI 1.4 port, supporting a maximum resolution of 1920x1200 @60Hz', '1 x VGA port, supporting a maximum resolution of 2560x1600 @60Hz', '(2 independent display outputs)'], 'Audio': ['Realtek® Audio codec'], 'Storage': ['1 x 2.5"" HDD/SSD (SATA 3Gb/s)'], 'Expansion-Slots': ['1 x 2280 M.2 M-Key (SATA 3Gb/s)', '1 x Full-size Mini PCIe with SIM slot (PCIe x1 + USB2.0)--support 3G/4G module'], 'Front I/O': ['2 x RJ45 LAN Ports', '1 x USB 3.2 Gen 1', '3 x USB 2.0', '1 x HDMI', '1 x VGA', '1 x COM Port (RS-232/422/485 & RI/5V/12V)', '1 x COM Port (RS-232/422/485)', '1 x Power button with LED', '1 x HDD LED', '1 x Headphone Jack'], 'Rear l/O': ['1 x Din Rail Mounting Support'], 'Side I/O': ['1 x GPIO (8 bits)', '1 x 3-pin Terminal Block', '3 x External Antenna Holes (Optional)'], 'TPM': ['1 x TPM header'], 'Power': ['+9V~36VDC (Full Range)'], 'Operation Temperature': ['Operating temperature: 0°C to 50°C', 'Operating humidity: 0-90% (non-condensing)', 'Non-operating temperature: -40°C to 85°C', 'Non-operating humidity: 0%-95% (non-condensing)', 'Use wide temperature range memory and storage'], 'Vibration During Operation': ['Operation: IEC 60068-2-64, 3 Grms, random, 5 ~ 500 Hz, 1 hr / Per Axis, With SSD/M.2 2242', 'Non-operation: IEC 60068-2-6, 2 G, Sine, 10 ~ 500 Hz, 1 Oct/min, 1 hr / Per Axis'], 'Shock During Operation': ['Operation: IEC 60068-2-27, 50 G, half sine, 11 ms duration, With SSD'], 'Packing Content': ['Carton size: 416 x 409 x 347 (mm)', 'Packing Capacity: 6pcs', 'Single Box size: 308 x 191 x 130 (mm)', 'Including:', 'Screw for 2.5"" HDD M3x4L x 4 (P/N: 25984G-1C014-S00)', 'Terminal Blocks 1*3P x 1 (P/N: 25IO0-5ESDV0-D2R)', 'Terminal Blocks 1*10P x 1 (P/N: 25IO0-EC3810-D2R)'], 'Mounting': ['DIN Rail', 'Wall mount (Optional)'], 'Order Information': ['6BQP1900BMR-SI (Box packing)'], 'Optional Kit': ['TPM 2.0 module P/N: 9CTM000NR-00', 'TPM Cable P/N: 25CRZ-100600-S9R']}","{'DIN Rail industrial system with Intel® Celeron® J1900 Processor', '1 x COM Port (RS-232/422/485)', 'Intel® Celeron® J1900 Processor', '2 x GbE LAN Ports', 'System Size : 160W x 118D x 62.6H(mm)', '1 x COM Port (RS-232/422/485 & RI/5V/12V)', 'Single Channel DDR3L 1333 MHz'}",https://www.gigaipc.com/upload/catalog_list_pic/QBiX-Pro_BYTA1900HD-A1-3D-V-Front-01-510x530px__24B065irvA.png
OPS-H610B,Modules & Kits,https://www.gigaipc.com/en/products-detail/OPS-H610B/,"{'Dimension': ['180W x 120D x 30H (mm)'], 'CPU': ['Support for 13th/12th Generation', 'Intel® Core™ i7/i5/i3, Pentium® & Celeron® processors in the LGA1700 package', 'TDP under 35W', '※ Please refer to CPU support list for more information.'], 'Chipset': ['Intel® H610 Chipset'], 'Memory': ['1 x DDR4 SO-DIMM socket, Max. Capacity 16 GB', 'Support Single channel DDR4 3200 MHz memory module'], 'Ethernet': ['1 x GbE LAN Port (Realtek® RTL8111H)'], 'Graphics': ['Integrated Graphics Processor - depends on CPU:', '1 x DP port, supporting a maximum resolution of 3840x2160 @60Hz', '(1 independent display output)'], 'Audio': ['Realtek® ALC897'], 'Expansion Slots': ['1 x 2280 M.2 M Key (PCIe Gen 3x4)', '1 x 2230 M.2 E Key'], 'Front I/O': ['1 x Display Port', '1 x RJ45 LAN Port', '1 x USB 3.2 Type A Gen 1', '1 x USB 3.2 Type C Gen 1', '1 x Combo Audio Jack (Headphone & Headset)', '2 x External Antenna Holes (Optional)', '1 x Reset button', '1 x Power button', '1 x PWR LED', '1 x HDD LED'], 'Rear l/O': ['1 x80-pin JAE Tx25 OPS connector'], 'TPM': ['Onboard TPM 2.0 security chip', 'INFINEON SLB9670VQ2.0'], 'OS Compatibility': ['Windows 10/11 (x64)'], 'Operating Properties': ['Operating temperature: 0°C to 45°C', 'Operating humidity: 0-90% (non-condensing)', 'Non-operating temperature: -20°C to 70°C', 'Non-operating humidity: 0%-95% (non-condensing)', 'Use wide temperature range memory and storage'], 'Packing Content': ['Carton size: 505 x 333 x 231 (mm)', 'Bulk Packing Capacity: 10pcs', 'Including:', 'External Antenna x 20 (P/N: 25CA0-112001-A5S)', '※ The ratio of OPS system to antennas is 1:2'], 'Order Information': ['6BOPH610BNR-SI (Bulk Packing)']}","{'Intel® H610 Express Chipset', 'Single channel memory DDR4, 1 x SO-DIMM', '1 x Display port', '1 x GbE LAN port', 'Open Pluggable Specification (OPS) with 13th/12th Generation Intel® Core™ Processor, DDR4 memory, M.2 slot, JAE connector', 'System Size : 180W x 120D x 30H (mm)', 'Supports 13th/12th Generation Intel® Core™ Processors'}",https://www.gigaipc.com/upload/catalog_list_pic/OPS-H610B_OP-H610B-3D-Left_FrontIO-340x353px__24G16lJOlk.png
CIBPU,Modules & Kits,https://www.gigaipc.com/en/products-detail/CIBPU/,"{'Dimension': ['190W x 62D (mm)'], 'Expansion Slots': ['1 x PCIe x8 slot for SDM-L module', '1 x Full-size Mini PCIe (PCIe only)'], 'Internal I/O': ['2 x I2C', '1 x GPIO', '1 x UART (TX, RX only)'], 'Rear l/O': ['1 x USB 3.2 Gen 1', '1 x Display Port', '1 x HDMI', '1 x DC-Jack', '1 x 2x2 power connector'], 'Operating Properties': ['Operating temperature: 0°C to +55°C'], 'Order Information': ['9CIBPUNR-SI (Bulk packing)']}","{'Size : 190W x 62D (mm)', 'Environment : Operation 0°C to 55°C', '1 x PCIe x8 slot for SDM-L module', 'SDM Docking board'}",https://www.gigaipc.com/upload/catalog_list_pic/CIBPU-SI-IO-Top_340x353px__25L04cW4qs.png
SDM-1345EAL,Modules & Kits,https://www.gigaipc.com/en/products-detail/SDM-1345EAL/,"{'Form Factor': ['SDM-Large', '175W x 100D(mm)'], 'CPU': ['Intel® Core™ i5-1345UE Processor', 'Intel® 7, 10 cores, 2P+8E, 12 threads, up to 4.6 GHz', 'vPro support, TDP 15W', '12 MB Smart Cache'], 'Socket': ['1 x FCBGA1744'], 'Memory': ['2 x DDR5 SO-DIMM sockets, Max. Capacity 64 GB', 'Support Dual Channel DDR5 5200 MHz memory modules'], 'Ethernet': ['1 x 2.5GbE LAN Port (Intel® I225LM)'], 'Video': ['Integrated Graphics Processor - Intel® Iris Xe Graphics:', '1 x HDMI 2.1 (SDM), supporting a maximum resolution of 7680x4320 @60Hz', '1 x Display Port 1.4a (SDM), supporting a maximum resolution of 7680x4320 @60Hz', '1 x HDMI 2.1 (Rear), supporting a maximum resolution of 7680x4320 @60Hz', '1 x HDMI 2.0 (Rear), supporting a maximum resolution of 4096x2160 @60Hz', '1 x DP 1.4 through USB type C (8k), supporting a maximum resolution of 7680x4320 @60Hz', '(4 independent display outputs)'], 'Audio': ['Intel® Integrated Audio'], 'Expansion Slots': ['1 x 2280 M.2 M-Key (PCIe Gen 4x4)', '1 x 2230 M.2 E-Key'], 'Rear l/O': ['2 x HDMI', '1 x RJ45 LAN Port', '3 x USB 3.2 Type A Gen 2x1', '1 x USB 3.2 Type C Gen 2x1 (with DP output)', '1 x PWR LED', '1 x HDD LED', '2 x External Antenna Holes (Optional)', '1 x Reset button', '1 x Power button'], 'TPM': ['Onboard TPM 2.0 security chip', 'INFINEON SLB9670VQ2.0'], 'OS Compatibility': ['Windows 10/11 (x64)'], 'Operating Properties': ['Operating temperature: 0°C to +55°C', 'Operating humidity: 0%-90% (non-condensing)', 'Non-operating temperature: -40°C to +85°C', 'Non-operating humidity: 0%-95% (non-condensing)'], 'Packing Content': ['Carton size: 465 x 351 x 217 (mm)', 'Packing Capacity: 10pcs', 'Single Box size: 221 x 178 x 65 (mm)', 'Single Box weight: Approx. 0.46kg', 'Including:', 'Screw Kit with #0 ZIPLOCK BAG SCREW-BIND M3.0*L5.0 NI x 2pcs (P/N: 25KSD-130053-S0R)', 'Followings are the optional components to be purchased only when choosing M.2 NVMe SSD for SKU combination:', 'DIMM2 PAD P/N: 25ST3-200086-T5R*1', 'M.2 Standoff P/N: 12KSF-F10303-20R*1', 'M.2 Screw P/N: 25KSG-130048-S0R*1', 'M.2 Bracket P/N: 25ST1-1231Z0-S7R*1'], 'Order Information': ['9MRLUCALMR-SI (Box packing)'], 'Optional Kit': ['Internal Wi-Fi Cable P/N: 25CA0-090004-A5S (90mm) *1 + 25CA0-280003-A5S (280mm) *1', 'External Wi-Fi 5 Antenna P/N: 25CA0-112001-A5S *2', 'External Wi-Fi 6/6E Antenna P/N: 25CA0-163002-A5S *2']}","{'3 x USB 3.2 Type A Gen 2x1', '8K Smart Display Module (SDM)', 'Dual Channel DDR5, 2 x SO-DIMMs', 'Intel® Smart Display Module with Intel® 13th Generation Core™ i5-1345UE Processor', 'Intel® Core™ i5-1345UE Processor, vPro support', '1 x USB 3.2 Type C Gen 2x1 (with DP output)', '1 x 2.5GbE LAN Port', 'Environment : Operation 0°C to 55°C'}",https://www.gigaipc.com/upload/catalog_list_pic/SDM-1335AL-01__25B24Uobt8.webp
SDM-1335AL,Modules & Kits,https://www.gigaipc.com/en/products-detail/SDM-1335AL/,"{'Form Factor': ['SDM-Large', '175W x 100D(mm)'], 'CPU': ['Intel® Core™ i5-1335U Processor', 'Intel® 7, 10 cores, 2P+8E, 12 threads, up to 4.6 GHz', 'TDP 15W', '12 MB Smart Cache'], 'Socket': ['1 x FCBGA1744'], 'Memory': ['2 x DDR5 SO-DIMM sockets, Max. Capacity 64 GB', 'Support Dual Channel DDR5 5200 MHz memory modules'], 'Ethernet': ['1 x 2.5GbE LAN Port (Intel® I225LM)'], 'Video': ['Integrated Graphics Processor - Intel® Iris Xe Graphics:', '1 x HDMI 2.1 (SDM), supporting a maximum resolution of 7680x4320 @60Hz', '1 x Display Port 1.4a (SDM), supporting a maximum resolution of 7680x4320 @60Hz', '1 x HDMI 2.1 (Rear), supporting a maximum resolution of 7680x4320 @60Hz', '1 x HDMI 2.0 (Rear), supporting a maximum resolution of 4096x2160 @60Hz', '1 x DP 1.4 through USB type C (8k), supporting a maximum resolution of 7680x4320 @60Hz', '(4 independent display outputs)'], 'Audio': ['Intel® Integrated Audio'], 'Expansion Slots': ['1 x 2280 M.2 M-Key (PCIe Gen 4x4)', '1 x 2230 M.2 E-Key'], 'Rear l/O': ['2 x HDMI', '1 x RJ45 LAN Port', '3 x USB 3.2 Type A Gen 2x1', '1 x USB 3.2 Type C Gen 2x1 (with DP output)', '1 x PWR LED', '1 x HDD LED', '2 x External Antenna Holes (Optional)', '1 x Reset button', '1 x Power button'], 'TPM': ['Onboard TPM 2.0 security chip', 'INFINEON SLB9670VQ2.0'], 'OS Compatibility': ['Windows 10/11 (x64)'], 'Operating Properties': ['Operating temperature: 0°C to +55°C', 'Operating humidity: 0%-90% (non-condensing)', 'Non-operating temperature: -40°C to +85°C', 'Non-operating humidity: 0%-95% (non-condensing)'], 'Packing Content': ['Carton size: 465 x 351 x 217 (mm)', 'Packing Capacity: 10pcs', 'Single Box size: 221 x 178 x 65 (mm)', 'Single Box weight: Approx. 0.46kg', 'Including:', 'Screw Kit with #0 ZIPLOCK BAG SCREW-BIND M3.0*L5.0 NI x 2pcs (P/N: 25KSD-130053-S0R)', 'Followings are the optional components to be purchased only when choosing M.2 NVMe SSD for SKU combination:', 'DIMM2 PAD P/N: 25ST3-200086-T5R*1', 'M.2 Standoff P/N: 12KSF-F10303-20R*1', 'M.2 Screw P/N: 25KSG-130048-S0R*1', 'M.2 Bracket P/N: 25ST1-1231Z0-S7R*1'], 'Order Information': ['9MRLU5ALMR-SI (Box packing)'], 'Optional Kit': ['Internal Wi-Fi Cable P/N: 25CA0-090004-A5S (90mm) *1 + 25CA0-280003-A5S (280mm) *1', 'External Wi-Fi 5 Antenna P/N: 25CA0-112001-A5S *2', 'External Wi-Fi 6/6E Antenna P/N: 25CA0-163002-A5S *2']}","{'3 x USB 3.2 Type A Gen 2x1', '8K Smart Display Module (SDM)', 'Dual Channel DDR5, 2 x SO-DIMMs', 'Intel® Smart Display Module with Intel® 13th Generation Core™ i5-1335U Processor', '1 x USB 3.2 Type C Gen 2x1 (with DP output)', 'Intel® Core™ i5-1335U Processor', '1 x 2.5GbE LAN Port', 'Environment : Operation 0°C to 55°C'}",https://www.gigaipc.com/upload/catalog_list_pic/SDM-1335AL-01__24F18emV5V.webp
SDM-1315AL,Modules & Kits,https://www.gigaipc.com/en/products-detail/SDM-1315AL/,"{'Form Factor': ['SDM-Large', '175W x 100D(mm)'], 'CPU': ['Intel® Core™ i3-1315U Processor', 'Intel® 7, 6 cores, 2P+4E, 8 threads, up to 4.5 GHz', 'TDP 15W', '10 MB Smart Cache'], 'Socket': ['1 x FCBGA1744'], 'Memory': ['2 x DDR5 SO-DIMM sockets, Max. Capacity 64 GB', 'Support Dual Channel DDR5 5200 MHz memory modules'], 'Ethernet': ['1 x 2.5GbE LAN Port (Intel® I225LM)'], 'Video': ['Integrated Graphics Processor - Intel® UHD Graphics for 13th Gen Intel® Processors:', '1 x HDMI 2.1 (SDM), supporting a maximum resolution of 7680x4320 @60Hz', '1 x Display Port 1.4a (SDM), supporting a maximum resolution of 7680x4320 @60Hz', '1 x HDMI 2.1 (Rear), supporting a maximum resolution of 7680x4320 @60Hz', '1 x HDMI 2.0 (Rear), supporting a maximum resolution of 4096x2160 @60Hz', '1 x DP 1.4 through USB type C (8k), supporting a maximum resolution of 7680x4320 @60Hz', '(4 independent display outputs)'], 'Audio': ['Intel® Integrated Audio'], 'Expansion Slots': ['1 x 2280 M.2 M-Key (PCIe Gen 4x4)', '1 x 2230 M.2 E-Key'], 'Rear l/O': ['2 x HDMI', '1 x RJ45 LAN Port', '3 x USB 3.2 Type A Gen 2x1', '1 x USB 3.2 Type C Gen 2x1 (with DP output)', '1 x PWR LED', '1 x HDD LED', '2 x External Antenna Holes (Optional)', '1 x Reset button', '1 x Power button'], 'TPM': ['Onboard TPM 2.0 security chip', 'INFINEON SLB9670VQ2.0'], 'OS Compatibility': ['Windows 10/11 (x64)'], 'Operating Properties': ['Operating temperature: 0°C to +55°C', 'Operating humidity: 0%-90% (non-condensing)', 'Non-operating temperature: -40°C to +85°C', 'Non-operating humidity: 0%-95% (non-condensing)'], 'Packing Content': ['Carton size: 465 x 351 x 217 (mm)', 'Packing Capacity: 10pcs', 'Single Box size: 221 x 178 x 65 (mm)', 'Single Box weight: Approx. 0.46kg', 'Including:', 'Screw Kit with #0 ZIPLOCK BAG SCREW-BIND M3.0*L5.0 NI x 2pcs (P/N: 25KSD-130053-S0R)', 'Followings are the optional components to be purchased only when choosing M.2 NVMe SSD for SKU combination:', 'DIMM2 PAD P/N: 25ST3-200086-T5R*1', 'M.2 Standoff P/N: 12KSF-F10303-20R*1', 'M.2 Screw P/N: 25KSG-130048-S0R*1', 'M.2 Bracket P/N: 25ST1-1231Z0-S7R*1'], 'Order Information': ['9MRLU3ALMR-SI (Box packing)'], 'Optional Kit': ['Internal Wi-Fi Cable P/N: 25CA0-090004-A5S (90mm) *1 + 25CA0-280003-A5S (280mm) *1', 'External Wi-Fi 5 Antenna P/N: 25CA0-112001-A5S *2', 'External Wi-Fi 6/6E Antenna P/N: 25CA0-163002-A5S *2']}","{'3 x USB 3.2 Type A Gen 2x1', '8K Smart Display Module (SDM)', 'Dual Channel DDR5, 2 x SO-DIMMs', 'Intel® Smart Display Module with Intel® 13th Generation Core™ i3-1315U Processor', '1 x USB 3.2 Type C Gen 2x1 (with DP output)', '1 x 2.5GbE LAN Port', 'Intel® Core™ i3-1315U Processor', 'Environment : Operation 0°C to 55°C'}",https://www.gigaipc.com/upload/catalog_list_pic/SDM-1335AL-01__24H12FwEKh.webp
SDM-1165G7L,Modules & Kits,https://www.gigaipc.com/en/products-detail/SDM-1165G7L/,"{'Form Factor': ['SDM-Large', '175W x 100D(mm)'], 'CPU': ['Intel® Core™ i7-1165G7 Processor', '10nm SuperFin, 4 cores, 8 threads, up to 4.70 GHz', 'TDP 28W'], 'Socket': ['1 x FCBGA1449'], 'Memory': ['2 x DDR4 SO-DIMM sockets, Max. Capacity 64 GB', 'Support Dual Channel DDR4 3200 MHz memory modules'], 'Ethernet': ['1 x GbE LAN Port (Intel® I219V)'], 'Video': ['Integrated Graphics Processor - Intel® Iris Xᵉ Graphics:', '1 x HDMI 2.0 (SDM), supporting a maximum resolution of 4096x2160 @60Hz', '1 x Display Port (SDM), supporting a maximum resolution of 4096x2160 @60Hz', '2 x HDMI 2.0 (Rear), supporting a maximum resolution of 4096x2160 @60Hz', '(4 independent display outputs)'], 'Audio': ['Intel® Integrated Audio'], 'Expansion Slots': ['1 x 2280 M.2 M-Key (PCIe x4, SATA 6Gb/s)', '1 x 2230 M.2 E-Key'], 'Rear l/O': ['2 x HDMI', '1 x RJ45 LAN Port', '3 x USB 3.2 Gen 1', '1 x USB 2.0', '1 x PWR LED', '1 x HDD LED', '2 x External Antenna Holes (Optional)', '1 x Reset button', '1 x Power button'], 'TPM': ['1 x TPM header'], 'OS Compatibility': ['Windows® 10 (x64)'], 'Operating Properties': ['Operating temperature: 0°C to +55°C', 'Operating humidity: 0%-90% (non-condensing)', 'Non-operating temperature: -40°C to +85°C', 'Non-operating humidity: 0%-95% (non-condensing)'], 'Packing Content': ['Carton size: 465 x 351 x 217 (mm)', 'Packing Capacity: 10pcs', 'Single Box size: 221 x 178 x 65 (mm)', 'Single Box weight: Approx. 0.46kg', 'Including:', 'Screw Kit with #0 ZIPLOCK BAG SCREW-BIND M3.0*L5.0 NI x 2pcs (P/N: 25KSD-130053-S0R)'], 'Order Information': ['9MTGU7ALMR-SI (Box packing)'], 'Optional Kit': ['TPM 2.0 module P/N: 9CTM010NR-00', 'TPM Cable P/N: 25CRZ-100600-S9R', 'Internal Wi-Fi Cable P/N: 25CA0-090004-A5S (90mm) *1 + 25CA0-280003-A5S (280mm) *1', 'External Wi-Fi 5 Antenna P/N: 25CA0-112001-A5S *2', 'External Wi-Fi 6/6E Antenna P/N: 25CA0-163002-A5S *2', 'Followings are the optional components to be purchased only when choosing M.2 NVMe SSD for SKU combination:', 'DIMM2 PAD P/N: 25ST3-200086-T5R*1', 'M.2 Standoff P/N: 12KSF-F10303-20R*1', 'M.2 Screw P/N: 25KSG-130048-S0R*1', 'M.2 Bracket P/N: 25ST1-1231Z0-S7R*1']}","{'1 x USB 2.0', 'Intel® Core™ i7-1165G7 Processor', 'Intel® Smart Display Module with Intel® 11th Generation Core™ i7-1165G7 Processor', '1 x GbE LAN Port', 'Dual Channel DDR4, 2 x SO-DIMMs', 'Support 4K/60Hz, HDCP v2.2', 'Environment : Operation 0°C to 55°C', '3 x USB 3.2 Gen 1'}",https://www.gigaipc.com/upload/catalog_list_pic/SDM-1165G7L-01__24F18v3wc8.webp
SDM-1185G7EL,Modules & Kits,https://www.gigaipc.com/en/products-detail/SDM-1185G7EL/,"{'Form Factor': ['SDM-Large', '175W x 100D(mm)'], 'CPU': ['Intel® Core™ i7-1185G7E Processor', '10nm SuperFin, 4 cores, 8 threads, up to 4.40 GHz', 'TDP 28W'], 'Socket': ['1 x FCBGA1449'], 'Memory': ['16GB LPDDR4x-4267 MT/s (Soldered)'], 'Ethernet': ['1 x 2.5GbE LAN Port (Intel® I225LM)'], 'Video': ['Integrated Graphics Processor - Intel® Iris Xᵉ Graphics:', '2 x HDMI 2.1 (SDM), supporting a maximum resolution of 7680x4320 @60Hz', '2 x HDMI 2.0 (Rear), supporting a maximum resolution of 4096x2160 @60Hz', '1 x DP 1.4 through USB type C (8k), supporting a maximum resolution of 7680x4320 @60Hz', '(4 independent display outputs)'], 'Audio': ['Intel® Integrated Audio'], 'Storage': ['1 x 2280 M.2 M-Key (Support NVME only)', 'Default SSD supplied with 128GB and heatsink'], 'Expansion Slots': ['1 x 2230 M.2 E-Key (with Intel® AX210 Wi-Fi Card)', '1 x 3052 M.2 B-Key (Support 5G)'], 'Rear l/O': ['2 x HDMI', '1 x RJ45 LAN Port', '2 x USB 3.2 Type A Gen 2x1', '1 x USB 3.2 Type C Gen 2x1 (with DP output)', '1 x PWR LED', '1 x HDD LED', '4 x External Antenna Holes (Optional)', '1 x Reset button', '1 x Power button'], 'TPM': ['1 x TPM header (SPI interface)'], 'OS Compatibility': ['Windows® 10/11 (x64)'], 'Operating Properties': ['Operating temperature: 0°C to 55°C', 'Operating humidity: 0%-90% (non-condensing)', 'Non-operating temperature: -40°C to 85°C', 'Non-operating humidity: 0%-95% (non-condensing)'], 'Packing Content': ['Carton size: 469 x 382 x 381 (mm)', 'Packing Capacity: 10pcs', 'Single Box size: 345 x 221 x 70 (mm)', 'Single Box weight : Approx. 1.5kg', 'Including :', 'US power cord x 1 (P/N: 25CP0-007001-Q0R)', 'PSU ADP 12V 120W 100-240VAC x 1 (P/N: 25EP4-201202-F3S)', 'External Antenna for WiFi module x 2 (P/N: 25CA0-163002-A5S)'], 'Order Information': ['9MTGU7BLMR-IA (Box packing)'], 'Optional Kit': ['TPM 2.0 module P/N: 9CTM010NR-00', 'TPM Cable P/N: 25CRZ-100600-S9R']}","{'Intel® Smart Display Module with Intel® 11th Generation Core™ i7-1185G7E Processor', '8K Smart Display Module (SDM)', '2 x HDMI 2.0', 'Intel® Core™ i7-1185G7E Processor', '1 x USB 3.2 Type C Gen 2x1 (with DP output)', '1 x 2.5GbE LAN Port', '16GB LPDDR4x-4267 MT/s (Soldered)', '2 x USB 3.2 Type A Gen 2x1', 'Environment : Operation 0°C to 55°C'}",https://www.gigaipc.com/upload/catalog_list_pic/SDM-1185G7EL-A10-L10-3D-Top-510x530px__24F18VZUOU.png
SDM-1135G7L,Modules & Kits,https://www.gigaipc.com/en/products-detail/SDM-1135G7L/,"{'Form Factor': ['SDM-Large', '175W x 100D(mm)'], 'CPU': ['Intel® Core™ i5-1135G7 Processor', '10nm SuperFin, 4 cores, 8 threads, up to 4.20 GHz', 'TDP 28W'], 'Socket': ['1 x FCBGA1449'], 'Memory': ['2 x DDR4 SO-DIMM sockets, Max. Capacity 64 GB', 'Support Dual Channel DDR4 3200 MHz memory modules'], 'Ethernet': ['1 x GbE LAN Port (Intel® I219V)'], 'Video': ['Integrated Graphics Processor - Intel® Iris Xᵉ Graphics:', '1 x HDMI 2.0 (SDM), supporting a maximum resolution of 4096x2160 @60Hz', '1 x Display Port (SDM), supporting a maximum resolution of 4096x2160 @60Hz', '2 x HDMI 2.0 (Rear), supporting a maximum resolution of 4096x2160 @60Hz', '(4 independent display outputs)'], 'Audio': ['Intel® Integrated Audio'], 'Expansion Slots': ['1 x 2280 M.2 M-Key (PCIe x4, SATA 6Gb/s)', '1 x 2230 M.2 E-Key'], 'Rear l/O': ['2 x HDMI', '1 x RJ45 LAN Port', '3 x USB 3.2 Gen 1', '1 x USB 2.0', '1 x PWR LED', '1 x HDD LED', '2 x External Antenna Holes (Optional)', '1 x Reset button', '1 x Power button'], 'TPM': ['1 x TPM header'], 'OS Compatibility': ['Windows® 10 (x64)'], 'Operating Properties': ['Operating temperature: 0°C to 55°C', 'Operating humidity: 0%-90% (non-condensing)', 'Non-operating temperature: -40°C to 85°C', 'Non-operating humidity: 0%-95% (non-condensing)'], 'Packing Content': ['Carton size: 465 x 351 x 217 (mm)', 'Packing Capacity: 10pcs', 'Single Box size: 221 x 178 x 65 (mm)', 'Single Box weight: Approx. 0.46kg', 'Including:', 'Screw Kit with #0 ZIPLOCK BAG SCREW-BIND M3.0*L5.0 NI x 2pcs (P/N: 25KSD-130053-S0R)'], 'Order Information': ['9MTGU5ALMR-SI (Box packing)'], 'Optional Kit': ['TPM 2.0 module P/N: 9CTM010NR-00', 'TPM Cable P/N: 25CRZ-100600-S9R', 'Internal Wi-Fi Cable P/N: 25CA0-090004-A5S (90mm) *1 + 25CA0-280003-A5S (280mm) *1', 'External Wi-Fi 5 Antenna P/N: 25CA0-112001-A5S *2', 'External Wi-Fi 6/6E Antenna P/N: 25CA0-163002-A5S *2', 'Followings are the optional components to be purchased only when choosing M.2 NVMe SSD for SKU combination:', 'DIMM2 PAD P/N: 25ST3-200086-T5R*1', 'M.2 Standoff P/N: 12KSF-F10303-20R*1', 'M.2 Screw P/N: 25KSG-130048-S0R*1', 'M.2 Bracket P/N: 25ST1-1231Z0-S7R*1']}","{'1 x USB 2.0', 'Intel® Core™ i5-1135G7 Processor', '1 x GbE LAN Port', 'Dual Channel DDR4, 2 x SO-DIMMs', 'Support 4K/60Hz, HDCP v2.2', 'Intel® Smart Display Module with Intel® 11th Generation Core™ i5-1135G7 Processor', 'Environment : Operation 0°C to 55°C', '3 x USB 3.2 Gen 1'}",https://www.gigaipc.com/upload/catalog_list_pic/SDM-1135G7L_G4L_Top_510x530px__24F18zyr4Z.png
SDM-1115G4L,Modules & Kits,https://www.gigaipc.com/en/products-detail/SDM-1115G4L/,"{'Form Factor': ['SDM-Large', '175W x 100D(mm)'], 'CPU': ['Intel® Core™ i3-1115G4 Processor', '10nm SuperFin, 2 cores, 4 threads, up to 4.10 GHz', 'TDP 28W'], 'Socket': ['1 x FCBGA1449'], 'Memory': ['2 x DDR4 SO-DIMM sockets, Max. Capacity 64 GB', 'Support Dual Channel DDR4 3200 MHz memory modules'], 'Ethernet': ['1 x GbE LAN Port (Intel® I219V)'], 'Video': ['Integrated Graphics Processor - Intel® UHD Graphics:', '1 x HDMI 2.0 (SDM), supporting a maximum resolution of 4096x2160 @60Hz', '1 x Display Port (SDM), supporting a maximum resolution of 4096x2160 @60Hz', '2 x HDMI 2.0 (Rear), supporting a maximum resolution of 4096x2160 @60Hz', '(4 independent display outputs)'], 'Audio': ['Intel® Integrated Audio'], 'Expansion Slots': ['1 x 2280 M.2 M-Key (PCIe x4, SATA 6Gb/s)', '1 x 2230 M.2 E-Key'], 'Rear l/O': ['2 x HDMI', '1 x RJ45 LAN Port', '3 x USB 3.2 Gen 1', '1 x USB 2.0', '1 x PWR LED', '1 x HDD LED', '2 x External Antenna Holes (Optional)', '1 x Reset button', '1 x Power button'], 'TPM': ['1 x TPM header'], 'OS Compatibility': ['Windows® 10 (x64)'], 'Operating Properties': ['Operating temperature: 0°C to 55°C', 'Operating humidity: 0%-90% (non-condensing)', 'Non-operating temperature: -40°C to 85°C', 'Non-operating humidity: 0%-95% (non-condensing)'], 'Packing Content': ['Carton size: 465 x 351 x 217 (mm)', 'Packing Capacity: 10pcs', 'Single Box size: 221 x 178 x 65 (mm)', 'Single Box weight: Approx. 0.46kg', 'Including:', 'Screw Kit with #0 ZIPLOCK BAG SCREW-BIND M3.0*L5.0 NI x 2pcs (P/N: 25KSD-130053-S0R)'], 'Order Information': ['9MTGU3ALMR-SI (Box packing)'], 'Optional Kit': ['TPM 2.0 module P/N: 9CTM010NR-00', 'TPM Cable P/N: 25CRZ-100600-S9R', 'Internal Wi-Fi Cable P/N: 25CA0-090004-A5S (90mm) *1 + 25CA0-280003-A5S (280mm) *1', 'External Wi-Fi 5 Antenna P/N: 25CA0-112001-A5S *2', 'External Wi-Fi 6/6E Antenna P/N: 25CA0-163002-A5S *2', 'Followings are the optional components to be purchased only when choosing M.2 NVMe SSD for SKU combination:', 'DIMM2 PAD P/N: 25ST3-200086-T5R*1', 'M.2 Standoff P/N: 12KSF-F10303-20R*1', 'M.2 Screw P/N: 25KSG-130048-S0R*1', 'M.2 Bracket P/N: 25ST1-1231Z0-S7R*1']}","{'1 x USB 2.0', '1 x GbE LAN Port', 'Dual Channel DDR4, 2 x SO-DIMMs', 'Support 4K/60Hz, HDCP v2.2', 'Intel® Core™ i3-1115G4 Processor', 'Intel® Smart Display Module with Intel® 11th Generation Core™ i3-1115G4 Processor', 'Environment : Operation 0°C to 55°C', '3 x USB 3.2 Gen 1'}",https://www.gigaipc.com/upload/catalog_list_pic/SDM-1135G7L_G4L_Top_510x530px__24F18pH9TL.png
SDM-7300L,Modules & Kits,https://www.gigaipc.com/en/products-detail/SDM-7300L/,"{'Form Factor': ['SDM-Large', '175W x 100D(mm)'], 'CPU': ['Intel® Core™ i5-7300U Processor', '14nm, 2 cores, 4 threads, up to 3.5 GHz', 'Intel® vPro support, TDP 15W'], 'Socket': ['1 x FCBGA 1356'], 'Memory': ['2 x DDR4 SO-DIMM sockets, Max. Capacity 32 GB', 'Support Dual Channel DDR4 2133 MHz memory modules'], 'Ethernet': ['1 x GbE LAN Port (Intel® I219LM)'], 'Video': ['Integrated Graphics Processor - Intel® HD Graphics 620:', '1 x HDMI 2.0 (SDM), supporting a maximum resolution of 4096x2160 @60Hz', '1 x Display Port (Rear/SDM), supporting a maximum resolution of 4096x2160 @60Hz', '(2 independent display outputs)'], 'Audio': ['Intel® Integrated Audio'], 'Expansion Slots': ['1 x 2280 M.2 M-Key (PCIe x4, SATA 6Gb/s)', '1 x 2230 M.2 E-Key'], 'Rear l/O': ['1 x Display Port', '1 x RJ45 LAN Port', '4 x USB 3.2 Gen 1', '1 x PWR LED', '1 x HDD LED', '2 x External Antenna Holes (Optional)', '1 x Reset button', '1 x Power button'], 'TPM': ['1 x TPM header'], 'OS Compatibility': ['Windows® 10 (x64)'], 'Operating Properties': ['Operating temperature: 0°C to 55°C', 'Operating humidity: 0%-90% (non-condensing)', 'Non-operating temperature: -40°C to 85°C', 'Non-operating humidity: 0%-95% (non-condensing)'], 'Packing Content': ['Carton size: 465 x 351 x 217 (mm)', 'Packing Capacity: 10pcs', 'Single Box size: 221 x 178 x 65 (mm)', 'Including:', 'Screw Kit with #0 ZIPLOCK BAG SCREW-BIND M3.0*L5.0 NI x 2pcs (P/N: 25KSD-130053-S0R)'], 'Order Information': ['9MFLP5ALMR-SI (Box packing)'], 'Optional Kit': ['TPM 2.0 module: 9CTM000NR-00', 'TPM Cable: 25CRZ-100600-S9R']}","{'Intel® Core™ i5-7300U Processor', '1 x GbE LAN Port', 'Ultra-Fast M.2 with SATA/PCIe Gen3 x4 interface', 'HDMI and DP for dual display outputs', '4 x USB 3.2 Gen 1', 'Dual Channel DDR4, 2 x SO-DIMMs', 'Intel® vPro support', 'Intel® Smart Display Module with Intel® i5-7300U Processor, Intel® vPro support'}",https://www.gigaipc.com/upload/catalog_list_pic/SDM-7100L-3D-with-Antenna_510x530px__24F18TcsFa.png
SDM-7100L,Modules & Kits,https://www.gigaipc.com/en/products-detail/SDM-7100L/,"{'Form Factor': ['SDM-Large', '175W x 100D(mm)'], 'CPU': ['Intel® Core™ i3-7100U Processor', '14nm, 2 cores, 4 threads, 2.4 GHz', 'TDP 15W'], 'Socket': ['1 x FCBGA 1356'], 'Memory': ['2 x DDR4 SO-DIMM sockets, Max. Capacity 32 GB', 'Support Dual Channel DDR4 2133 MHz memory modules'], 'Ethernet': ['1 x GbE LAN Port (Intel® I219V)'], 'Video': ['Integrated Graphics Processor - Intel® HD Graphics 620:', '1 x HDMI 2.0 port (SDM), supporting a maximum resolution of 4096x2160 @60Hz', '1 x DP port (Rear/SDM side), supporting a maximum resolution of 4096x2160 @60Hz', '(2 independent display outputs)'], 'Audio': ['Intel® Integrated Audio'], 'Expansion Slots': ['1 x 2280 M.2 M-Key (PCIe x4, SATA 6Gb/s)', '1 x 2230 M.2 E-key (WiFi/BT)'], 'Rear l/O': ['1 x Display Port', '1 x RJ45 LAN Port', '4 x USB 3.2 Gen 1', '1 x PWR LED', '1 x HDD LED', '2 x External Antenna Holes (Optional)', '1 x Reset button', '1 x Power button'], 'OS Compatibility': ['Windows 10 (x64)'], 'Operating Properties': ['Operating temperature: 0°C to +55°C', 'Operating humidity: 0-90% (non-condensing)', 'Non-operating temperature: -40°C to +85°C', 'Non-operating humidity: 0%-95% (non-condensing)'], 'Packing Content': ['Carton size: 465 x 351 x 217 (mm)', 'Packing Capacity: 10pcs', 'Single Box size: 221 x 178 x 65 (mm)', 'Including: Screw Kit with #0 ZIPLOCK BAG SCREW-BIND M3.0*L5.0 NI x 2pcs (P/N: 25KSD-130053-S0R)'], 'Order Information': ['9MFLP3ALMR-SI (Box packing)']}","{'Ultra-Fast M.2 with PCIe Gen3 x4 interface', '1 x GbE LAN Port', 'Intel® Smart Display Module with Intel® i3-7100U Processor', 'HDMI and DP for dual display outputs', '4 x USB 3.2 Gen 1', 'Dual Channel DDR4, 2 x SO-DIMMs', 'Intel® Core™ i3-7100U Processor'}",https://www.gigaipc.com/upload/catalog_list_pic/SDM-7100L-3D-with-Antenna_510x530px__24F18sDrVS.png
SDM-3350L-QV,Modules & Kits,https://www.gigaipc.com/en/products-detail/SDM-3350L-QV/,"{'Form Factor': ['SDM-Large', '175W x 100D(mm)'], 'CPU': ['Intel® Celeron® N3350 Processor', '14nm, 2 cores, 2 threads, up to 2.4 GHz', 'TDP 6W'], 'Socket': ['1 x FCBGA 1296'], 'Memory': ['2 x DDR3L SO-DIMM sockets, Max. Capacity 8 GB', 'Support Dual Channel DDR3L 1866 MHz memory modules'], 'Ethernet': ['1 x GbE LAN Port (Realtek® RTL8111HS)'], 'Video': ['Integrated Graphics Processor -Intel® HD Graphics 500:', 'Support SDM interface: HDMI & DP (FHD)', 'Rear IO: DP (FHD)', '1 x HDMI 1.4 port (SDM), supporting a maximum resolution of 3840x2160 @30Hz', '2 x DP port (Rear/SDM), supporting a maximum resolution of 1920x1080 @30Hz', '(3 independent display outputs)'], 'Audio': ['Intel® Integrated Audio'], 'Storage': ['1 x eMMC 32GB'], 'Expansion Slots': ['1 x 2280 M.2 M-Key (SATA 6Gb/s)', '1 x 2230 M.2 E-key (WiFi/BT)'], 'Rear l/O': ['1 x Display Port', '1 x RJ45 LAN Port', '4 x USB 3.2 Gen 1', '1 x PWR LED', '1 x HDD LED', '2 x External Antenna Holes (Optional)', '1 x Reset button', '1 x Power button'], 'OS Compatibility': ['Windows® 10 (x64)'], 'Operating Properties': ['Operating temperature: 0°C to +55°C', 'Operating humidity: 0-90% (non-condensing)', 'Non-operating temperature: -40°C to +85°C', 'Non-operating humidity: 0%-95% (non-condensing)'], 'Packing Content': ['Carton size: 465 x 351 x 217 (mm)', 'Packing Capacity: 10pcs', 'Single Box size: 221 x 178 x 65 (mm)', 'Single Box weight: Approx. 0.46kg', 'Including:', 'Screw Kit with #0 ZIPLOCK BAG SCREW-BIND M3.0*L5.0 NI x 2pcs (P/N: 25KSD-130053-S0R)'], 'Order Information': ['9MAPLKALMR-SI (Box packing)']}","{'Intel® Smart Display Module with Intel® Celeron® N3350 Processor, Fanless Design and 3 Independent Display Output', '1 x GbE LAN Port', '4 x USB 3.2 Gen 1', '1 x HDMI and 2 x Display Port for 3 independent display outputs', 'Intel® Celeron® N3350 Processor', '1 x eMMC 32GB', 'M.2 with SATA 6Gb/s', 'Dual Channel DDR3L, 2 x SO-DIMMs'}",https://www.gigaipc.com/upload/catalog_list_pic/SDM-3350L-3D-Front-01_510x530px__24F18sKzMz.png
CIOPE-SI,Modules & Kits,https://www.gigaipc.com/en/products-detail/CIOPE-SI/,"{'Dimension': ['150W x 26.9D x 14.1H(mm)'], 'Internal I/O': ['1 x USB 2.0 header'], 'Rear l/O': ['4 x COM Ports (RS-232/422/485)'], 'Order Information': ['9CIOPENR-SI']}","{'1 x USB 2.0 header to 4 x COM Ports (RS-232/422/485)', 'Converter Board with 4 switchable COM Ports'}",https://www.gigaipc.com/upload/catalog_list_pic/CIOPE_4COMs-IO-Side_510x530px__24B06XL0CI.png
CIOPH-SI,Modules & Kits,https://www.gigaipc.com/en/products-detail/CIOPH-SI/,"{'Dimension': ['156W x 26D x 11.6H(mm)'], 'Internal I/O': ['1 x USB 2.0 header', '1 x GPIO header', '1 x Remote header'], 'Rear l/O': ['4 x USB 2.0 Ports (Type A)', '1 x GPIO peripheral connector', '1 x Peripheral Connector'], 'Order Information': ['9CIOPHNR-SI']}","{'1 x Remote header to peripheral connector', 'Converter Board with 4 USB 2.0 and GPIO', '1 x GPIO header to 1 x GPIO peripheral connector', '1 x USB 2.0 header to 4 x USB 2.0 Ports (Type A)'}",https://www.gigaipc.com/upload/catalog_list_pic/CIOPH-4USBs-1GPIO-3D-Side01_510x530px__24B06MC1DU.png
CIUI4-SI,Modules & Kits,https://www.gigaipc.com/en/products-detail/CIUI4-SI/,"{'Dimension': ['70W x 27D x 17.61H(mm)'], 'Internal I/O': ['4 x USB 2.0 headers', '1 x Panel header'], 'Rear l/O': ['4 x USB 2.0 (Type A) Ports', '1 x Power Button', '1 x LED', '1 x HDD LED'], 'Order Information': ['9CIUI4NR-SI']}","{'I/O Board with 4 x USB 2.0 (Type A) Ports', 'Panel header to Power button, LED and HDD LED'}",https://www.gigaipc.com/upload/catalog_list_pic/CIUI4_4USBs_1SW-3D-Side01_510x530px__24B06aeahP.png
