brand,server_name,server_url,server_model,product_name,server_type,processor,memory,storage,networking,expansion,compatibility,important_configuration_notes,specifications_json,parts_found,status
Kingston,ABIT- AN9 32X Motherboard,https://www.kingston.com/en/memory/search/model/36475/abit-an9-32x-motherboard,AN9 32X Motherboard,ABIT - AN9 32X Motherboard,Motherboard,"[""AMD Athlon 64 (AM2) Nvidia nForce 590 SLI""]",Standard: 0 MB (Removable); Maximum: 8 GB,Bus Architecture: PCI / PCI Express / SSD - SATA 2.5-inch 9.5mm,,"[""4 Socket(s)""]","[""Virtually any configuration up to 8GB can be reached using any combination of Kingston's 512MB, 1 and 2GB modules.""]","[""MODULES MUST BE ORDERED AND INSTALLED IN PAIRS for Dual Channel mode. Kingston offers 'K2' kit part numbers for Dual Channel mode."", "".""]","{""Memory"": {""Standard"": ""0 MB (Removable)"", ""Maximum"": ""8 GB""}, ""Storage"": {""Bus Architecture"": ""PCI / PCI Express / SSD - SATA 2.5-inch 9.5mm""}, ""Expansions"": {""Details"": [""4 Socket(s)""]}, ""CPU / Chipsets"": {""Details"": [""AMD Athlon 64 (AM2) Nvidia nForce 590 SLI""]}, ""Upgrade Path"": {""Details"": [""Virtually any configuration up to 8GB can be reached using any combination of Kingston's 512MB, 1 and 2GB modules.""]}, ""Important Configuration Notes"": {""Details"": [""MODULES MUST BE ORDERED AND INSTALLED IN PAIRS for Dual Channel mode. Kingston offers 'K2' kit part numbers for Dual Channel mode."", "".""]}}",78,extracted
Kingston,ABIT- AB9 Wi-Fi Motherboard,https://www.kingston.com/en/memory/search/model/56829/abit-ab9-wi-fi-motherboard,AB9 Wi-Fi Motherboard,ABIT - AB9 Wi-Fi Motherboard,Motherboard,"[""Intel Core 2 Duo Intel P965"", ""Intel Core 2 Extreme Intel P965"", ""Intel Core 2 Quad Intel P965""]",Standard: 0 MB (Removable); Maximum: 8 GB,Bus Architecture: PCI / PCI Express / SSD - SATA 2.5-inch 9.5mm,,"[""4 Socket(s)""]","[""Virtually any configuration up to 8GB can be reached using any combination of Kingston's 512MB, 1 and 2GB modules.""]","[""MODULES MUST BE ORDERED AND INSTALLED IN PAIRS for Dual Channel mode. Kingston offers 'K2' kit part numbers for Dual Channel mode."", ""Maximum configurations require a 64-bit operating system.""]","{""Memory"": {""Standard"": ""0 MB (Removable)"", ""Maximum"": ""8 GB""}, ""Storage"": {""Bus Architecture"": ""PCI / PCI Express / SSD - SATA 2.5-inch 9.5mm""}, ""Expansions"": {""Details"": [""4 Socket(s)""]}, ""CPU / Chipsets"": {""Details"": [""Intel Core 2 Duo Intel P965"", ""Intel Core 2 Extreme Intel P965"", ""Intel Core 2 Quad Intel P965""]}, ""Upgrade Path"": {""Details"": [""Virtually any configuration up to 8GB can be reached using any combination of Kingston's 512MB, 1 and 2GB modules.""]}, ""Important Configuration Notes"": {""Details"": [""MODULES MUST BE ORDERED AND INSTALLED IN PAIRS for Dual Channel mode. Kingston offers 'K2' kit part numbers for Dual Channel mode."", ""Maximum configurations require a 64-bit operating system.""]}}",59,extracted
Kingston,ABIT- IP35P Motherboard,https://www.kingston.com/en/memory/search/model/56830/abit-ip35p-motherboard,IP35P Motherboard,ABIT - IP35P Motherboard,Motherboard,"[""Intel Core 2 Duo Intel P35"", ""Intel Core 2 Extreme Intel P35"", ""Intel Core 2 Quad Intel P35""]",Standard: 0 MB (Removable); Maximum: 8 GB,Bus Architecture: PCI / PCI Express / SSD - SATA 2.5-inch 9.5mm,,"[""4 Socket(s)""]","[""Virtually any configuration up to 8GB can be reached using any combination of Kingston's 1 and 2GB modules.""]","[""MODULES MUST BE ORDERED AND INSTALLED IN PAIRS for Dual Channel mode. Kingston offers 'K2' kit part numbers for Dual Channel mode."", "".""]","{""Memory"": {""Standard"": ""0 MB (Removable)"", ""Maximum"": ""8 GB""}, ""Storage"": {""Bus Architecture"": ""PCI / PCI Express / SSD - SATA 2.5-inch 9.5mm""}, ""Expansions"": {""Details"": [""4 Socket(s)""]}, ""CPU / Chipsets"": {""Details"": [""Intel Core 2 Duo Intel P35"", ""Intel Core 2 Extreme Intel P35"", ""Intel Core 2 Quad Intel P35""]}, ""Upgrade Path"": {""Details"": [""Virtually any configuration up to 8GB can be reached using any combination of Kingston's 1 and 2GB modules.""]}, ""Important Configuration Notes"": {""Details"": [""MODULES MUST BE ORDERED AND INSTALLED IN PAIRS for Dual Channel mode. Kingston offers 'K2' kit part numbers for Dual Channel mode."", "".""]}}",43,extracted
Kingston,ABIT- AN78GV Motherboard,https://www.kingston.com/en/memory/search/model/56832/abit-an78gv-motherboard,AN78GV Motherboard,ABIT - AN78GV Motherboard,Motherboard,"[""AMD Athlon 64 (AM2) Nvidia nForce 720a"", ""AMD Phenom X4 (AM2+) Nvidia nForce 720a""]",Standard: 0 MB (Removable); Maximum: 8 GB,Bus Architecture: PCI / PCI Express / SSD - SATA 2.5-inch 9.5mm,,"[""4 Socket(s)""]","[""Virtually any configuration up to 8GB can be reached using any combination of Kingston's 512MB, 1 and 2GB modules.""]","[""MODULES MUST BE ORDERED AND INSTALLED IN PAIRS for Dual Channel mode. Kingston offers 'K2' kit part numbers for Dual Channel mode."", ""DDR2-1066 is supported by AM2+ CPUs only.""]","{""Memory"": {""Standard"": ""0 MB (Removable)"", ""Maximum"": ""8 GB""}, ""Storage"": {""Bus Architecture"": ""PCI / PCI Express / SSD - SATA 2.5-inch 9.5mm""}, ""Expansions"": {""Details"": [""4 Socket(s)""]}, ""CPU / Chipsets"": {""Details"": [""AMD Athlon 64 (AM2) Nvidia nForce 720a"", ""AMD Phenom X4 (AM2+) Nvidia nForce 720a""]}, ""Upgrade Path"": {""Details"": [""Virtually any configuration up to 8GB can be reached using any combination of Kingston's 512MB, 1 and 2GB modules.""]}, ""Important Configuration Notes"": {""Details"": [""MODULES MUST BE ORDERED AND INSTALLED IN PAIRS for Dual Channel mode. Kingston offers 'K2' kit part numbers for Dual Channel mode."", ""DDR2-1066 is supported by AM2+ CPUs only.""]}}",55,extracted
Kingston,ABIT- A-S78H Motherboard,https://www.kingston.com/en/memory/search/model/54393/abit-a-s78h-motherboard,A-S78H Motherboard,ABIT - A-S78H Motherboard,Motherboard,"[""AMD Athlon 64 (AM2) AMD 780G"", ""AMD Phenom X4 (AM2+) AMD 780G""]",Standard: 0 MB (Removable); Maximum: 8 GB,Bus Architecture: PCI / PCI Express / SSD - SATA 2.5-inch 9.5mm,,"[""4 Socket(s)""]","[""Virtually any configuration up to 8GB can be reached using any combination of Kingston's 512MB, 1 and 2GB modules.""]","[""MODULES MUST BE ORDERED AND INSTALLED IN PAIRS for Dual Channel mode. Kingston offers 'K2' kit part numbers for Dual Channel mode."", ""DDR2-1066 is supported by AM2+ CPUs only.""]","{""Memory"": {""Standard"": ""0 MB (Removable)"", ""Maximum"": ""8 GB""}, ""Storage"": {""Bus Architecture"": ""PCI / PCI Express / SSD - SATA 2.5-inch 9.5mm""}, ""Expansions"": {""Details"": [""4 Socket(s)""]}, ""CPU / Chipsets"": {""Details"": [""AMD Athlon 64 (AM2) AMD 780G"", ""AMD Phenom X4 (AM2+) AMD 780G""]}, ""Upgrade Path"": {""Details"": [""Virtually any configuration up to 8GB can be reached using any combination of Kingston's 512MB, 1 and 2GB modules.""]}, ""Important Configuration Notes"": {""Details"": [""MODULES MUST BE ORDERED AND INSTALLED IN PAIRS for Dual Channel mode. Kingston offers 'K2' kit part numbers for Dual Channel mode."", ""DDR2-1066 is supported by AM2+ CPUs only.""]}}",55,extracted
Kingston,ABIT- IX48 GT3 Motherboard,https://www.kingston.com/en/memory/search/model/52707/abit-ix48-gt3-motherboard,IX48 GT3 Motherboard,ABIT - IX48 GT3 Motherboard,Motherboard,"[""Intel Celeron Dual Core Intel X48"", ""Intel Core 2 Duo Intel X48"", ""Intel Core 2 Extreme Intel X48"", ""Intel Core 2 Quad Intel X48"", ""Intel Pentium Dual Core Intel X48""]",Standard: 0 MB (Removable); Maximum: 8 GB,Bus Architecture: PCI / PCI Express / SSD - SATA 2.5-inch 9.5mm,,"[""4 Socket(s)""]","[""Virtually any configuration up to 8GB can be reached using any combination of Kingston's 1 and 2GB modules or kits.""]","[""MODULES MUST BE ORDERED AND INSTALLED IN PAIRS for Dual Channel mode. Kingston offers 'K2' kit part numbers for Dual Channel mode."", ""Maximum configurations require a 64-bit operating system.""]","{""Memory"": {""Standard"": ""0 MB (Removable)"", ""Maximum"": ""8 GB""}, ""Storage"": {""Bus Architecture"": ""PCI / PCI Express / SSD - SATA 2.5-inch 9.5mm""}, ""Expansions"": {""Details"": [""4 Socket(s)""]}, ""CPU / Chipsets"": {""Details"": [""Intel Celeron Dual Core Intel X48"", ""Intel Core 2 Duo Intel X48"", ""Intel Core 2 Extreme Intel X48"", ""Intel Core 2 Quad Intel X48"", ""Intel Pentium Dual Core Intel X48""]}, ""Upgrade Path"": {""Details"": [""Virtually any configuration up to 8GB can be reached using any combination of Kingston's 1 and 2GB modules or kits.""]}, ""Important Configuration Notes"": {""Details"": [""MODULES MUST BE ORDERED AND INSTALLED IN PAIRS for Dual Channel mode. Kingston offers 'K2' kit part numbers for Dual Channel mode."", ""Maximum configurations require a 64-bit operating system.""]}}",45,extracted
Kingston,ABIT- IP43 Motherboard,https://www.kingston.com/en/memory/search/model/52708/abit-ip43-motherboard,IP43 Motherboard,ABIT - IP43 Motherboard,Motherboard,"[""Intel Core 2 Duo Intel P43"", ""Intel Core 2 Extreme Intel P43"", ""Intel Core 2 Quad Intel P43"", ""Intel Pentium Dual Core Intel P43""]",Standard: 0 MB (Removable); Maximum: 8 GB,Bus Architecture: PCI / PCI Express / SSD - SATA 2.5-inch 9.5mm,,"[""4 Socket(s)""]","[""Virtually any configuration up to 8GB can be reached using any combination of Kingston's 512MB, 1 and 2GB modules or kits.""]",,"{""Memory"": {""Standard"": ""0 MB (Removable)"", ""Maximum"": ""8 GB""}, ""Storage"": {""Bus Architecture"": ""PCI / PCI Express / SSD - SATA 2.5-inch 9.5mm""}, ""Expansions"": {""Details"": [""4 Socket(s)""]}, ""CPU / Chipsets"": {""Details"": [""Intel Core 2 Duo Intel P43"", ""Intel Core 2 Extreme Intel P43"", ""Intel Core 2 Quad Intel P43"", ""Intel Pentium Dual Core Intel P43""]}, ""Upgrade Path"": {""Details"": [""Virtually any configuration up to 8GB can be reached using any combination of Kingston's 512MB, 1 and 2GB modules or kits.""]}}",51,extracted
Kingston,ABIT- AN78GS Motherboard,https://www.kingston.com/en/memory/search/model/49199/abit-an78gs-motherboard,AN78GS Motherboard,ABIT - AN78GS Motherboard,Motherboard,"[""AMD Athlon 64 (AM2) Nvidia GeForce 8200"", ""AMD Phenom X4 (AM2+) Nvidia GeForce 8200""]",Standard: 0 MB (Removable); Maximum: 8 GB,Bus Architecture: PCI / PCI Express / SSD - SATA 2.5-inch 9.5mm,,"[""4 Socket(s)""]","[""Virtually any configuration up to 8GB can be reached using any combination of Kingston's 512MB, 1 and 2GB modules.""]","[""MODULES MUST BE ORDERED AND INSTALLED IN PAIRS for Dual Channel mode. Kingston offers 'K2' kit part numbers for Dual Channel mode."", ""DDR2-1066 is supported by AM2+ CPUs only.""]","{""Memory"": {""Standard"": ""0 MB (Removable)"", ""Maximum"": ""8 GB""}, ""Storage"": {""Bus Architecture"": ""PCI / PCI Express / SSD - SATA 2.5-inch 9.5mm""}, ""Expansions"": {""Details"": [""4 Socket(s)""]}, ""CPU / Chipsets"": {""Details"": [""AMD Athlon 64 (AM2) Nvidia GeForce 8200"", ""AMD Phenom X4 (AM2+) Nvidia GeForce 8200""]}, ""Upgrade Path"": {""Details"": [""Virtually any configuration up to 8GB can be reached using any combination of Kingston's 512MB, 1 and 2GB modules.""]}, ""Important Configuration Notes"": {""Details"": [""MODULES MUST BE ORDERED AND INSTALLED IN PAIRS for Dual Channel mode. Kingston offers 'K2' kit part numbers for Dual Channel mode."", ""DDR2-1066 is supported by AM2+ CPUs only.""]}}",55,extracted
Kingston,ABIT- NF-M2PV Motherboard,https://www.kingston.com/en/memory/search/model/49201/abit-nf-m2pv-motherboard,NF-M2PV Motherboard,ABIT - NF-M2PV Motherboard,Motherboard,"[""AMD Athlon 64 (AM2) Nvidia GeForce 6100"", ""AMD Athlon 64 FX (AM2) Nvidia GeForce 6100"", ""AMD Athlon 64 X2 (AM2) Nvidia GeForce 6100"", ""AMD Opteron (AM2) Nvidia GeForce 6100"", ""AMD Sempron (AM2) Nvidia GeForce 6100""]",Standard: 0 MB (Removable); Maximum: 8 GB,Bus Architecture: PCI / PCI Express / SSD - SATA 2.5-inch 9.5mm,,"[""2 Socket(s)""]","[""Virtually any configuration up to 8GB can be reached using Kingston's 512MB, 1 and 2GB modules IN PAIRS OR KITS.""]","[""MODULES MUST BE ORDERED AND INSTALLED IN PAIRS for Dual Channel mode. Kingston offers 'K2' kit part numbers for Dual Channel mode."", ""AMD Sempron processors support DDR2-533 and DDR2-667 memory only. DDR2-800 modules are not supported with this processor.""]","{""Memory"": {""Standard"": ""0 MB (Removable)"", ""Maximum"": ""8 GB""}, ""Storage"": {""Bus Architecture"": ""PCI / PCI Express / SSD - SATA 2.5-inch 9.5mm""}, ""Expansions"": {""Details"": [""2 Socket(s)""]}, ""CPU / Chipsets"": {""Details"": [""AMD Athlon 64 (AM2) Nvidia GeForce 6100"", ""AMD Athlon 64 FX (AM2) Nvidia GeForce 6100"", ""AMD Athlon 64 X2 (AM2) Nvidia GeForce 6100"", ""AMD Opteron (AM2) Nvidia GeForce 6100"", ""AMD Sempron (AM2) Nvidia GeForce 6100""]}, ""Upgrade Path"": {""Details"": [""Virtually any configuration up to 8GB can be reached using Kingston's 512MB, 1 and 2GB modules IN PAIRS OR KITS.""]}, ""Important Configuration Notes"": {""Details"": [""MODULES MUST BE ORDERED AND INSTALLED IN PAIRS for Dual Channel mode. Kingston offers 'K2' kit part numbers for Dual Channel mode."", ""AMD Sempron processors support DDR2-533 and DDR2-667 memory only. DDR2-800 modules are not supported with this processor.""]}}",80,extracted
Kingston,ABIT- IP45 Pro Motherboard,https://www.kingston.com/en/memory/search/model/49004/abit-ip45-pro-motherboard,IP45 Pro Motherboard,ABIT - IP45 Pro Motherboard,Motherboard,"[""Intel Celeron Dual Core Intel P45"", ""Intel Core 2 Duo Intel P45"", ""Intel Core 2 Extreme Intel P45"", ""Intel Core 2 Quad Intel P45"", ""Intel Pentium Dual Core Intel P45""]",Standard: 0 MB (Removable); Maximum: 4 GB with current Kingston product / 16 GB,Bus Architecture: PCI / PCI Express / SSD - SATA 2.5-inch 9.5mm,,"[""4 Socket(s)""]","[""Virtually any configuration up to 4GB can be reached using any combination of Kingston's 512MB and 1GB modules.""]","[""MODULES MUST BE ORDERED AND INSTALLED IN PAIRS for Dual Channel mode. Kingston offers 'K2' kit part numbers for Dual Channel mode."", ""Maximum configurations require a 64-bit operating system.""]","{""Memory"": {""Standard"": ""0 MB (Removable)"", ""Maximum"": ""4 GB with current Kingston product / 16 GB""}, ""Storage"": {""Bus Architecture"": ""PCI / PCI Express / SSD - SATA 2.5-inch 9.5mm""}, ""Expansions"": {""Details"": [""4 Socket(s)""]}, ""CPU / Chipsets"": {""Details"": [""Intel Celeron Dual Core Intel P45"", ""Intel Core 2 Duo Intel P45"", ""Intel Core 2 Extreme Intel P45"", ""Intel Core 2 Quad Intel P45"", ""Intel Pentium Dual Core Intel P45""]}, ""Upgrade Path"": {""Details"": [""Virtually any configuration up to 4GB can be reached using any combination of Kingston's 512MB and 1GB modules.""]}, ""Important Configuration Notes"": {""Details"": [""MODULES MUST BE ORDERED AND INSTALLED IN PAIRS for Dual Channel mode. Kingston offers 'K2' kit part numbers for Dual Channel mode."", ""Maximum configurations require a 64-bit operating system.""]}}",41,extracted
Kingston,ABIT- IP35 Pro XE Motherboard,https://www.kingston.com/en/memory/search/model/47738/abit-ip35-pro-xe-motherboard,IP35 Pro XE Motherboard,ABIT - IP35 Pro XE Motherboard,Motherboard,"[""Intel Core 2 Duo Intel P35""]",Standard: 0 MB (Removable); Maximum: 8 GB,Bus Architecture: PCI / PCI Express / SSD - SATA 2.5-inch 9.5mm,,"[""4 Socket(s)""]","[""Virtually any configuration up to 8GB can be reached using any combination of Kingston's 512MB, 1 and 2GB modules.""]","[""MODULES MUST BE ORDERED AND INSTALLED IN PAIRS for Dual Channel mode. Kingston offers 'K2' kit part numbers for Dual Channel mode."", ""DDR2-1066 is supported by AM2+ CPUs only.""]","{""Memory"": {""Standard"": ""0 MB (Removable)"", ""Maximum"": ""8 GB""}, ""Storage"": {""Bus Architecture"": ""PCI / PCI Express / SSD - SATA 2.5-inch 9.5mm""}, ""Expansions"": {""Details"": [""4 Socket(s)""]}, ""CPU / Chipsets"": {""Details"": [""Intel Core 2 Duo Intel P35""]}, ""Upgrade Path"": {""Details"": [""Virtually any configuration up to 8GB can be reached using any combination of Kingston's 512MB, 1 and 2GB modules.""]}, ""Important Configuration Notes"": {""Details"": [""MODULES MUST BE ORDERED AND INSTALLED IN PAIRS for Dual Channel mode. Kingston offers 'K2' kit part numbers for Dual Channel mode."", ""DDR2-1066 is supported by AM2+ CPUs only.""]}}",55,extracted
Kingston,ABIT- I-G31 Motherboard,https://www.kingston.com/en/memory/search/model/47415/abit-i-g31-motherboard,I-G31 Motherboard,ABIT - I-G31 Motherboard,Motherboard,"[""Intel Celeron Intel G31"", ""Intel Core 2 Extreme Intel G31"", ""Intel Pentium Dual Core Intel G31""]",Standard: 0 MB (Removable); Maximum: 4 GB,Bus Architecture: PCI / PCI Express / SSD - SATA 2.5-inch 9.5mm,,"[""2 Socket(s)""]","[""Virtually any configuration up to 4GB can be reached using any combination of Kingston's 1 and 2GB modules.""]",,"{""Memory"": {""Standard"": ""0 MB (Removable)"", ""Maximum"": ""4 GB""}, ""Storage"": {""Bus Architecture"": ""PCI / PCI Express / SSD - SATA 2.5-inch 9.5mm""}, ""Expansions"": {""Details"": [""2 Socket(s)""]}, ""CPU / Chipsets"": {""Details"": [""Intel Celeron Intel G31"", ""Intel Core 2 Extreme Intel G31"", ""Intel Pentium Dual Core Intel G31""]}, ""Upgrade Path"": {""Details"": [""Virtually any configuration up to 4GB can be reached using any combination of Kingston's 1 and 2GB modules.""]}}",43,extracted
Kingston,ABIT- I-S71 Motherboard,https://www.kingston.com/en/memory/search/model/47446/abit-i-s71-motherboard,I-S71 Motherboard,ABIT - I-S71 Motherboard,Motherboard,"[""Intel Celeron D SiS 671"", ""Intel Core 2 Duo SiS 671"", ""Intel Pentium 4 SiS 671"", ""Intel Pentium D SiS 671"", ""Intel Pentium Dual Core SiS 671""]",Standard: 0 MB (Removable); Maximum: 4 GB,Bus Architecture: PCI / USB 2.0/3.x Type-A / PCI Express / SSD - SATA 2.5-inch 9.5mm,,"[""2 Socket(s)""]","[""Virtually any configuration up to 4GB can be reached using any combination of Kingston's 512MB, 1 and 2GB modules.""]",,"{""Memory"": {""Standard"": ""0 MB (Removable)"", ""Maximum"": ""4 GB""}, ""Storage"": {""Bus Architecture"": ""PCI / USB 2.0/3.x Type-A / PCI Express / SSD - SATA 2.5-inch 9.5mm""}, ""Expansions"": {""Details"": [""2 Socket(s)""]}, ""CPU / Chipsets"": {""Details"": [""Intel Celeron D SiS 671"", ""Intel Core 2 Duo SiS 671"", ""Intel Pentium 4 SiS 671"", ""Intel Pentium D SiS 671"", ""Intel Pentium Dual Core SiS 671""]}, ""Upgrade Path"": {""Details"": [""Virtually any configuration up to 4GB can be reached using any combination of Kingston's 512MB, 1 and 2GB modules.""]}}",45,extracted
Kingston,ABIT- AN-M2 Motherboard,https://www.kingston.com/en/memory/search/model/45869/abit-an-m2-motherboard,AN-M2 Motherboard,ABIT - AN-M2 Motherboard,Motherboard,"[""AMD Athlon 64 (AM2) Nvidia GeForce 7025""]",Standard: 0 MB (Removable); Maximum: 8 GB,Bus Architecture: PCI / PCI Express / SSD - SATA 2.5-inch 9.5mm,,"[""4 Socket(s)""]","[""Virtually any configuration up to 8GB can be reached using any combination of Kingston's 1 and 2GB modules.""]","[""MODULES MUST BE ORDERED AND INSTALLED IN PAIRS for Dual Channel mode. Kingston offers 'K2' kit part numbers for Dual Channel mode."", "".""]","{""Memory"": {""Standard"": ""0 MB (Removable)"", ""Maximum"": ""8 GB""}, ""Storage"": {""Bus Architecture"": ""PCI / PCI Express / SSD - SATA 2.5-inch 9.5mm""}, ""Expansions"": {""Details"": [""4 Socket(s)""]}, ""CPU / Chipsets"": {""Details"": [""AMD Athlon 64 (AM2) Nvidia GeForce 7025""]}, ""Upgrade Path"": {""Details"": [""Virtually any configuration up to 8GB can be reached using any combination of Kingston's 1 and 2GB modules.""]}, ""Important Configuration Notes"": {""Details"": [""MODULES MUST BE ORDERED AND INSTALLED IN PAIRS for Dual Channel mode. Kingston offers 'K2' kit part numbers for Dual Channel mode."", "".""]}}",49,extracted
Kingston,ABIT- I-N73V Motherboard,https://www.kingston.com/en/memory/search/model/44428/abit-i-n73v-motherboard,I-N73V Motherboard,ABIT - I-N73V Motherboard,Motherboard,"[""Intel Core 2 Duo Nvidia GeForce 7050"", ""Intel Core 2 Extreme Nvidia GeForce 7050"", ""Intel Core 2 Quad Nvidia GeForce 7050"", ""Intel Pentium Dual Core Nvidia GeForce 7050""]",Standard: 0 MB (Removable); Maximum: 4 GB,Bus Architecture: PCI / PCI Express / SSD - SATA 2.5-inch 9.5mm,,"[""2 Socket(s)""]","[""Virtually any configuration up to 4GB can be reached using any combination of Kingston's 1 and 2GB modules or kits.""]",,"{""Memory"": {""Standard"": ""0 MB (Removable)"", ""Maximum"": ""4 GB""}, ""Storage"": {""Bus Architecture"": ""PCI / PCI Express / SSD - SATA 2.5-inch 9.5mm""}, ""Expansions"": {""Details"": [""2 Socket(s)""]}, ""CPU / Chipsets"": {""Details"": [""Intel Core 2 Duo Nvidia GeForce 7050"", ""Intel Core 2 Extreme Nvidia GeForce 7050"", ""Intel Core 2 Quad Nvidia GeForce 7050"", ""Intel Pentium Dual Core Nvidia GeForce 7050""]}, ""Upgrade Path"": {""Details"": [""Virtually any configuration up to 4GB can be reached using any combination of Kingston's 1 and 2GB modules or kits.""]}}",43,extracted
Kingston,ABIT- I-45CV Motherboard,https://www.kingston.com/en/memory/search/model/44431/abit-i-45cv-motherboard,I-45CV Motherboard,ABIT - I-45CV Motherboard,Motherboard,"[""Intel Celeron D Intel 945GC"", ""Intel Core 2 Duo Intel 945GC"", ""Intel Pentium 4 Intel 945GC"", ""Intel Pentium D Intel 945GC"", ""Intel Pentium Dual Core Intel 945GC""]",Standard: 0 MB (Removable); Maximum: 4 GB,Bus Architecture: PCI / PCI Express / SSD - SATA 2.5-inch 9.5mm,,"[""2 Socket(s)""]","[""Virtually any configuration up to 4GB can be reached using any combination of Kingston's 512MB, 1 and 2GB modules.""]","[""MODULES MUST BE ORDERED AND INSTALLED IN PAIRS for Dual Channel mode. Kingston offers 'K2' kit part numbers for Dual Channel mode."", ""Due to the chipsets' limitation, when using FSB1333CPU, the DDR2 533 memory module will run at 500MHz. Also, due to the chipset limitations, the actual memory size may be less than 4GB for the reservation of system usage under Windowns XP and Windows Vista.""]","{""Memory"": {""Standard"": ""0 MB (Removable)"", ""Maximum"": ""4 GB""}, ""Storage"": {""Bus Architecture"": ""PCI / PCI Express / SSD - SATA 2.5-inch 9.5mm""}, ""Expansions"": {""Details"": [""2 Socket(s)""]}, ""CPU / Chipsets"": {""Details"": [""Intel Celeron D Intel 945GC"", ""Intel Core 2 Duo Intel 945GC"", ""Intel Pentium 4 Intel 945GC"", ""Intel Pentium D Intel 945GC"", ""Intel Pentium Dual Core Intel 945GC""]}, ""Upgrade Path"": {""Details"": [""Virtually any configuration up to 4GB can be reached using any combination of Kingston's 512MB, 1 and 2GB modules.""]}, ""Important Configuration Notes"": {""Details"": [""MODULES MUST BE ORDERED AND INSTALLED IN PAIRS for Dual Channel mode. Kingston offers 'K2' kit part numbers for Dual Channel mode."", ""Due to the chipsets' limitation, when using FSB1333CPU, the DDR2 533 memory module will run at 500MHz. Also, due to the chipset limitations, the actual memory size may be less than 4GB for the reservation of system usage under Windowns XP and Windows Vista.""]}}",61,extracted
Kingston,ABIT- AN68SD Motherboard,https://www.kingston.com/en/memory/search/model/43655/abit-an68sd-motherboard,AN68SD Motherboard,ABIT - AN68SD Motherboard,Motherboard,"[""AMD Athlon 64 (AM2) Nvidia nForce 520""]",Standard: 0 MB (Removable); Maximum: 8 GB,Bus Architecture: PCI / PCI Express / SSD - SATA 2.5-inch 9.5mm,,"[""4 Socket(s)""]","[""Virtually any configuration up to 8GB can be reached using any combination of Kingston's 512MB, 1, and 2GB modules.""]","[""MODULES MUST BE ORDERED AND INSTALLED IN PAIRS for Dual Channel mode. Kingston offers 'K2' kit part numbers for Dual Channel mode."", "".""]","{""Memory"": {""Standard"": ""0 MB (Removable)"", ""Maximum"": ""8 GB""}, ""Storage"": {""Bus Architecture"": ""PCI / PCI Express / SSD - SATA 2.5-inch 9.5mm""}, ""Expansions"": {""Details"": [""4 Socket(s)""]}, ""CPU / Chipsets"": {""Details"": [""AMD Athlon 64 (AM2) Nvidia nForce 520""]}, ""Upgrade Path"": {""Details"": [""Virtually any configuration up to 8GB can be reached using any combination of Kingston's 512MB, 1, and 2GB modules.""]}, ""Important Configuration Notes"": {""Details"": [""MODULES MUST BE ORDERED AND INSTALLED IN PAIRS for Dual Channel mode. Kingston offers 'K2' kit part numbers for Dual Channel mode."", "".""]}}",59,extracted
Kingston,ABIT- IP35V Motherboard,https://www.kingston.com/en/memory/search/model/43049/abit-ip35v-motherboard,IP35V Motherboard,ABIT - IP35V Motherboard,Motherboard,"[""Intel Core 2 Duo Intel P35""]",Standard: 0 MB (Removable); Maximum: 8 GB,Bus Architecture: PCI / PCI Express / SSD - SATA 2.5-inch 9.5mm,,"[""4 Socket(s)""]","[""Virtually any configuration up to 8GB can be reached using any combination of Kingston's 512MB, 1 and 2GB modules.""]","[""MODULES MUST BE ORDERED AND INSTALLED IN PAIRS for Dual Channel mode. Kingston offers 'K2' kit part numbers for Dual Channel mode."", ""DDR2-1066 is supported by AM2+ CPUs only.""]","{""Memory"": {""Standard"": ""0 MB (Removable)"", ""Maximum"": ""8 GB""}, ""Storage"": {""Bus Architecture"": ""PCI / PCI Express / SSD - SATA 2.5-inch 9.5mm""}, ""Expansions"": {""Details"": [""4 Socket(s)""]}, ""CPU / Chipsets"": {""Details"": [""Intel Core 2 Duo Intel P35""]}, ""Upgrade Path"": {""Details"": [""Virtually any configuration up to 8GB can be reached using any combination of Kingston's 512MB, 1 and 2GB modules.""]}, ""Important Configuration Notes"": {""Details"": [""MODULES MUST BE ORDERED AND INSTALLED IN PAIRS for Dual Channel mode. Kingston offers 'K2' kit part numbers for Dual Channel mode."", ""DDR2-1066 is supported by AM2+ CPUs only.""]}}",55,extracted
Kingston,ABIT- I-45C Motherboard,https://www.kingston.com/en/memory/search/model/41879/abit-i-45c-motherboard,I-45C Motherboard,ABIT - I-45C Motherboard,Motherboard,"[""Intel Core 2 Duo Intel 945GC""]",Standard: 0 MB (Removable); Maximum: 4 GB,Bus Architecture: PCI / PCI Express / SSD - SATA 2.5-inch 9.5mm,,"[""2 Socket(s)""]","[""Virtually any configuration up to 4GB can be reached using any combination of Kingston's 512MB, 1 and 2GB modules.""]",,"{""Memory"": {""Standard"": ""0 MB (Removable)"", ""Maximum"": ""4 GB""}, ""Storage"": {""Bus Architecture"": ""PCI / PCI Express / SSD - SATA 2.5-inch 9.5mm""}, ""Expansions"": {""Details"": [""2 Socket(s)""]}, ""CPU / Chipsets"": {""Details"": [""Intel Core 2 Duo Intel 945GC""]}, ""Upgrade Path"": {""Details"": [""Virtually any configuration up to 4GB can be reached using any combination of Kingston's 512MB, 1 and 2GB modules.""]}}",53,extracted
Kingston,ABIT- AN52S Motherboard,https://www.kingston.com/en/memory/search/model/40326/abit-an52s-motherboard,AN52S Motherboard,ABIT - AN52S Motherboard,Motherboard,"[""AMD Athlon 64 (AM2) Nvidia nForce 520""]",Standard: 0 MB (Removable); Maximum: 8 GB,Bus Architecture: PCI / PCI Express / SSD - SATA 2.5-inch 9.5mm,,"[""4 Socket(s)""]","[""Virtually any configuration up to 8GB can be reached using any combination of Kingston's 1 and 2GB modules.""]","[""MODULES MUST BE ORDERED AND INSTALLED IN PAIRS for Dual Channel mode. Kingston offers 'K2' kit part numbers for Dual Channel mode."", "".""]","{""Memory"": {""Standard"": ""0 MB (Removable)"", ""Maximum"": ""8 GB""}, ""Storage"": {""Bus Architecture"": ""PCI / PCI Express / SSD - SATA 2.5-inch 9.5mm""}, ""Expansions"": {""Details"": [""4 Socket(s)""]}, ""CPU / Chipsets"": {""Details"": [""AMD Athlon 64 (AM2) Nvidia nForce 520""]}, ""Upgrade Path"": {""Details"": [""Virtually any configuration up to 8GB can be reached using any combination of Kingston's 1 and 2GB modules.""]}, ""Important Configuration Notes"": {""Details"": [""MODULES MUST BE ORDERED AND INSTALLED IN PAIRS for Dual Channel mode. Kingston offers 'K2' kit part numbers for Dual Channel mode."", "".""]}}",49,extracted
Kingston,ABIT- LG-95 Motherboard,https://www.kingston.com/en/memory/search/model/39679/abit-lg-95-motherboard,LG-95 Motherboard,ABIT - LG-95 Motherboard,Motherboard,"[""Intel Core 2 Duo Intel 945G""]",Standard: 0 MB (Removable); Maximum: 2 GB,Bus Architecture: PCI / PCI-X / PCI Express / SSD - SATA 2.5-inch 9.5mm,,"[""2 Socket(s)""]","[""Virtually any configuration up to 2GB can be reached using any combination of Kingston's 512MB and 1GB modules.""]","[""MODULES MUST BE ORDERED AND INSTALLED IN PAIRS for Dual Channel mode."", ""Kingston offers 'K2' kit part numbers for Dual Channel mode.""]","{""Memory"": {""Standard"": ""0 MB (Removable)"", ""Maximum"": ""2 GB""}, ""Storage"": {""Bus Architecture"": ""PCI / PCI-X / PCI Express / SSD - SATA 2.5-inch 9.5mm""}, ""Expansions"": {""Details"": [""2 Socket(s)""]}, ""CPU / Chipsets"": {""Details"": [""Intel Core 2 Duo Intel 945G""]}, ""Upgrade Path"": {""Details"": [""Virtually any configuration up to 2GB can be reached using any combination of Kingston's 512MB and 1GB modules.""]}, ""Important Configuration Notes"": {""Details"": [""MODULES MUST BE ORDERED AND INSTALLED IN PAIRS for Dual Channel mode."", ""Kingston offers 'K2' kit part numbers for Dual Channel mode.""]}}",43,extracted
Kingston,ABIT- LG-95C Motherboard,https://www.kingston.com/en/memory/search/model/38714/abit-lg-95c-motherboard,LG-95C Motherboard,ABIT - LG-95C Motherboard,Motherboard,"[""Intel Core 2 Duo Intel 945GC"", ""Intel Pentium 4 Intel 945GC""]",Standard: 0 MB (Removable); Maximum: 2 GB,Bus Architecture: PCI / PCI-X / PCI Express / SSD - SATA 2.5-inch 9.5mm,,"[""2 Socket(s)""]","[""Virtually any configuration up to 2GB can be reached using any combination of Kingston's 512MB and 1GB modules.""]","[""MODULES MUST BE ORDERED AND INSTALLED IN PAIRS for Dual Channel mode."", ""Kingston offers 'K2' kit part numbers for Dual Channel mode.""]","{""Memory"": {""Standard"": ""0 MB (Removable)"", ""Maximum"": ""2 GB""}, ""Storage"": {""Bus Architecture"": ""PCI / PCI-X / PCI Express / SSD - SATA 2.5-inch 9.5mm""}, ""Expansions"": {""Details"": [""2 Socket(s)""]}, ""CPU / Chipsets"": {""Details"": [""Intel Core 2 Duo Intel 945GC"", ""Intel Pentium 4 Intel 945GC""]}, ""Upgrade Path"": {""Details"": [""Virtually any configuration up to 2GB can be reached using any combination of Kingston's 512MB and 1GB modules.""]}, ""Important Configuration Notes"": {""Details"": [""MODULES MUST BE ORDERED AND INSTALLED IN PAIRS for Dual Channel mode."", ""Kingston offers 'K2' kit part numbers for Dual Channel mode.""]}}",43,extracted
Kingston,ABIT- AN-M2 NVIEW Motherboard,https://www.kingston.com/en/memory/search/model/38716/abit-an-m2-nview-motherboard,AN-M2 NVIEW Motherboard,ABIT - AN-M2 NVIEW Motherboard,Motherboard,"[""AMD Athlon 64 (AM2) Nvidia GeForce 7025""]",Standard: 0 MB (Removable); Maximum: 8 GB,Bus Architecture: PCI / PCI Express / SSD - SATA 2.5-inch 9.5mm,,"[""4 Socket(s)""]","[""Virtually any configuration up to 8GB can be reached using any combination of Kingston's 1 and 2GB modules.""]","[""MODULES MUST BE ORDERED AND INSTALLED IN PAIRS for Dual Channel mode. Kingston offers 'K2' kit part numbers for Dual Channel mode."", "".""]","{""Memory"": {""Standard"": ""0 MB (Removable)"", ""Maximum"": ""8 GB""}, ""Storage"": {""Bus Architecture"": ""PCI / PCI Express / SSD - SATA 2.5-inch 9.5mm""}, ""Expansions"": {""Details"": [""4 Socket(s)""]}, ""CPU / Chipsets"": {""Details"": [""AMD Athlon 64 (AM2) Nvidia GeForce 7025""]}, ""Upgrade Path"": {""Details"": [""Virtually any configuration up to 8GB can be reached using any combination of Kingston's 1 and 2GB modules.""]}, ""Important Configuration Notes"": {""Details"": [""MODULES MUST BE ORDERED AND INSTALLED IN PAIRS for Dual Channel mode. Kingston offers 'K2' kit part numbers for Dual Channel mode."", "".""]}}",49,extracted
Kingston,ABIT- AN-M2HD Motherboard,https://www.kingston.com/en/memory/search/model/38717/abit-an-m2hd-motherboard,AN-M2HD Motherboard,ABIT - AN-M2HD Motherboard,Motherboard,"[""AMD Athlon 64 (AM2) Nvidia nForce 630a""]",Standard: 0 MB (Removable); Maximum: 8 GB,Bus Architecture: PCI / PCI Express / SSD - SATA 2.5-inch 9.5mm,,"[""4 Socket(s)""]","[""Virtually any configuration up to 8GB can be reached using any combination of Kingston's 1 and 2GB modules.""]","[""MODULES MUST BE ORDERED AND INSTALLED IN PAIRS for Dual Channel mode. Kingston offers 'K2' kit part numbers for Dual Channel mode."", "".""]","{""Memory"": {""Standard"": ""0 MB (Removable)"", ""Maximum"": ""8 GB""}, ""Storage"": {""Bus Architecture"": ""PCI / PCI Express / SSD - SATA 2.5-inch 9.5mm""}, ""Expansions"": {""Details"": [""4 Socket(s)""]}, ""CPU / Chipsets"": {""Details"": [""AMD Athlon 64 (AM2) Nvidia nForce 630a""]}, ""Upgrade Path"": {""Details"": [""Virtually any configuration up to 8GB can be reached using any combination of Kingston's 1 and 2GB modules.""]}, ""Important Configuration Notes"": {""Details"": [""MODULES MUST BE ORDERED AND INSTALLED IN PAIRS for Dual Channel mode. Kingston offers 'K2' kit part numbers for Dual Channel mode."", "".""]}}",49,extracted
Kingston,ABIT- AN52 Motherboard,https://www.kingston.com/en/memory/search/model/38718/abit-an52-motherboard,AN52 Motherboard,ABIT - AN52 Motherboard,Motherboard,"[""AMD Athlon 64 (AM2) Nvidia nForce 520""]",Standard: 0 MB (Removable); Maximum: 8 GB,Bus Architecture: PCI / PCI Express / SSD - SATA 2.5-inch 9.5mm,,"[""4 Socket(s)""]","[""Virtually any configuration up to 8GB can be reached using any combination of Kingston's 1 and 2GB modules.""]","[""MODULES MUST BE ORDERED AND INSTALLED IN PAIRS for Dual Channel mode. Kingston offers 'K2' kit part numbers for Dual Channel mode."", "".""]","{""Memory"": {""Standard"": ""0 MB (Removable)"", ""Maximum"": ""8 GB""}, ""Storage"": {""Bus Architecture"": ""PCI / PCI Express / SSD - SATA 2.5-inch 9.5mm""}, ""Expansions"": {""Details"": [""4 Socket(s)""]}, ""CPU / Chipsets"": {""Details"": [""AMD Athlon 64 (AM2) Nvidia nForce 520""]}, ""Upgrade Path"": {""Details"": [""Virtually any configuration up to 8GB can be reached using any combination of Kingston's 1 and 2GB modules.""]}, ""Important Configuration Notes"": {""Details"": [""MODULES MUST BE ORDERED AND INSTALLED IN PAIRS for Dual Channel mode. Kingston offers 'K2' kit part numbers for Dual Channel mode."", "".""]}}",49,extracted
Kingston,ABIT- NF-M2SV Motherboard,https://www.kingston.com/en/memory/search/model/38719/abit-nf-m2sv-motherboard,NF-M2SV Motherboard,ABIT - NF-M2SV Motherboard,Motherboard,"[""AMD Athlon 64 (AM2) Nvidia GeForce 6100"", ""AMD Athlon 64 FX (AM2) Nvidia GeForce 6100"", ""AMD Athlon 64 X2 (AM2) Nvidia GeForce 6100"", ""AMD Opteron (AM2) Nvidia GeForce 6100"", ""AMD Sempron (AM2) Nvidia GeForce 6100""]",Standard: 0 MB (Removable); Maximum: 2 GB,Bus Architecture: PCI / PCI Express / SSD - SATA 2.5-inch 9.5mm,,"[""2 Socket(s)""]","[""Virtually any configuration up to 2GB can be reached using Kingston's 512MB, 1 and 2GB modules IN PAIRS OR KITS.""]","[""MODULES MUST BE ORDERED AND INSTALLED IN PAIRS for Dual Channel mode. Kingston offers 'K2' kit part numbers for Dual Channel mode."", ""AMD Sempron processors support DDR2-533 and DDR2-667 memory only. DDR2-800 modules are not supported with this processor.""]","{""Memory"": {""Standard"": ""0 MB (Removable)"", ""Maximum"": ""2 GB""}, ""Storage"": {""Bus Architecture"": ""PCI / PCI Express / SSD - SATA 2.5-inch 9.5mm""}, ""Expansions"": {""Details"": [""2 Socket(s)""]}, ""CPU / Chipsets"": {""Details"": [""AMD Athlon 64 (AM2) Nvidia GeForce 6100"", ""AMD Athlon 64 FX (AM2) Nvidia GeForce 6100"", ""AMD Athlon 64 X2 (AM2) Nvidia GeForce 6100"", ""AMD Opteron (AM2) Nvidia GeForce 6100"", ""AMD Sempron (AM2) Nvidia GeForce 6100""]}, ""Upgrade Path"": {""Details"": [""Virtually any configuration up to 2GB can be reached using Kingston's 512MB, 1 and 2GB modules IN PAIRS OR KITS.""]}, ""Important Configuration Notes"": {""Details"": [""MODULES MUST BE ORDERED AND INSTALLED IN PAIRS for Dual Channel mode. Kingston offers 'K2' kit part numbers for Dual Channel mode."", ""AMD Sempron processors support DDR2-533 and DDR2-667 memory only. DDR2-800 modules are not supported with this processor.""]}}",68,extracted
Kingston,ABIT- IP35 Pro Motherboard,https://www.kingston.com/en/memory/search/model/37907/abit-ip35-pro-motherboard,IP35 Pro Motherboard,ABIT - IP35 Pro Motherboard,Motherboard,"[""Intel Core 2 Duo Intel P35""]",Standard: 0 MB (Removable); Maximum: 8 GB,Bus Architecture: PCI / PCI Express / SSD - SATA 2.5-inch 9.5mm,,"[""4 Socket(s)""]","[""Virtually any configuration up to 8GB can be reached using any combination of Kingston's 512MB, 1 and 2GB modules.""]","[""MODULES MUST BE ORDERED AND INSTALLED IN PAIRS for Dual Channel mode. Kingston offers 'K2' kit part numbers for Dual Channel mode."", ""Maximum configurations require a 64-bit operating system.""]","{""Memory"": {""Standard"": ""0 MB (Removable)"", ""Maximum"": ""8 GB""}, ""Storage"": {""Bus Architecture"": ""PCI / PCI Express / SSD - SATA 2.5-inch 9.5mm""}, ""Expansions"": {""Details"": [""4 Socket(s)""]}, ""CPU / Chipsets"": {""Details"": [""Intel Core 2 Duo Intel P35""]}, ""Upgrade Path"": {""Details"": [""Virtually any configuration up to 8GB can be reached using any combination of Kingston's 512MB, 1 and 2GB modules.""]}, ""Important Configuration Notes"": {""Details"": [""MODULES MUST BE ORDERED AND INSTALLED IN PAIRS for Dual Channel mode. Kingston offers 'K2' kit part numbers for Dual Channel mode."", ""Maximum configurations require a 64-bit operating system.""]}}",59,extracted
Kingston,ABIT- IP35 Motherboard,https://www.kingston.com/en/memory/search/model/37908/abit-ip35-motherboard,IP35 Motherboard,ABIT - IP35 Motherboard,Motherboard,"[""Intel Core 2 Duo Intel P35""]",Standard: 0 MB (Removable); Maximum: 8 GB,Bus Architecture: PCI / PCI Express / SSD - SATA 2.5-inch 9.5mm,,"[""4 Socket(s)""]","[""Virtually any configuration up to 8GB can be reached using any combination of Kingston's 512MB, 1 and 2GB modules.""]","[""MODULES MUST BE ORDERED AND INSTALLED IN PAIRS for Dual Channel mode. Kingston offers 'K2' kit part numbers for Dual Channel mode."", ""Maximum configurations require a 64-bit operating system.""]","{""Memory"": {""Standard"": ""0 MB (Removable)"", ""Maximum"": ""8 GB""}, ""Storage"": {""Bus Architecture"": ""PCI / PCI Express / SSD - SATA 2.5-inch 9.5mm""}, ""Expansions"": {""Details"": [""4 Socket(s)""]}, ""CPU / Chipsets"": {""Details"": [""Intel Core 2 Duo Intel P35""]}, ""Upgrade Path"": {""Details"": [""Virtually any configuration up to 8GB can be reached using any combination of Kingston's 512MB, 1 and 2GB modules.""]}, ""Important Configuration Notes"": {""Details"": [""MODULES MUST BE ORDERED AND INSTALLED IN PAIRS for Dual Channel mode. Kingston offers 'K2' kit part numbers for Dual Channel mode."", ""Maximum configurations require a 64-bit operating system.""]}}",59,extracted
Kingston,ABIT- IP35-E Motherboard,https://www.kingston.com/en/memory/search/model/37909/abit-ip35-e-motherboard,IP35-E Motherboard,ABIT - IP35-E Motherboard,Motherboard,"[""Intel Core 2 Duo Intel P35""]",Standard: 0 MB (Removable); Maximum: 8 GB,Bus Architecture: PCI / PCI Express / SSD - SATA 2.5-inch 9.5mm,,"[""4 Socket(s)""]","[""Virtually any configuration up to 8GB can be reached using any combination of Kingston's 512MB, 1 and 2GB modules.""]","[""MODULES MUST BE ORDERED AND INSTALLED IN PAIRS for Dual Channel mode. Kingston offers 'K2' kit part numbers for Dual Channel mode."", ""Maximum configurations require a 64-bit operating system.""]","{""Memory"": {""Standard"": ""0 MB (Removable)"", ""Maximum"": ""8 GB""}, ""Storage"": {""Bus Architecture"": ""PCI / PCI Express / SSD - SATA 2.5-inch 9.5mm""}, ""Expansions"": {""Details"": [""4 Socket(s)""]}, ""CPU / Chipsets"": {""Details"": [""Intel Core 2 Duo Intel P35""]}, ""Upgrade Path"": {""Details"": [""Virtually any configuration up to 8GB can be reached using any combination of Kingston's 512MB, 1 and 2GB modules.""]}, ""Important Configuration Notes"": {""Details"": [""MODULES MUST BE ORDERED AND INSTALLED IN PAIRS for Dual Channel mode. Kingston offers 'K2' kit part numbers for Dual Channel mode."", ""Maximum configurations require a 64-bit operating system.""]}}",59,extracted
Kingston,ABIT- AN9 32XF Motherboard,https://www.kingston.com/en/memory/search/model/36893/abit-an9-32xf-motherboard,AN9 32XF Motherboard,ABIT - AN9 32XF Motherboard,Motherboard,"[""AMD Athlon 64 (AM2) Nvidia nForce 590 SLI""]",Standard: 0 MB (Removable); Maximum: 8 GB,Bus Architecture: PCI / PCI Express / SSD - SATA 2.5-inch 9.5mm,,"[""4 Socket(s)""]","[""Virtually any configuration up to 8GB can be reached using any combination of Kingston's 512MB, 1 and 2GB modules.""]","[""MODULES MUST BE ORDERED AND INSTALLED IN PAIRS for Dual Channel mode. Kingston offers 'K2' kit part numbers for Dual Channel mode."", "".""]","{""Memory"": {""Standard"": ""0 MB (Removable)"", ""Maximum"": ""8 GB""}, ""Storage"": {""Bus Architecture"": ""PCI / PCI Express / SSD - SATA 2.5-inch 9.5mm""}, ""Expansions"": {""Details"": [""4 Socket(s)""]}, ""CPU / Chipsets"": {""Details"": [""AMD Athlon 64 (AM2) Nvidia nForce 590 SLI""]}, ""Upgrade Path"": {""Details"": [""Virtually any configuration up to 8GB can be reached using any combination of Kingston's 512MB, 1 and 2GB modules.""]}, ""Important Configuration Notes"": {""Details"": [""MODULES MUST BE ORDERED AND INSTALLED IN PAIRS for Dual Channel mode. Kingston offers 'K2' kit part numbers for Dual Channel mode."", "".""]}}",78,extracted
Kingston,ABIT- Fatal1ty  F-I90HD Motherboard,https://www.kingston.com/en/memory/search/model/36233/abit-fatal1ty-f-i90hd-motherboard,Fatal1ty  F-I90HD Motherboard,ABIT - Fatal1ty F-I90HD Motherboard,Motherboard,"[""Intel Core 2 Duo ATi RADEON XPRESS 1250 (RS600ME)"", ""Intel Core 2 Extreme ATi RADEON XPRESS 1250 (RS600ME)"", ""Intel Core 2 Quad ATi RADEON XPRESS 1250 (RS600ME)"", ""Intel Pentium 4 ATi RADEON XPRESS 1250 (RS600ME)"", ""Intel Pentium D ATi RADEON XPRESS 1250 (RS600ME)""]",Standard: 0 MB (Removable); Maximum: 8 GB,Bus Architecture: PCI Express / SSD - SATA 2.5-inch 9.5mm,,"[""4 Socket(s)""]","[""Virtually any configuration up to 8GB can be reached using any combination of Kingston's 512MB, 1 and 2GB modules.""]","[""MODULES MUST BE ORDERED AND INSTALLED IN PAIRS for Dual Channel mode."", ""Kingston offers 'K2' kit part numbers for Dual Channel mode."", "".""]","{""Memory"": {""Standard"": ""0 MB (Removable)"", ""Maximum"": ""8 GB""}, ""Storage"": {""Bus Architecture"": ""PCI Express / SSD - SATA 2.5-inch 9.5mm""}, ""Expansions"": {""Details"": [""4 Socket(s)""]}, ""CPU / Chipsets"": {""Details"": [""Intel Core 2 Duo ATi RADEON XPRESS 1250 (RS600ME)"", ""Intel Core 2 Extreme ATi RADEON XPRESS 1250 (RS600ME)"", ""Intel Core 2 Quad ATi RADEON XPRESS 1250 (RS600ME)"", ""Intel Pentium 4 ATi RADEON XPRESS 1250 (RS600ME)"", ""Intel Pentium D ATi RADEON XPRESS 1250 (RS600ME)""]}, ""Upgrade Path"": {""Details"": [""Virtually any configuration up to 8GB can be reached using any combination of Kingston's 512MB, 1 and 2GB modules.""]}, ""Important Configuration Notes"": {""Details"": [""MODULES MUST BE ORDERED AND INSTALLED IN PAIRS for Dual Channel mode."", ""Kingston offers 'K2' kit part numbers for Dual Channel mode."", "".""]}}",59,extracted
Kingston,ABIT- Fatal1ty FP-IN9 SLI Motherboard,https://www.kingston.com/en/memory/search/model/35578/abit-fatal1ty-fp-in9-sli-motherboard,Fatal1ty FP-IN9 SLI Motherboard,ABIT - Fatal1ty FP-IN9 SLI Motherboard,Motherboard,"[""Intel Core 2 Duo Nvidia nForce 650i SLI"", ""Intel Core 2 Quad Nvidia nForce 650i SLI"", ""Intel Pentium 4 Nvidia nForce 650i SLI""]",Standard: 0 MB (Removable); Maximum: 8 GB,Bus Architecture: PCI / PCI Express / SSD - SATA 2.5-inch 9.5mm,,"[""4 Socket(s)""]","[""Virtually any configuration up to 8GB can be reached using any combination of Kingston's 512MB, 1 and 2GB modules.""]","[""MODULES MUST BE ORDERED AND INSTALLED IN PAIRS for Dual Channel mode."", ""Kingston offers 'K2' kit part numbers for Dual Channel mode."", "".""]","{""Memory"": {""Standard"": ""0 MB (Removable)"", ""Maximum"": ""8 GB""}, ""Storage"": {""Bus Architecture"": ""PCI / PCI Express / SSD - SATA 2.5-inch 9.5mm""}, ""Expansions"": {""Details"": [""4 Socket(s)""]}, ""CPU / Chipsets"": {""Details"": [""Intel Core 2 Duo Nvidia nForce 650i SLI"", ""Intel Core 2 Quad Nvidia nForce 650i SLI"", ""Intel Pentium 4 Nvidia nForce 650i SLI""]}, ""Upgrade Path"": {""Details"": [""Virtually any configuration up to 8GB can be reached using any combination of Kingston's 512MB, 1 and 2GB modules.""]}, ""Important Configuration Notes"": {""Details"": [""MODULES MUST BE ORDERED AND INSTALLED IN PAIRS for Dual Channel mode."", ""Kingston offers 'K2' kit part numbers for Dual Channel mode."", "".""]}}",59,extracted
Kingston,ABIT- AW9D-MAX Motherboard,https://www.kingston.com/en/memory/search/model/32320/abit-aw9d-max-motherboard,AW9D-MAX Motherboard,ABIT - AW9D-MAX Motherboard,Motherboard,"[""Intel Core 2 Duo Intel 975X""]",Standard: 0 MB (Removable); Maximum: 8 GB,Bus Architecture: PCI Express / SSD - SATA 2.5-inch 9.5mm,,"[""4 Socket(s)""]","[""Virtually any configuration up to 8GB can be reached using any combination of Kingston's 512MB, 1, and 2GB modules or kits.""]","[""MODULES MUST BE ORDERED AND INSTALLED IN PAIRS for Dual Channel mode."", ""Kingston offers 'K2' kit part numbers for Dual Channel mode.""]","{""Memory"": {""Standard"": ""0 MB (Removable)"", ""Maximum"": ""8 GB""}, ""Storage"": {""Bus Architecture"": ""PCI Express / SSD - SATA 2.5-inch 9.5mm""}, ""Expansions"": {""Details"": [""4 Socket(s)""]}, ""CPU / Chipsets"": {""Details"": [""Intel Core 2 Duo Intel 975X""]}, ""Upgrade Path"": {""Details"": [""Virtually any configuration up to 8GB can be reached using any combination of Kingston's 512MB, 1, and 2GB modules or kits.""]}, ""Important Configuration Notes"": {""Details"": [""MODULES MUST BE ORDERED AND INSTALLED IN PAIRS for Dual Channel mode."", ""Kingston offers 'K2' kit part numbers for Dual Channel mode.""]}}",51,extracted
Kingston,ABIT- NF-M2 nView Motherboard,https://www.kingston.com/en/memory/search/model/33077/abit-nf-m2-nview-motherboard,NF-M2 nView Motherboard,ABIT - NF-M2 nView Motherboard,Motherboard,"[""AMD Athlon 64 FX (940-pin) Nvidia GeForce 6150""]",Standard: 0 MB (Removable); Maximum: 8 GB,Bus Architecture: PCI / PCI Express / SSD - SATA 2.5-inch 9.5mm,,"[""4 Socket(s)""]","[""Virtually any configuration up to 4GB can be reached using any combination of Kingston's 1 or 2GB modules.""]","[""MODULES MUST BE ORDERED AND INSTALLED IN PAIRS for Dual Channel mode. Kingston offers 'K2' kit part numbers for Dual Channel mode."", "".""]","{""Memory"": {""Standard"": ""0 MB (Removable)"", ""Maximum"": ""8 GB""}, ""Storage"": {""Bus Architecture"": ""PCI / PCI Express / SSD - SATA 2.5-inch 9.5mm""}, ""Expansions"": {""Details"": [""4 Socket(s)""]}, ""CPU / Chipsets"": {""Details"": [""AMD Athlon 64 FX (940-pin) Nvidia GeForce 6150""]}, ""Upgrade Path"": {""Details"": [""Virtually any configuration up to 4GB can be reached using any combination of Kingston's 1 or 2GB modules.""]}, ""Important Configuration Notes"": {""Details"": [""MODULES MUST BE ORDERED AND INSTALLED IN PAIRS for Dual Channel mode. Kingston offers 'K2' kit part numbers for Dual Channel mode."", "".""]}}",49,extracted
Kingston,ABIT- AW9D Motherboard,https://www.kingston.com/en/memory/search/model/32321/abit-aw9d-motherboard,AW9D Motherboard,ABIT - AW9D Motherboard,Motherboard,"[""Intel Core 2 Duo Intel 975X""]",Standard: 0 MB (Removable); Maximum: 8 GB,Bus Architecture: PCI Express / SSD - SATA 2.5-inch 9.5mm,,"[""4 Socket(s)""]","[""Virtually any configuration up to 8GB can be reached using any combination of Kingston's 512MB, 1, and 2GB modules or kits.""]","[""MODULES MUST BE ORDERED AND INSTALLED IN PAIRS for Dual Channel mode."", ""Kingston offers 'K2' kit part numbers for Dual Channel mode.""]","{""Memory"": {""Standard"": ""0 MB (Removable)"", ""Maximum"": ""8 GB""}, ""Storage"": {""Bus Architecture"": ""PCI Express / SSD - SATA 2.5-inch 9.5mm""}, ""Expansions"": {""Details"": [""4 Socket(s)""]}, ""CPU / Chipsets"": {""Details"": [""Intel Core 2 Duo Intel 975X""]}, ""Upgrade Path"": {""Details"": [""Virtually any configuration up to 8GB can be reached using any combination of Kingston's 512MB, 1, and 2GB modules or kits.""]}, ""Important Configuration Notes"": {""Details"": [""MODULES MUST BE ORDERED AND INSTALLED IN PAIRS for Dual Channel mode."", ""Kingston offers 'K2' kit part numbers for Dual Channel mode.""]}}",51,extracted
Kingston,ABIT- AB9 Motherboard,https://www.kingston.com/en/memory/search/model/32497/abit-ab9-motherboard,AB9 Motherboard,ABIT - AB9 Motherboard,Motherboard,"[""Intel Core 2 Duo 2006FMB Conroe Intel P965""]",Standard: 0 MB (Removable); Maximum: 8 GB,Bus Architecture: PCI / PCI Express / SSD - SATA 2.5-inch 9.5mm,,"[""4 Socket(s)""]","[""Virtually any configuration up to 8GB can be reached using any combination of Kingston's 512MB, 1 and 2GB modules.""]","[""MODULES MUST BE ORDERED AND INSTALLED IN PAIRS for Dual Channel mode. Kingston offers 'K2' kit part numbers for Dual Channel mode."", ""Maximum configurations require a 64-bit operating system.""]","{""Memory"": {""Standard"": ""0 MB (Removable)"", ""Maximum"": ""8 GB""}, ""Storage"": {""Bus Architecture"": ""PCI / PCI Express / SSD - SATA 2.5-inch 9.5mm""}, ""Expansions"": {""Details"": [""4 Socket(s)""]}, ""CPU / Chipsets"": {""Details"": [""Intel Core 2 Duo 2006FMB Conroe Intel P965""]}, ""Upgrade Path"": {""Details"": [""Virtually any configuration up to 8GB can be reached using any combination of Kingston's 512MB, 1 and 2GB modules.""]}, ""Important Configuration Notes"": {""Details"": [""MODULES MUST BE ORDERED AND INSTALLED IN PAIRS for Dual Channel mode. Kingston offers 'K2' kit part numbers for Dual Channel mode."", ""Maximum configurations require a 64-bit operating system.""]}}",59,extracted
Kingston,ABIT- iL-90MV Motherboard,https://www.kingston.com/en/memory/search/model/32322/abit-il-90mv-motherboard,iL-90MV Motherboard,ABIT - iL-90MV Motherboard,Motherboard,"[""Intel Core 2 Duo Intel 945GT""]",Standard: 0 MB (Removable); Maximum: 2 GB,Bus Architecture: PCI Express / SSD - SATA 2.5-inch 9.5mm,,"[""2 Socket(s)""]","[""Virtually any configuration up to 2GB can be reached using any combination of Kingston's 512MB and 1GB modules.""]","[""MODULES MUST BE ORDERED AND INSTALLED IN PAIRS for Dual Channel mode."", ""Kingston offers 'K2' kit part numbers for Dual Channel mode.""]","{""Memory"": {""Standard"": ""0 MB (Removable)"", ""Maximum"": ""2 GB""}, ""Storage"": {""Bus Architecture"": ""PCI Express / SSD - SATA 2.5-inch 9.5mm""}, ""Expansions"": {""Details"": [""2 Socket(s)""]}, ""CPU / Chipsets"": {""Details"": [""Intel Core 2 Duo Intel 945GT""]}, ""Upgrade Path"": {""Details"": [""Virtually any configuration up to 2GB can be reached using any combination of Kingston's 512MB and 1GB modules.""]}, ""Important Configuration Notes"": {""Details"": [""MODULES MUST BE ORDERED AND INSTALLED IN PAIRS for Dual Channel mode."", ""Kingston offers 'K2' kit part numbers for Dual Channel mode.""]}}",49,extracted
Kingston,ABIT- SG-95 Motherboard,https://www.kingston.com/en/memory/search/model/32323/abit-sg-95-motherboard,SG-95 Motherboard,ABIT - SG-95 Motherboard,Motherboard,"[""Intel Pentium D SiS 662""]",Standard: 0 MB (Removable); Maximum: 2 GB,Bus Architecture: PCI Express / SSD - SATA 2.5-inch 9.5mm,,"[""2 Socket(s)""]","[""Virtually any configuration up to 2GB can be reached using any combination of Kingston's 512MB and 1GB modules.""]",,"{""Memory"": {""Standard"": ""0 MB (Removable)"", ""Maximum"": ""2 GB""}, ""Storage"": {""Bus Architecture"": ""PCI Express / SSD - SATA 2.5-inch 9.5mm""}, ""Expansions"": {""Details"": [""2 Socket(s)""]}, ""CPU / Chipsets"": {""Details"": [""Intel Pentium D SiS 662""]}, ""Upgrade Path"": {""Details"": [""Virtually any configuration up to 2GB can be reached using any combination of Kingston's 512MB and 1GB modules.""]}}",49,extracted
Kingston,ABIT- KN8 Ultra-SOTES Motherboard,https://www.kingston.com/en/memory/search/model/32324/abit-kn8-ultra-sotes-motherboard,KN8 Ultra-SOTES Motherboard,ABIT - KN8 Ultra-SOTES Motherboard,Motherboard,"[""AMD Athlon 64 FX (939-pin) Nvidia nForce4""]",Standard: 0 MB (Removable); Maximum: 2 GB with current Kingston 400MHz DDR modules / 4 GB with release of 1GB single rank 400MHz module,Bus Architecture: PCI / PCI Express / SSD - SATA 2.5-inch 9.5mm,,"[""4 Socket(s)""]",,"[""MODULES MUST BE ORDERED AND INSTALLED IN PAIRS for Dual Channel mode."", ""Kingston offers 'K2' kit part numbers for Dual Channel mode."", ""This motherboard only supports 4 ranks of DDR400 memory. If two double-ranked DIMMs are used, the 3rd and 4th sockets are disabled.""]","{""Memory"": {""Standard"": ""0 MB (Removable)"", ""Maximum"": ""2 GB with current Kingston 400MHz DDR modules / 4 GB with release of 1GB single rank 400MHz module""}, ""Storage"": {""Bus Architecture"": ""PCI / PCI Express / SSD - SATA 2.5-inch 9.5mm""}, ""Expansions"": {""Details"": [""4 Socket(s)""]}, ""CPU / Chipsets"": {""Details"": [""AMD Athlon 64 FX (939-pin) Nvidia nForce4""]}, ""Important Configuration Notes"": {""Details"": [""MODULES MUST BE ORDERED AND INSTALLED IN PAIRS for Dual Channel mode."", ""Kingston offers 'K2' kit part numbers for Dual Channel mode."", ""This motherboard only supports 4 ranks of DDR400 memory. If two double-ranked DIMMs are used, the 3rd and 4th sockets are disabled.""]}}",44,extracted
Kingston,ABIT- SG-80DC Motherboard,https://www.kingston.com/en/memory/search/model/31104/abit-sg-80dc-motherboard,SG-80DC Motherboard,ABIT - SG-80DC Motherboard,Motherboard,"[""Intel Celeron D SiS 661FX"", ""Intel Pentium 4 SiS 661FX"", ""Intel Pentium D SiS 661FX""]",Standard: 0 MB (Removable); Maximum: 2 GB,Bus Architecture: PCI Express / SSD - SATA 2.5-inch 9.5mm,,"[""2 Socket(s)""]","[""Virtually any configuration up to 2GB can be reached using any combination of Kingston's 128, 256, 512MB, and 1GB modules.""]",,"{""Memory"": {""Standard"": ""0 MB (Removable)"", ""Maximum"": ""2 GB""}, ""Storage"": {""Bus Architecture"": ""PCI Express / SSD - SATA 2.5-inch 9.5mm""}, ""Expansions"": {""Details"": [""2 Socket(s)""]}, ""CPU / Chipsets"": {""Details"": [""Intel Celeron D SiS 661FX"", ""Intel Pentium 4 SiS 661FX"", ""Intel Pentium D SiS 661FX""]}, ""Upgrade Path"": {""Details"": [""Virtually any configuration up to 2GB can be reached using any combination of Kingston's 128, 256, 512MB, and 1GB modules.""]}}",45,extracted
Kingston,ABIT- KN9 Motherboard,https://www.kingston.com/en/memory/search/model/31036/abit-kn9-motherboard,KN9 Motherboard,ABIT - KN9 Motherboard,Motherboard,"[""AMD Athlon 64 (AM2) Nvidia nForce4 Ultra""]",Standard: 0 MB (Removable); Maximum: 8 GB,Bus Architecture: PCI / PCI Express / SSD - SATA 2.5-inch 9.5mm,,"[""4 Socket(s)""]","[""Virtually any configuration up to 4GB can be reached using any combination of Kingston's 1 or 2GB modules.""]","[""MODULES MUST BE ORDERED AND INSTALLED IN PAIRS for Dual Channel mode. Kingston offers 'K2' kit part numbers for Dual Channel mode."", "".""]","{""Memory"": {""Standard"": ""0 MB (Removable)"", ""Maximum"": ""8 GB""}, ""Storage"": {""Bus Architecture"": ""PCI / PCI Express / SSD - SATA 2.5-inch 9.5mm""}, ""Expansions"": {""Details"": [""4 Socket(s)""]}, ""CPU / Chipsets"": {""Details"": [""AMD Athlon 64 (AM2) Nvidia nForce4 Ultra""]}, ""Upgrade Path"": {""Details"": [""Virtually any configuration up to 4GB can be reached using any combination of Kingston's 1 or 2GB modules.""]}, ""Important Configuration Notes"": {""Details"": [""MODULES MUST BE ORDERED AND INSTALLED IN PAIRS for Dual Channel mode. Kingston offers 'K2' kit part numbers for Dual Channel mode."", "".""]}}",49,extracted
Kingston,ABIT- Fatal1ty AN9 32X Motherboard,https://www.kingston.com/en/memory/search/model/30543/abit-fatal1ty-an9-32x-motherboard,Fatal1ty AN9 32X Motherboard,ABIT - Fatal1ty AN9 32X Motherboard,Motherboard,"[""AMD Athlon 64 (AM2) Nvidia nForce 590 SLI"", ""AMD Athlon 64 FX (AM2)"", ""AMD Athlon 64 X2 (AM2)""]",Standard: 0 MB (Removable); Maximum: 8 GB,Bus Architecture: PCI / PCI Express / SSD - SATA 2.5-inch 9.5mm,,"[""4 Socket(s)""]","[""Virtually any configuration up to 8GB can be reached using any combination of Kingston's 512MB, 1 and 2GB modules.""]","[""MODULES MUST BE ORDERED AND INSTALLED IN PAIRS for Dual Channel mode. Kingston offers 'K2' kit part numbers for Dual Channel mode."", "".""]","{""Memory"": {""Standard"": ""0 MB (Removable)"", ""Maximum"": ""8 GB""}, ""Storage"": {""Bus Architecture"": ""PCI / PCI Express / SSD - SATA 2.5-inch 9.5mm""}, ""Expansions"": {""Details"": [""4 Socket(s)""]}, ""CPU / Chipsets"": {""Details"": [""AMD Athlon 64 (AM2) Nvidia nForce 590 SLI"", ""AMD Athlon 64 FX (AM2)"", ""AMD Athlon 64 X2 (AM2)""]}, ""Upgrade Path"": {""Details"": [""Virtually any configuration up to 8GB can be reached using any combination of Kingston's 512MB, 1 and 2GB modules.""]}, ""Important Configuration Notes"": {""Details"": [""MODULES MUST BE ORDERED AND INSTALLED IN PAIRS for Dual Channel mode. Kingston offers 'K2' kit part numbers for Dual Channel mode."", "".""]}}",78,extracted
Kingston,ABIT- KN9 SLI Motherboard,https://www.kingston.com/en/memory/search/model/30544/abit-kn9-sli-motherboard,KN9 SLI Motherboard,ABIT - KN9 SLI Motherboard,Motherboard,"[""AMD Athlon 64 (AM2) Nvidia nForce 570 SLI"", ""AMD Athlon 64 FX (AM2) Nvidia nForce 570 SLI"", ""AMD Athlon 64 X2 (AM2) Nvidia nForce 570 SLI""]",Standard: 0 MB (Removable); Maximum: 8 GB,Bus Architecture: PCI / PCI Express / SSD - SATA 2.5-inch 9.5mm,,"[""4 Socket(s)""]","[""Virtually any configuration up to 4GB can be reached using any combination of Kingston's 1 or 2GB modules.""]","[""MODULES MUST BE ORDERED AND INSTALLED IN PAIRS for Dual Channel mode. Kingston offers 'K2' kit part numbers for Dual Channel mode."", "".""]","{""Memory"": {""Standard"": ""0 MB (Removable)"", ""Maximum"": ""8 GB""}, ""Storage"": {""Bus Architecture"": ""PCI / PCI Express / SSD - SATA 2.5-inch 9.5mm""}, ""Expansions"": {""Details"": [""4 Socket(s)""]}, ""CPU / Chipsets"": {""Details"": [""AMD Athlon 64 (AM2) Nvidia nForce 570 SLI"", ""AMD Athlon 64 FX (AM2) Nvidia nForce 570 SLI"", ""AMD Athlon 64 X2 (AM2) Nvidia nForce 570 SLI""]}, ""Upgrade Path"": {""Details"": [""Virtually any configuration up to 4GB can be reached using any combination of Kingston's 1 or 2GB modules.""]}, ""Important Configuration Notes"": {""Details"": [""MODULES MUST BE ORDERED AND INSTALLED IN PAIRS for Dual Channel mode. Kingston offers 'K2' kit part numbers for Dual Channel mode."", "".""]}}",49,extracted
Kingston,ABIT- IS-85 Motherboard,https://www.kingston.com/en/memory/search/model/30545/abit-is-85-motherboard,IS-85 Motherboard,ABIT - IS-85 Motherboard,Motherboard,"[""Intel Celeron"", ""Intel Celeron D"", ""Intel Pentium 4 Intel 865G""]",Standard: 0 MB (Removable); Maximum: 2 GB,Bus Architecture: AGP / PCI / SSD - SATA 2.5-inch 9.5mm,,"[""2 Socket(s)""]","[""Virtually any configuration up to 2GB can be reached using any combination of Kingston's 128, 256, 512MB, and 1GB modules.""]",,"{""Memory"": {""Standard"": ""0 MB (Removable)"", ""Maximum"": ""2 GB""}, ""Storage"": {""Bus Architecture"": ""AGP / PCI / SSD - SATA 2.5-inch 9.5mm""}, ""Expansions"": {""Details"": [""2 Socket(s)""]}, ""CPU / Chipsets"": {""Details"": [""Intel Celeron"", ""Intel Celeron D"", ""Intel Pentium 4 Intel 865G""]}, ""Upgrade Path"": {""Details"": [""Virtually any configuration up to 2GB can be reached using any combination of Kingston's 128, 256, 512MB, and 1GB modules.""]}}",45,extracted
Kingston,ABIT- KN9 Ultra Motherboard,https://www.kingston.com/en/memory/search/model/30546/abit-kn9-ultra-motherboard,KN9 Ultra Motherboard,ABIT - KN9 Ultra Motherboard,Motherboard,"[""AMD Athlon 64 FX (AM2)"", ""AMD Athlon 64 X2 (AM2)""]",Standard: 0 MB (Removable); Maximum: 8 GB,Bus Architecture: PCI / PCI Express / SSD - SATA 2.5-inch 9.5mm,,"[""4 Socket(s)""]","[""Virtually any configuration up to 4GB can be reached using any combination of Kingston's 1 or 2GB modules.""]","[""MODULES MUST BE ORDERED AND INSTALLED IN PAIRS for Dual Channel mode. Kingston offers 'K2' kit part numbers for Dual Channel mode."", "".""]","{""Memory"": {""Standard"": ""0 MB (Removable)"", ""Maximum"": ""8 GB""}, ""Storage"": {""Bus Architecture"": ""PCI / PCI Express / SSD - SATA 2.5-inch 9.5mm""}, ""Expansions"": {""Details"": [""4 Socket(s)""]}, ""CPU / Chipsets"": {""Details"": [""AMD Athlon 64 FX (AM2)"", ""AMD Athlon 64 X2 (AM2)""]}, ""Upgrade Path"": {""Details"": [""Virtually any configuration up to 4GB can be reached using any combination of Kingston's 1 or 2GB modules.""]}, ""Important Configuration Notes"": {""Details"": [""MODULES MUST BE ORDERED AND INSTALLED IN PAIRS for Dual Channel mode. Kingston offers 'K2' kit part numbers for Dual Channel mode."", "".""]}}",49,extracted
Kingston,ABIT- NF-95 Motherboard,https://www.kingston.com/en/memory/search/model/29916/abit-nf-95-motherboard,NF-95 Motherboard,ABIT - NF-95 Motherboard,Motherboard,"[""AMD Athlon 64 Nvidia nForce 410"", ""AMD Sempron Nvidia nForce 410""]",Standard: 0 MB (Removable); Maximum: 2 GB,Bus Architecture: PCI / SSD - SATA 2.5-inch 9.5mm / SSD - SATA 3.5-inch,,"[""2 Socket(s)""]","[""Virtually any configuration up to 2GB can be reached using any combination of Kingston's 128, 256, 512MB, and 1GB modules.""]",,"{""Memory"": {""Standard"": ""0 MB (Removable)"", ""Maximum"": ""2 GB""}, ""Storage"": {""Bus Architecture"": ""PCI / SSD - SATA 2.5-inch 9.5mm / SSD - SATA 3.5-inch""}, ""Expansions"": {""Details"": [""2 Socket(s)""]}, ""CPU / Chipsets"": {""Details"": [""AMD Athlon 64 Nvidia nForce 410"", ""AMD Sempron Nvidia nForce 410""]}, ""Upgrade Path"": {""Details"": [""Virtually any configuration up to 2GB can be reached using any combination of Kingston's 128, 256, 512MB, and 1GB modules.""]}}",41,extracted
Kingston,ABIT- LG-81 Motherboard,https://www.kingston.com/en/memory/search/model/24178/abit-lg-81-motherboard,LG-81 Motherboard,ABIT - LG-81 Motherboard,Motherboard,"[""Intel Pentium 4 Intel 945G""]",Standard: 0 MB (Removable); Maximum: 2 GB,Bus Architecture: PCI / PCI Express / SSD - SATA 2.5-inch 9.5mm,,"[""2 Socket(s)""]","[""Virtually any configuration up to 2GB can be reached using any combination of Kingston's 512MB and 1GB modules.""]","[""MODULES MUST BE ORDERED AND INSTALLED IN PAIRS for Dual Channel mode."", ""Kingston offers 'K2' kit part numbers for Dual Channel mode.""]","{""Memory"": {""Standard"": ""0 MB (Removable)"", ""Maximum"": ""2 GB""}, ""Storage"": {""Bus Architecture"": ""PCI / PCI Express / SSD - SATA 2.5-inch 9.5mm""}, ""Expansions"": {""Details"": [""2 Socket(s)""]}, ""CPU / Chipsets"": {""Details"": [""Intel Pentium 4 Intel 945G""]}, ""Upgrade Path"": {""Details"": [""Virtually any configuration up to 2GB can be reached using any combination of Kingston's 512MB and 1GB modules.""]}, ""Important Configuration Notes"": {""Details"": [""MODULES MUST BE ORDERED AND INSTALLED IN PAIRS for Dual Channel mode."", ""Kingston offers 'K2' kit part numbers for Dual Channel mode.""]}}",49,extracted
Kingston,ABIT- NI8 SLI Motherboard,https://www.kingston.com/en/memory/search/model/24057/abit-ni8-sli-motherboard,NI8 SLI Motherboard,ABIT - NI8 SLI Motherboard,Motherboard,"[""Intel Pentium 4 Nvidia nForce4 SLI""]",Standard: 0 MB (Removable); Maximum: 4 GB with current Kingston products / 8 GB with release of 2GB module,Bus Architecture: PCI / PCI Express / SSD - SATA 2.5-inch 9.5mm,,"[""4 Socket(s)""]","[""Virtually any configuration up to 4GB can be reached using any combination of Kingston's 512MB and 1GB modules.""]","[""MODULES MUST BE ORDERED AND INSTALLED IN PAIRS for Dual Channel mode."", ""Kingston offers 'K2' kit part numbers for Dual Channel mode.""]","{""Memory"": {""Standard"": ""0 MB (Removable)"", ""Maximum"": ""4 GB with current Kingston products / 8 GB with release of 2GB module""}, ""Storage"": {""Bus Architecture"": ""PCI / PCI Express / SSD - SATA 2.5-inch 9.5mm""}, ""Expansions"": {""Details"": [""4 Socket(s)""]}, ""CPU / Chipsets"": {""Details"": [""Intel Pentium 4 Nvidia nForce4 SLI""]}, ""Upgrade Path"": {""Details"": [""Virtually any configuration up to 4GB can be reached using any combination of Kingston's 512MB and 1GB modules.""]}, ""Important Configuration Notes"": {""Details"": [""MODULES MUST BE ORDERED AND INSTALLED IN PAIRS for Dual Channel mode."", ""Kingston offers 'K2' kit part numbers for Dual Channel mode.""]}}",44,extracted
Kingston,ABIT- NF8-V Motherboard,https://www.kingston.com/en/memory/search/model/21508/abit-nf8-v-motherboard,NF8-V Motherboard,ABIT - NF8-V Motherboard,Motherboard,"[""AMD Athlon 64 Nvidia nForce3 250"", ""AMD Sempron Nvidia nForce3 250""]",Standard: 0 MB (Removable); Maximum: 2 GB,Bus Architecture: AGP / PCI / SSD - SATA 2.5-inch 9.5mm,,"[""2 Socket(s)""]","[""Virtually any configuration up to 2GB can be reached using any combination of Kingston's 128, 256, 512MB, and 1GB modules.""]",,"{""Memory"": {""Standard"": ""0 MB (Removable)"", ""Maximum"": ""2 GB""}, ""Storage"": {""Bus Architecture"": ""AGP / PCI / SSD - SATA 2.5-inch 9.5mm""}, ""Expansions"": {""Details"": [""2 Socket(s)""]}, ""CPU / Chipsets"": {""Details"": [""AMD Athlon 64 Nvidia nForce3 250"", ""AMD Sempron Nvidia nForce3 250""]}, ""Upgrade Path"": {""Details"": [""Virtually any configuration up to 2GB can be reached using any combination of Kingston's 128, 256, 512MB, and 1GB modules.""]}}",41,extracted
Kingston,ABIT- AA8XE Motherboard,https://www.kingston.com/en/memory/search/model/20369/abit-aa8xe-motherboard,AA8XE Motherboard,ABIT - AA8XE Motherboard,Motherboard,"[""Intel Pentium 4 Intel 925XE""]",Standard: 0 MB (Removable); Maximum: 3.5 GB,Bus Architecture: (N/A) / SSD - SATA 2.5-inch 9.5mm,,"[""4 Socket(s)""]","[""Virtually any configuration up to 3.5GB can be reached using any combination of Kingston's 256, 512MB, and 1GB modules.""]","[""MODULES MUST BE ORDERED AND INSTALLED IN PAIRS for Dual Channel mode. Kingston offers 'K2' kit part numbers for Dual Channel mode."", ""If 4GB is installed, the recognized memory may be reduced to 3.5GB (depending on system configuration).""]","{""Memory"": {""Standard"": ""0 MB (Removable)"", ""Maximum"": ""3.5 GB""}, ""Storage"": {""Bus Architecture"": ""(N/A) / SSD - SATA 2.5-inch 9.5mm""}, ""Expansions"": {""Details"": [""4 Socket(s)""]}, ""CPU / Chipsets"": {""Details"": [""Intel Pentium 4 Intel 925XE""]}, ""Upgrade Path"": {""Details"": [""Virtually any configuration up to 3.5GB can be reached using any combination of Kingston's 256, 512MB, and 1GB modules.""]}, ""Important Configuration Notes"": {""Details"": [""MODULES MUST BE ORDERED AND INSTALLED IN PAIRS for Dual Channel mode. Kingston offers 'K2' kit part numbers for Dual Channel mode."", ""If 4GB is installed, the recognized memory may be reduced to 3.5GB (depending on system configuration).""]}}",43,extracted
Kingston,ABIT- NF8 Motherboard,https://www.kingston.com/en/memory/search/model/20375/abit-nf8-motherboard,NF8 Motherboard,ABIT - NF8 Motherboard,Motherboard,"[""AMD Athlon 64 Nvidia nForce3 250""]",Standard: 0 MB (Removable); Maximum: 2 GB,Bus Architecture: (N/A) / SSD - SATA 2.5-inch 9.5mm,,"[""2 Socket(s)""]","[""Virtually any configuration up to 2GB can be reached using any combination of Kingston's 128, 256, 512MB, and 1GB modules.""]",,"{""Memory"": {""Standard"": ""0 MB (Removable)"", ""Maximum"": ""2 GB""}, ""Storage"": {""Bus Architecture"": ""(N/A) / SSD - SATA 2.5-inch 9.5mm""}, ""Expansions"": {""Details"": [""2 Socket(s)""]}, ""CPU / Chipsets"": {""Details"": [""AMD Athlon 64 Nvidia nForce3 250""]}, ""Upgrade Path"": {""Details"": [""Virtually any configuration up to 2GB can be reached using any combination of Kingston's 128, 256, 512MB, and 1GB modules.""]}}",41,extracted
Kingston,ABIT- KW7 Motherboard,https://www.kingston.com/en/memory/search/model/20376/abit-kw7-motherboard,KW7 Motherboard,ABIT - KW7 Motherboard,Motherboard,"[""AMD Athlon XP VIA Apollo KT880 (VT8237)"", ""AMD Sempron VIA Apollo KT880 (VT8237)""]",Standard: 0 MB (Removable); Maximum: 4 GB,Bus Architecture: AGP / PCI / SSD - SATA 3.5-inch,,"[""4 Socket(s)""]","[""Virtually any configuration up to 4GB can be reached using any combination of Kingston's 512MB and 1GB modules.""]",,"{""Memory"": {""Standard"": ""0 MB (Removable)"", ""Maximum"": ""4 GB""}, ""Storage"": {""Bus Architecture"": ""AGP / PCI / SSD - SATA 3.5-inch""}, ""Expansions"": {""Details"": [""4 Socket(s)""]}, ""CPU / Chipsets"": {""Details"": [""AMD Athlon XP VIA Apollo KT880 (VT8237)"", ""AMD Sempron VIA Apollo KT880 (VT8237)""]}, ""Upgrade Path"": {""Details"": [""Virtually any configuration up to 4GB can be reached using any combination of Kingston's 512MB and 1GB modules.""]}}",53,extracted
Kingston,ABIT- AA8XE-3rd Eye Motherboard,https://www.kingston.com/en/memory/search/model/21084/abit-aa8xe-3rd-eye-motherboard,AA8XE-3rd Eye Motherboard,ABIT - AA8XE-3rd Eye Motherboard,Motherboard,"[""Intel Pentium 4 Intel 925XE""]",Standard: 0 MB (Removable); Maximum: 3.5 GB,Bus Architecture: SSD - SATA 2.5-inch 9.5mm,,"[""4 Socket(s)""]","[""Virtually any configuration up to 3.5GB can be reached using any combination of Kingston's 256, 512MB, and 1GB modules.""]","[""MODULES MUST BE ORDERED AND INSTALLED IN PAIRS for Dual Channel mode. Kingston offers 'K2' kit part numbers for Dual Channel mode."", ""If 4GB is installed, the recognized memory may be reduced to 3.5GB (depending on system configuration).""]","{""Memory"": {""Standard"": ""0 MB (Removable)"", ""Maximum"": ""3.5 GB""}, ""Storage"": {""Bus Architecture"": ""SSD - SATA 2.5-inch 9.5mm""}, ""Expansions"": {""Details"": [""4 Socket(s)""]}, ""CPU / Chipsets"": {""Details"": [""Intel Pentium 4 Intel 925XE""]}, ""Upgrade Path"": {""Details"": [""Virtually any configuration up to 3.5GB can be reached using any combination of Kingston's 256, 512MB, and 1GB modules.""]}, ""Important Configuration Notes"": {""Details"": [""MODULES MUST BE ORDERED AND INSTALLED IN PAIRS for Dual Channel mode. Kingston offers 'K2' kit part numbers for Dual Channel mode."", ""If 4GB is installed, the recognized memory may be reduced to 3.5GB (depending on system configuration).""]}}",43,extracted
Kingston,ABIT- KV7-V Motherboard,https://www.kingston.com/en/memory/search/model/21085/abit-kv7-v-motherboard,KV7-V Motherboard,ABIT - KV7-V Motherboard,Motherboard,"[""AMD Athlon XP VIA Apollo KT600""]",Standard: 0 MB (Removable); Maximum: 2 GB using 400MHz or 333MHz DDR modules / 3 GB using 266MHz DDR modules,Bus Architecture: SSD - SATA 3.5-inch,,"[""3 Socket(s)""]",Using 400MHz or 333MHz DDR modules:: Virtually any configuration up to 2GB can be reached using any combination of Kingston's 512MB and 1GB modules.; Using 266MHz DDR modules:: Virtually any configuration up to 3GB can be reached using any combination of Kingston's 512MB and 1GB modules.,,"{""Memory"": {""Standard"": ""0 MB (Removable)"", ""Maximum"": ""2 GB using 400MHz or 333MHz DDR modules / 3 GB using 266MHz DDR modules""}, ""Storage"": {""Bus Architecture"": ""SSD - SATA 3.5-inch""}, ""Expansions"": {""Details"": [""3 Socket(s)""]}, ""CPU / Chipsets"": {""Details"": [""AMD Athlon XP VIA Apollo KT600""]}, ""Upgrade Path"": {""Using 400MHz or 333MHz DDR modules:"": ""Virtually any configuration up to 2GB can be reached using any combination of Kingston's 512MB and 1GB modules."", ""Using 266MHz DDR modules:"": ""Virtually any configuration up to 3GB can be reached using any combination of Kingston's 512MB and 1GB modules.""}}",48,extracted
Kingston,ABIT- KW7-G Motherboard,https://www.kingston.com/en/memory/search/model/21087/abit-kw7-g-motherboard,KW7-G Motherboard,ABIT - KW7-G Motherboard,Motherboard,"[""AMD Athlon XP VIA Apollo KT880 (VT8237)"", ""AMD Sempron VIA Apollo KT880 (VT8237)""]",Standard: 0 MB (Removable); Maximum: 4 GB,Bus Architecture: AGP / PCI / SSD - SATA 3.5-inch,,"[""4 Socket(s)""]","[""Virtually any configuration up to 4GB can be reached using any combination of Kingston's 512MB and 1GB modules.""]",,"{""Memory"": {""Standard"": ""0 MB (Removable)"", ""Maximum"": ""4 GB""}, ""Storage"": {""Bus Architecture"": ""AGP / PCI / SSD - SATA 3.5-inch""}, ""Expansions"": {""Details"": [""4 Socket(s)""]}, ""CPU / Chipsets"": {""Details"": [""AMD Athlon XP VIA Apollo KT880 (VT8237)"", ""AMD Sempron VIA Apollo KT880 (VT8237)""]}, ""Upgrade Path"": {""Details"": [""Virtually any configuration up to 4GB can be reached using any combination of Kingston's 512MB and 1GB modules.""]}}",53,extracted
Kingston,ABIT- KV8 Pro-3rd Eye Motherboard,https://www.kingston.com/en/memory/search/model/19988/abit-kv8-pro-3rd-eye-motherboard,KV8 Pro-3rd Eye Motherboard,ABIT - KV8 Pro-3rd Eye Motherboard,Motherboard,"[""AMD Athlon 64 VIA Apollo K8T800 (VT8385)""]",Standard: 0 MB (Removable); Maximum: 2 GB,Bus Architecture: AGP / PCI / SSD - SATA 3.5-inch,,"[""2 Socket(s)""]","[""Virtually any configuration up to 2GB can be reached using any combination of Kingston's 512MB and 1GB modules.""]",,"{""Memory"": {""Standard"": ""0 MB (Removable)"", ""Maximum"": ""2 GB""}, ""Storage"": {""Bus Architecture"": ""AGP / PCI / SSD - SATA 3.5-inch""}, ""Expansions"": {""Details"": [""2 Socket(s)""]}, ""CPU / Chipsets"": {""Details"": [""AMD Athlon 64 VIA Apollo K8T800 (VT8385)""]}, ""Upgrade Path"": {""Details"": [""Virtually any configuration up to 2GB can be reached using any combination of Kingston's 512MB and 1GB modules.""]}}",51,extracted
Kingston,ABIT- SC-1P Motherboard,https://www.kingston.com/en/memory/search/model/19641/abit-sc-1p-motherboard,SC-1P Motherboard,ABIT - SC-1P Motherboard,Motherboard,"[""Intel Pentium 4 Intel E7210 (Canterwood-ES)""]",Standard: 0 MB (Removable); Maximum: 4 GB,Bus Architecture: AGP / PCI / PCI-X / SSD - SATA 2.5-inch 9.5mm,,"[""4 Socket(s)""]","[""Virtually any configuration up to 4GB can be reached using any combination of Kingston's 128, 256, 512MB, and 1GB modules.""]",,"{""Memory"": {""Standard"": ""0 MB (Removable)"", ""Maximum"": ""4 GB""}, ""Storage"": {""Bus Architecture"": ""AGP / PCI / PCI-X / SSD - SATA 2.5-inch 9.5mm""}, ""Expansions"": {""Details"": [""4 Socket(s)""]}, ""CPU / Chipsets"": {""Details"": [""Intel Pentium 4 Intel E7210 (Canterwood-ES)""]}, ""Upgrade Path"": {""Details"": [""Virtually any configuration up to 4GB can be reached using any combination of Kingston's 128, 256, 512MB, and 1GB modules.""]}}",43,extracted
Kingston,ABIT- NF7-S2G Motherboard,https://www.kingston.com/en/memory/search/model/19501/abit-nf7-s2g-motherboard,NF7-S2G Motherboard,ABIT - NF7-S2G Motherboard,Motherboard,"[""AMD K7 Nvidia nForce2""]",Standard: 0 MB (Removable); Maximum: 2 GB using 400MHz DDR modules / 3 GB using 333MHz DDR modules,Bus Architecture: PCI / SSD - SATA 2.5-inch 9.5mm,,"[""3 Socket(s)""]",Using 400MHz DDR modules:: Virtually any configuration up to 2GB can be reached using any combination of Kingston's 512MB and 1GB modules.; Using 333MHz DDR modules:: Virtually any configuration up to 3GB can be reached using any combination of Kingston's 512MB and 1GB modules.,,"{""Memory"": {""Standard"": ""0 MB (Removable)"", ""Maximum"": ""2 GB using 400MHz DDR modules / 3 GB using 333MHz DDR modules""}, ""Storage"": {""Bus Architecture"": ""PCI / SSD - SATA 2.5-inch 9.5mm""}, ""Expansions"": {""Details"": [""3 Socket(s)""]}, ""CPU / Chipsets"": {""Details"": [""AMD K7 Nvidia nForce2""]}, ""Upgrade Path"": {""Using 400MHz DDR modules:"": ""Virtually any configuration up to 2GB can be reached using any combination of Kingston's 512MB and 1GB modules."", ""Using 333MHz DDR modules:"": ""Virtually any configuration up to 3GB can be reached using any combination of Kingston's 512MB and 1GB modules.""}}",45,extracted
Kingston,ABIT- NF7-S2 Motherboard,https://www.kingston.com/en/memory/search/model/19502/abit-nf7-s2-motherboard,NF7-S2 Motherboard,ABIT - NF7-S2 Motherboard,Motherboard,"[""AMD K7 Nvidia nForce2""]",Standard: 0 MB (Removable); Maximum: 2 GB using 400MHz DDR modules / 3 GB using 333MHz DDR modules,Bus Architecture: PCI / SSD - SATA 2.5-inch 9.5mm,,"[""3 Socket(s)""]",Using 400MHz DDR modules:: Virtually any configuration up to 2GB can be reached using any combination of Kingston's 512MB and 1GB modules.; Using 333MHz DDR modules:: Virtually any configuration up to 3GB can be reached using any combination of Kingston's 512MB and 1GB modules.,,"{""Memory"": {""Standard"": ""0 MB (Removable)"", ""Maximum"": ""2 GB using 400MHz DDR modules / 3 GB using 333MHz DDR modules""}, ""Storage"": {""Bus Architecture"": ""PCI / SSD - SATA 2.5-inch 9.5mm""}, ""Expansions"": {""Details"": [""3 Socket(s)""]}, ""CPU / Chipsets"": {""Details"": [""AMD K7 Nvidia nForce2""]}, ""Upgrade Path"": {""Using 400MHz DDR modules:"": ""Virtually any configuration up to 2GB can be reached using any combination of Kingston's 512MB and 1GB modules."", ""Using 333MHz DDR modules:"": ""Virtually any configuration up to 3GB can be reached using any combination of Kingston's 512MB and 1GB modules.""}}",45,extracted
Kingston,ABIT- SI-2Ns443 Motherboard,https://www.kingston.com/en/memory/search/discontinuedmodel/20050/abit-si-2ns443-motherboard,SI-2Ns443 Motherboard,ABIT - SI-2Ns443 Motherboard,Motherboard,"[""Intel Xeon Intel E7320 (Lindenhurst VS)""]",Standard: 0 GB (Non-removable); Maximum: 16 GB,Bus Architecture: PCI-X,,"[""4 Socket(s)""]","[""Virtually any configuration up to 16GB can be reached using any combination of Kingston's 1, 2 or 4GB modules.""]",,"{""Memory"": {""Standard"": ""0 GB (Non-removable)"", ""Maximum"": ""16 GB""}, ""Storage"": {""Bus Architecture"": ""PCI-X""}, ""Expansions"": {""Details"": [""4 Socket(s)""]}, ""CPU / Chipsets"": {""Details"": [""Intel Xeon Intel E7320 (Lindenhurst VS)""]}, ""Upgrade Path"": {""Details"": [""Virtually any configuration up to 16GB can be reached using any combination of Kingston's 1, 2 or 4GB modules.""]}}",8,extracted
Kingston,ABIT- A-N78HD Motherboard,https://www.kingston.com/en/memory/search/discontinuedmodel/47750/abit-a-n78hd-motherboard,A-N78HD Motherboard,ABIT - A-N78HD Motherboard,Motherboard,"[""AMD Athlon 64 (AM2) Nvidia GeForce 8200"", ""AMD Phenom X4 (AM2+) Nvidia GeForce 8200""]",Standard: 0 MB (Removable); Maximum: 8 GB,Bus Architecture: PCI / PCI Express,,"[""4 Socket(s)""]","[""Virtually any configuration up to 8GB can be reached using any combination of Kingston's 512MB, 1 and 2GB modules.""]","[""MODULES MUST BE ORDERED AND INSTALLED IN PAIRS for Dual Channel mode. Kingston offers 'K2' kit part numbers for Dual Channel mode."", ""DDR2-1066 is supported by AM2+ CPUs only.""]","{""Memory"": {""Standard"": ""0 MB (Removable)"", ""Maximum"": ""8 GB""}, ""Storage"": {""Bus Architecture"": ""PCI / PCI Express""}, ""Expansions"": {""Details"": [""4 Socket(s)""]}, ""CPU / Chipsets"": {""Details"": [""AMD Athlon 64 (AM2) Nvidia GeForce 8200"", ""AMD Phenom X4 (AM2+) Nvidia GeForce 8200""]}, ""Upgrade Path"": {""Details"": [""Virtually any configuration up to 8GB can be reached using any combination of Kingston's 512MB, 1 and 2GB modules.""]}, ""Important Configuration Notes"": {""Details"": [""MODULES MUST BE ORDERED AND INSTALLED IN PAIRS for Dual Channel mode. Kingston offers 'K2' kit part numbers for Dual Channel mode."", ""DDR2-1066 is supported by AM2+ CPUs only.""]}}",18,extracted
Kingston,ABIT- AB9 Pro Motherboard,https://www.kingston.com/en/memory/search/discontinuedmodel/31357/abit-ab9-pro-motherboard,AB9 Pro Motherboard,ABIT - AB9 Pro Motherboard,Motherboard,"[""Intel Core 2 Duo 2006FMB Conroe Intel P965""]",Standard: 0 MB (Removable); Maximum: 8 GB,Bus Architecture: PCI / PCI Express,,"[""4 Socket(s)""]","[""Virtually any configuration up to 8GB can be reached using any combination of Kingston's 512MB, 1 and 2GB modules.""]","[""MODULES MUST BE ORDERED AND INSTALLED IN PAIRS for Dual Channel mode. Kingston offers 'K2' kit part numbers for Dual Channel mode."", ""Maximum configurations require a 64-bit operating system.""]","{""Memory"": {""Standard"": ""0 MB (Removable)"", ""Maximum"": ""8 GB""}, ""Storage"": {""Bus Architecture"": ""PCI / PCI Express""}, ""Expansions"": {""Details"": [""4 Socket(s)""]}, ""CPU / Chipsets"": {""Details"": [""Intel Core 2 Duo 2006FMB Conroe Intel P965""]}, ""Upgrade Path"": {""Details"": [""Virtually any configuration up to 8GB can be reached using any combination of Kingston's 512MB, 1 and 2GB modules.""]}, ""Important Configuration Notes"": {""Details"": [""MODULES MUST BE ORDERED AND INSTALLED IN PAIRS for Dual Channel mode. Kingston offers 'K2' kit part numbers for Dual Channel mode."", ""Maximum configurations require a 64-bit operating system.""]}}",22,extracted
Kingston,ABIT- KN9S Motherboard,https://www.kingston.com/en/memory/search/discontinuedmodel/30547/abit-kn9s-motherboard,KN9S Motherboard,ABIT - KN9S Motherboard,Motherboard,"[""AMD Athlon 64 (AM2) Nvidia nForce 550"", ""AMD Athlon 64 FX (AM2) Nvidia nForce 550"", ""AMD Athlon 64 X2 (AM2) Nvidia nForce 550""]",Standard: 0 MB (Removable); Maximum: 8 GB,Bus Architecture: PCI / PCI Express,,"[""4 Socket(s)""]","[""Virtually any configuration up to 4GB can be reached using any combination of Kingston's 1 or 2GB modules.""]","[""MODULES MUST BE ORDERED AND INSTALLED IN PAIRS for Dual Channel mode. Kingston offers 'K2' kit part numbers for Dual Channel mode."", "".""]","{""Memory"": {""Standard"": ""0 MB (Removable)"", ""Maximum"": ""8 GB""}, ""Storage"": {""Bus Architecture"": ""PCI / PCI Express""}, ""Expansions"": {""Details"": [""4 Socket(s)""]}, ""CPU / Chipsets"": {""Details"": [""AMD Athlon 64 (AM2) Nvidia nForce 550"", ""AMD Athlon 64 FX (AM2) Nvidia nForce 550"", ""AMD Athlon 64 X2 (AM2) Nvidia nForce 550""]}, ""Upgrade Path"": {""Details"": [""Virtually any configuration up to 4GB can be reached using any combination of Kingston's 1 or 2GB modules.""]}, ""Important Configuration Notes"": {""Details"": [""MODULES MUST BE ORDERED AND INSTALLED IN PAIRS for Dual Channel mode. Kingston offers 'K2' kit part numbers for Dual Channel mode."", "".""]}}",12,extracted
Kingston,ABIT- SG-81 Motherboard,https://www.kingston.com/en/memory/search/discontinuedmodel/29899/abit-sg-81-motherboard,SG-81 Motherboard,ABIT - SG-81 Motherboard,Motherboard,"[""Intel Celeron D SiS 661FX"", ""Intel Pentium 4 SiS 661FX""]",Standard: 0 MB (Removable); Maximum: 2 GB,Bus Architecture: PCI Express,,"[""2 Socket(s)""]","[""Virtually any configuration up to 2GB can be reached using any combination of Kingston's 128, 256, 512MB, and 1GB modules.""]",,"{""Memory"": {""Standard"": ""0 MB (Removable)"", ""Maximum"": ""2 GB""}, ""Storage"": {""Bus Architecture"": ""PCI Express""}, ""Expansions"": {""Details"": [""2 Socket(s)""]}, ""CPU / Chipsets"": {""Details"": [""Intel Celeron D SiS 661FX"", ""Intel Pentium 4 SiS 661FX""]}, ""Upgrade Path"": {""Details"": [""Virtually any configuration up to 2GB can be reached using any combination of Kingston's 128, 256, 512MB, and 1GB modules.""]}}",8,extracted
Kingston,ABIT- AT8 32X Motherboard,https://www.kingston.com/en/memory/search/discontinuedmodel/29904/abit-at8-32x-motherboard,AT8 32X Motherboard,ABIT - AT8 32X Motherboard,Motherboard,"[""AMD Athlon 64 ATi RADEON XPRESS 200/200P (RS480)"", ""AMD Athlon 64 FX (939-pin) ATi RADEON XPRESS 200/200P (RS480)"", ""AMD Athlon 64 X2 ATi RADEON XPRESS 200/200P (RS480)""]",Standard: 0 MB (Removable); Maximum: 2 GB with current Kingston 400MHz DDR modules / 4 GB with release of 1GB single rank 400MHz module,Bus Architecture: USB 2.0/3.x Type-A / PCI Express,,"[""4 Socket(s)""]","[""Virtually any configuration up to 4GB can be reached using any combination of Kingston's 256, 512 and 1GB modules.""]","[""MODULES MUST BE ORDERED AND INSTALLED IN PAIRS for Dual Channel mode."", ""Kingston offers 'K2' kit part numbers for Dual Channel mode."", ""This motherboard only supports 4 ranks of DDR400 memory. If two double-ranked DIMMs are used, the 3rd and 4th sockets are disabled.""]","{""Memory"": {""Standard"": ""0 MB (Removable)"", ""Maximum"": ""2 GB with current Kingston 400MHz DDR modules / 4 GB with release of 1GB single rank 400MHz module""}, ""Storage"": {""Bus Architecture"": ""USB 2.0/3.x Type-A / PCI Express""}, ""Expansions"": {""Details"": [""4 Socket(s)""]}, ""CPU / Chipsets"": {""Details"": [""AMD Athlon 64 ATi RADEON XPRESS 200/200P (RS480)"", ""AMD Athlon 64 FX (939-pin) ATi RADEON XPRESS 200/200P (RS480)"", ""AMD Athlon 64 X2 ATi RADEON XPRESS 200/200P (RS480)""]}, ""Upgrade Path"": {""Details"": [""Virtually any configuration up to 4GB can be reached using any combination of Kingston's 256, 512 and 1GB modules.""]}, ""Important Configuration Notes"": {""Details"": [""MODULES MUST BE ORDERED AND INSTALLED IN PAIRS for Dual Channel mode."", ""Kingston offers 'K2' kit part numbers for Dual Channel mode."", ""This motherboard only supports 4 ranks of DDR400 memory. If two double-ranked DIMMs are used, the 3rd and 4th sockets are disabled.""]}}",7,extracted
Kingston,ABIT- GD8 Pro Motherboard,https://www.kingston.com/en/memory/search/discontinuedmodel/26042/abit-gd8-pro-motherboard,GD8 Pro Motherboard,ABIT - GD8 Pro Motherboard,Motherboard,"[""Intel Pentium 4 Intel 915P""]",Standard: 0 MB (Removable); Maximum: 4 GB,Bus Architecture: PCI / PCI Express,,"[""4 Socket(s)""]","[""Virtually any configuration up to 4GB can be reached using any combination of Kingston's 256, 512MB, and 1GB modules or kits.""]","[""MODULES MUST BE ORDERED AND INSTALLED IN PAIRS for Dual Channel mode. Kingston offers 'K2' kit part numbers for Dual Channel mode."", ""If 4GB is installed, the recognized memory may be reduced to 3.5GB or less (depending on system configuration and memory allocation).""]","{""Memory"": {""Standard"": ""0 MB (Removable)"", ""Maximum"": ""4 GB""}, ""Storage"": {""Bus Architecture"": ""PCI / PCI Express""}, ""Expansions"": {""Details"": [""4 Socket(s)""]}, ""CPU / Chipsets"": {""Details"": [""Intel Pentium 4 Intel 915P""]}, ""Upgrade Path"": {""Details"": [""Virtually any configuration up to 4GB can be reached using any combination of Kingston's 256, 512MB, and 1GB modules or kits.""]}, ""Important Configuration Notes"": {""Details"": [""MODULES MUST BE ORDERED AND INSTALLED IN PAIRS for Dual Channel mode. Kingston offers 'K2' kit part numbers for Dual Channel mode."", ""If 4GB is installed, the recognized memory may be reduced to 3.5GB or less (depending on system configuration and memory allocation).""]}}",6,extracted
Kingston,ABIT- IL8 Motherboard,https://www.kingston.com/en/memory/search/discontinuedmodel/26053/abit-il8-motherboard,IL8 Motherboard,ABIT - IL8 Motherboard,Motherboard,"[""Intel Pentium 4 Intel 945P"", ""Intel Pentium D Intel 945P""]",Standard: 0 MB (Removable); Maximum: 4 GB,Bus Architecture: PCI Express,,"[""4 Socket(s)""]","[""Virtually any configuration up to 4GB can be reached using any combination of Kingston's 512MB and 1GB modules or kits.""]",,"{""Memory"": {""Standard"": ""0 MB (Removable)"", ""Maximum"": ""4 GB""}, ""Storage"": {""Bus Architecture"": ""PCI Express""}, ""Expansions"": {""Details"": [""4 Socket(s)""]}, ""CPU / Chipsets"": {""Details"": [""Intel Pentium 4 Intel 945P"", ""Intel Pentium D Intel 945P""]}, ""Upgrade Path"": {""Details"": [""Virtually any configuration up to 4GB can be reached using any combination of Kingston's 512MB and 1GB modules or kits.""]}}",12,extracted
Kingston,ABIT- AN8 32X Motherboard,https://www.kingston.com/en/memory/search/discontinuedmodel/25890/abit-an8-32x-motherboard,AN8 32X Motherboard,ABIT - AN8 32X Motherboard,Motherboard,"[""AMD Athlon 64"", ""AMD Athlon 64 FX (939-pin)"", ""AMD Athlon 64 X2""]",Standard: 0 MB (Removable); Maximum: 2 GB using current Kingston product / 4 GB with release of single rank 1GB module,Bus Architecture: PCI / PCI Express,,"[""4 Socket(s)""]","[""Virtually any configuration up to 2GB can be reached using any combination of Kingston's 512MB and 1GB modules.""]","[""MODULES MUST BE ORDERED AND INSTALLED IN PAIRS for Dual Channel mode. Kingston offers 'K2' kit part numbers for Dual Channel mode."", ""This system only supports 4 ranks of DDR400 memory. If two double-ranked DIMMs are used, the 3rd and 4th sockets are disabled.""]","{""Memory"": {""Standard"": ""0 MB (Removable)"", ""Maximum"": ""2 GB using current Kingston product / 4 GB with release of single rank 1GB module""}, ""Storage"": {""Bus Architecture"": ""PCI / PCI Express""}, ""Expansions"": {""Details"": [""4 Socket(s)""]}, ""CPU / Chipsets"": {""Details"": [""AMD Athlon 64"", ""AMD Athlon 64 FX (939-pin)"", ""AMD Athlon 64 X2""]}, ""Upgrade Path"": {""Details"": [""Virtually any configuration up to 2GB can be reached using any combination of Kingston's 512MB and 1GB modules.""]}, ""Important Configuration Notes"": {""Details"": [""MODULES MUST BE ORDERED AND INSTALLED IN PAIRS for Dual Channel mode. Kingston offers 'K2' kit part numbers for Dual Channel mode."", ""This system only supports 4 ranks of DDR400 memory. If two double-ranked DIMMs are used, the 3rd and 4th sockets are disabled.""]}}",6,extracted
Kingston,ABIT- UL8 Motherboard,https://www.kingston.com/en/memory/search/discontinuedmodel/25888/abit-ul8-motherboard,UL8 Motherboard,ABIT - UL8 Motherboard,Motherboard,"[""AMD Athlon 64 ALi ULi M1689"", ""AMD Athlon 64 FX (939-pin) ALi ULi M1689""]",Standard: 0 MB (Removable); Maximum: 2 GB with current Kingston 400MHz DDR modules / 4 GB with release of 1GB single rank 400MHz module,Bus Architecture: PCI Express,,"[""4 Socket(s)""]",,"[""MODULES MUST BE ORDERED AND INSTALLED IN PAIRS for Dual Channel mode."", ""Kingston offers 'K2' kit part numbers for Dual Channel mode."", ""This motherboard only supports 4 ranks of DDR400 memory. If two double-ranked DIMMs are used, the 3rd and 4th sockets are disabled.""]","{""Memory"": {""Standard"": ""0 MB (Removable)"", ""Maximum"": ""2 GB with current Kingston 400MHz DDR modules / 4 GB with release of 1GB single rank 400MHz module""}, ""Storage"": {""Bus Architecture"": ""PCI Express""}, ""Expansions"": {""Details"": [""4 Socket(s)""]}, ""CPU / Chipsets"": {""Details"": [""AMD Athlon 64 ALi ULi M1689"", ""AMD Athlon 64 FX (939-pin) ALi ULi M1689""]}, ""Important Configuration Notes"": {""Details"": [""MODULES MUST BE ORDERED AND INSTALLED IN PAIRS for Dual Channel mode."", ""Kingston offers 'K2' kit part numbers for Dual Channel mode."", ""This motherboard only supports 4 ranks of DDR400 memory. If two double-ranked DIMMs are used, the 3rd and 4th sockets are disabled.""]}}",7,extracted
Kingston,ABIT- AT8 Motherboard,https://www.kingston.com/en/memory/search/discontinuedmodel/25872/abit-at8-motherboard,AT8 Motherboard,ABIT - AT8 Motherboard,Motherboard,"[""AMD Athlon 64 ATi RADEON XPRESS 200/200P (RS480)"", ""AMD Athlon 64 FX (939-pin) ATi RADEON XPRESS 200/200P (RS480)"", ""AMD Athlon 64 X2 ATi RADEON XPRESS 200/200P (RS480)""]",Standard: 0 MB (Removable); Maximum: 2 GB with current Kingston 400MHz DDR modules / 4 GB with release of 1GB single rank 400MHz module,Bus Architecture: PCI Express,,"[""4 Socket(s)""]",,"[""MODULES MUST BE ORDERED AND INSTALLED IN PAIRS for Dual Channel mode."", ""Kingston offers 'K2' kit part numbers for Dual Channel mode."", ""This motherboard only supports 4 ranks of DDR400 memory. If two double-ranked DIMMs are used, the 3rd and 4th sockets are disabled.""]","{""Memory"": {""Standard"": ""0 MB (Removable)"", ""Maximum"": ""2 GB with current Kingston 400MHz DDR modules / 4 GB with release of 1GB single rank 400MHz module""}, ""Storage"": {""Bus Architecture"": ""PCI Express""}, ""Expansions"": {""Details"": [""4 Socket(s)""]}, ""CPU / Chipsets"": {""Details"": [""AMD Athlon 64 ATi RADEON XPRESS 200/200P (RS480)"", ""AMD Athlon 64 FX (939-pin) ATi RADEON XPRESS 200/200P (RS480)"", ""AMD Athlon 64 X2 ATi RADEON XPRESS 200/200P (RS480)""]}, ""Important Configuration Notes"": {""Details"": [""MODULES MUST BE ORDERED AND INSTALLED IN PAIRS for Dual Channel mode."", ""Kingston offers 'K2' kit part numbers for Dual Channel mode."", ""This motherboard only supports 4 ranks of DDR400 memory. If two double-ranked DIMMs are used, the 3rd and 4th sockets are disabled.""]}}",7,extracted
Kingston,ABIT- KV-85 Motherboard,https://www.kingston.com/en/memory/search/discontinuedmodel/25515/abit-kv-85-motherboard,KV-85 Motherboard,ABIT - KV-85 Motherboard,Motherboard,"[""AMD Athlon 64 VIA Apollo K8M800""]",Standard: 0 MB (Removable); Maximum: 2 GB,,,"[""2 Socket(s)""]","[""Virtually any configuration up to 2GB can be reached using any combination of Kingston's 512MB and 1GB modules.""]",,"{""Memory"": {""Standard"": ""0 MB (Removable)"", ""Maximum"": ""2 GB""}, ""Expansions"": {""Details"": [""2 Socket(s)""]}, ""CPU / Chipsets"": {""Details"": [""AMD Athlon 64 VIA Apollo K8M800""]}, ""Upgrade Path"": {""Details"": [""Virtually any configuration up to 2GB can be reached using any combination of Kingston's 512MB and 1GB modules.""]}}",14,extracted
Kingston,ABIT- AW8-MAX 3rd Eye II Motherboard,https://www.kingston.com/en/memory/search/discontinuedmodel/25194/abit-aw8-max-3rd-eye-ii-motherboard,AW8-MAX 3rd Eye II Motherboard,ABIT - AW8-MAX 3rd Eye II Motherboard,Motherboard,"[""Intel Pentium 4 Intel 955X (Glenwood)"", ""Intel Pentium D Intel 955X (Glenwood)""]",Standard: 0 MB (Removable); Maximum: 4 GB,Bus Architecture: PCI Express,,"[""4 Socket(s)""]","[""Virtually any configuration up to 4GB can be reached using Kingston's 512MB and 1GB modules.""]","[""MODULES MUST BE ORDERED AND INSTALLED IN PAIRS for Dual Channel mode."", ""Kingston offers 'K2' kit part numbers for Dual Channel mode.""]","{""Memory"": {""Standard"": ""0 MB (Removable)"", ""Maximum"": ""4 GB""}, ""Storage"": {""Bus Architecture"": ""PCI Express""}, ""Expansions"": {""Details"": [""4 Socket(s)""]}, ""CPU / Chipsets"": {""Details"": [""Intel Pentium 4 Intel 955X (Glenwood)"", ""Intel Pentium D Intel 955X (Glenwood)""]}, ""Upgrade Path"": {""Details"": [""Virtually any configuration up to 4GB can be reached using Kingston's 512MB and 1GB modules.""]}, ""Important Configuration Notes"": {""Details"": [""MODULES MUST BE ORDERED AND INSTALLED IN PAIRS for Dual Channel mode."", ""Kingston offers 'K2' kit part numbers for Dual Channel mode.""]}}",12,extracted
Kingston,ABIT- AL8-3rd Eye II Motherboard,https://www.kingston.com/en/memory/search/discontinuedmodel/25195/abit-al8-3rd-eye-ii-motherboard,AL8-3rd Eye II Motherboard,ABIT - AL8-3rd Eye II Motherboard,Motherboard,"[""Intel Pentium 4 Intel 945P"", ""Intel Pentium D Intel 945P""]",Standard: 0 MB (Removable); Maximum: 4 GB,Bus Architecture: PCI Express,,"[""4 Socket(s)""]","[""Virtually any configuration up to 4GB can be reached using any combination of Kingston's 512MB and 1GB modules or kits.""]",,"{""Memory"": {""Standard"": ""0 MB (Removable)"", ""Maximum"": ""4 GB""}, ""Storage"": {""Bus Architecture"": ""PCI Express""}, ""Expansions"": {""Details"": [""4 Socket(s)""]}, ""CPU / Chipsets"": {""Details"": [""Intel Pentium 4 Intel 945P"", ""Intel Pentium D Intel 945P""]}, ""Upgrade Path"": {""Details"": [""Virtually any configuration up to 4GB can be reached using any combination of Kingston's 512MB and 1GB modules or kits.""]}}",12,extracted
Kingston,ABIT- KN8 Motherboard,https://www.kingston.com/en/memory/search/discontinuedmodel/25197/abit-kn8-motherboard,KN8 Motherboard,ABIT - KN8 Motherboard,Motherboard,"[""AMD Athlon 64 Nvidia nForce4"", ""AMD Athlon 64 FX (939-pin) Nvidia nForce4"", ""AMD Athlon 64 X2 Nvidia nForce4""]",Standard: 0 MB (Removable); Maximum: 2 GB with current Kingston 400MHz DDR modules / 4 GB with release of 1GB single rank 400MHz module,Bus Architecture: PCI / PCI Express,,"[""4 Socket(s)""]",,"[""MODULES MUST BE ORDERED AND INSTALLED IN PAIRS for Dual Channel mode."", ""Kingston offers 'K2' kit part numbers for Dual Channel mode."", ""This motherboard only supports 4 ranks of DDR400 memory. If two double-ranked DIMMs are used, the 3rd and 4th sockets are disabled.""]","{""Memory"": {""Standard"": ""0 MB (Removable)"", ""Maximum"": ""2 GB with current Kingston 400MHz DDR modules / 4 GB with release of 1GB single rank 400MHz module""}, ""Storage"": {""Bus Architecture"": ""PCI / PCI Express""}, ""Expansions"": {""Details"": [""4 Socket(s)""]}, ""CPU / Chipsets"": {""Details"": [""AMD Athlon 64 Nvidia nForce4"", ""AMD Athlon 64 FX (939-pin) Nvidia nForce4"", ""AMD Athlon 64 X2 Nvidia nForce4""]}, ""Important Configuration Notes"": {""Details"": [""MODULES MUST BE ORDERED AND INSTALLED IN PAIRS for Dual Channel mode."", ""Kingston offers 'K2' kit part numbers for Dual Channel mode."", ""This motherboard only supports 4 ranks of DDR400 memory. If two double-ranked DIMMs are used, the 3rd and 4th sockets are disabled.""]}}",7,extracted
Kingston,ABIT- VG7 Motherboard,https://www.kingston.com/en/memory/search/discontinuedmodel/19215/abit-vg7-motherboard,VG7 Motherboard,ABIT - VG7 Motherboard,Motherboard,"[""Intel Pentium 4 VIA PT890 (VT8237)""]",Standard: 0 MB (Removable); Maximum: 4 GB,Bus Architecture: AGP / PCI Express,,"[""4 Socket(s)""]","[""Virtually any configuration up to 4GB can be reached using any combination of Kingston's 128, 256, 512MB, and 1GB modules.""]",,"{""Memory"": {""Standard"": ""0 MB (Removable)"", ""Maximum"": ""4 GB""}, ""Storage"": {""Bus Architecture"": ""AGP / PCI Express""}, ""Expansions"": {""Details"": [""4 Socket(s)""]}, ""CPU / Chipsets"": {""Details"": [""Intel Pentium 4 VIA PT890 (VT8237)""]}, ""Upgrade Path"": {""Details"": [""Virtually any configuration up to 4GB can be reached using any combination of Kingston's 128, 256, 512MB, and 1GB modules.""]}}",10,extracted
Kingston,ABIT- SV-1A Motherboard,https://www.kingston.com/en/memory/search/discontinuedmodel/23764/abit-sv-1a-motherboard,SV-1A Motherboard,ABIT - SV-1A Motherboard,Motherboard,"[""AMD Athlon 64 VIA Apollo K8T800 Pro""]",Standard: 0 MB (Removable); Maximum: 2 GB using 400MHz DDR modules / 4 GB using current 333MHz DDR modules / 8 GB with release of 2GB 333MHz DDR module,Bus Architecture: PCI / PCI-X,,"[""4 Socket(s)""]",Using 400MHz DDR modules:: Virtually any configuration up to 2GB can be reached using any combination of Kingston's 512MB and 1GB modules.; Using current 333MHz DDR modules:: Virtually any configuration up to 4GB can be reached using any combination of Kingston's 512MB and 1GB modules.,"[""MODULES MUST BE ORDERED AND INSTALLED IN PAIRS for Dual Channel mode. Kingston offers 'K2' kit part numbers for Dual Channel mode."", ""This system only supports 4 ranks of DDR400 memory. If two dual-ranked DIMMs are used, the 3rd and 4th sockets are disabled."", ""This motherboard supports both ECC and non-ECC memory. When mixing ECC and non-ECC modules, the system will not perform the ECC function.""]","{""Memory"": {""Standard"": ""0 MB (Removable)"", ""Maximum"": ""2 GB using 400MHz DDR modules / 4 GB using current 333MHz DDR modules / 8 GB with release of 2GB 333MHz DDR module""}, ""Storage"": {""Bus Architecture"": ""PCI / PCI-X""}, ""Expansions"": {""Details"": [""4 Socket(s)""]}, ""CPU / Chipsets"": {""Details"": [""AMD Athlon 64 VIA Apollo K8T800 Pro""]}, ""Upgrade Path"": {""Using 400MHz DDR modules:"": ""Virtually any configuration up to 2GB can be reached using any combination of Kingston's 512MB and 1GB modules."", ""Using current 333MHz DDR modules:"": ""Virtually any configuration up to 4GB can be reached using any combination of Kingston's 512MB and 1GB modules.""}, ""Important Configuration Notes"": {""Details"": [""MODULES MUST BE ORDERED AND INSTALLED IN PAIRS for Dual Channel mode. Kingston offers 'K2' kit part numbers for Dual Channel mode."", ""This system only supports 4 ranks of DDR400 memory. If two dual-ranked DIMMs are used, the 3rd and 4th sockets are disabled."", ""This motherboard supports both ECC and non-ECC memory. When mixing ECC and non-ECC modules, the system will not perform the ECC function.""]}}",18,extracted
Kingston,ABIT- SG-80 Motherboard,https://www.kingston.com/en/memory/search/discontinuedmodel/23561/abit-sg-80-motherboard,SG-80 Motherboard,ABIT - SG-80 Motherboard,Motherboard,"[""Intel Celeron D SiS 661FX"", ""Intel Pentium 4 SiS 661FX""]",Standard: 0 MB (Removable); Maximum: 2 GB,Bus Architecture: PCI Express,,"[""2 Socket(s)""]","[""Virtually any configuration up to 2GB can be reached using any combination of Kingston's 128, 256, 512MB, and 1GB modules.""]",,"{""Memory"": {""Standard"": ""0 MB (Removable)"", ""Maximum"": ""2 GB""}, ""Storage"": {""Bus Architecture"": ""PCI Express""}, ""Expansions"": {""Details"": [""2 Socket(s)""]}, ""CPU / Chipsets"": {""Details"": [""Intel Celeron D SiS 661FX"", ""Intel Pentium 4 SiS 661FX""]}, ""Upgrade Path"": {""Details"": [""Virtually any configuration up to 2GB can be reached using any combination of Kingston's 128, 256, 512MB, and 1GB modules.""]}}",8,extracted
Kingston,ABIT- AN8 SLi Motherboard,https://www.kingston.com/en/memory/search/discontinuedmodel/23537/abit-an8-sli-motherboard,AN8 SLi Motherboard,ABIT - AN8 SLi Motherboard,Motherboard,"[""AMD Athlon 64 Nvidia nForce4 Ultra"", ""AMD Athlon 64 FX (939-pin) Nvidia nForce4 Ultra""]",Standard: 0 MB (Removable); Maximum: 2 GB with current Kingston 400MHz DDR modules / 4 GB with release of 1GB single rank 400MHz module,Bus Architecture: PCI / PCI Express,,"[""4 Socket(s)""]",,"[""MODULES MUST BE ORDERED AND INSTALLED IN PAIRS for Dual Channel mode."", ""Kingston offers 'K2' kit part numbers for Dual Channel mode."", ""This motherboard only supports 4 ranks of DDR400 memory. If two double-ranked DIMMs are used, the 3rd and 4th sockets are disabled.""]","{""Memory"": {""Standard"": ""0 MB (Removable)"", ""Maximum"": ""2 GB with current Kingston 400MHz DDR modules / 4 GB with release of 1GB single rank 400MHz module""}, ""Storage"": {""Bus Architecture"": ""PCI / PCI Express""}, ""Expansions"": {""Details"": [""4 Socket(s)""]}, ""CPU / Chipsets"": {""Details"": [""AMD Athlon 64 Nvidia nForce4 Ultra"", ""AMD Athlon 64 FX (939-pin) Nvidia nForce4 Ultra""]}, ""Important Configuration Notes"": {""Details"": [""MODULES MUST BE ORDERED AND INSTALLED IN PAIRS for Dual Channel mode."", ""Kingston offers 'K2' kit part numbers for Dual Channel mode."", ""This motherboard only supports 4 ranks of DDR400 memory. If two double-ranked DIMMs are used, the 3rd and 4th sockets are disabled.""]}}",7,extracted
Kingston,ABIT- AW8-MAX Motherboard,https://www.kingston.com/en/memory/search/discontinuedmodel/23539/abit-aw8-max-motherboard,AW8-MAX Motherboard,ABIT - AW8-MAX Motherboard,Motherboard,"[""Intel Pentium 4 Intel 955X (Glenwood)"", ""Intel Pentium D Intel 955X (Glenwood)""]",Standard: 0 MB (Removable); Maximum: 4 GB,Bus Architecture: PCI Express,,"[""4 Socket(s)""]","[""Virtually any configuration up to 4GB can be reached using Kingston's 512MB and 1GB modules.""]","[""MODULES MUST BE ORDERED AND INSTALLED IN PAIRS for Dual Channel mode."", ""Kingston offers 'K2' kit part numbers for Dual Channel mode.""]","{""Memory"": {""Standard"": ""0 MB (Removable)"", ""Maximum"": ""4 GB""}, ""Storage"": {""Bus Architecture"": ""PCI Express""}, ""Expansions"": {""Details"": [""4 Socket(s)""]}, ""CPU / Chipsets"": {""Details"": [""Intel Pentium 4 Intel 955X (Glenwood)"", ""Intel Pentium D Intel 955X (Glenwood)""]}, ""Upgrade Path"": {""Details"": [""Virtually any configuration up to 4GB can be reached using Kingston's 512MB and 1GB modules.""]}, ""Important Configuration Notes"": {""Details"": [""MODULES MUST BE ORDERED AND INSTALLED IN PAIRS for Dual Channel mode."", ""Kingston offers 'K2' kit part numbers for Dual Channel mode.""]}}",12,extracted
Kingston,ABIT- AN8 Ultra Motherboard,https://www.kingston.com/en/memory/search/discontinuedmodel/23560/abit-an8-ultra-motherboard,AN8 Ultra Motherboard,ABIT - AN8 Ultra Motherboard,Motherboard,"[""AMD Athlon 64 Nvidia nForce4 Ultra"", ""AMD Athlon 64 FX (939-pin) Nvidia nForce4 Ultra""]",Standard: 0 MB (Removable); Maximum: 2 GB using 400MHz DDR modules / 4 GB using 333MHz or 266MHz DDR modules,Bus Architecture: PCI / PCI Express,,"[""4 Socket(s)""]",Using 333MHz DDR Modules:: Virtually any configuration up to 4GB can be reached using any combination of Kingston's 512MB and 1GB modules.,,"{""Memory"": {""Standard"": ""0 MB (Removable)"", ""Maximum"": ""2 GB using 400MHz DDR modules / 4 GB using 333MHz or 266MHz DDR modules""}, ""Storage"": {""Bus Architecture"": ""PCI / PCI Express""}, ""Expansions"": {""Details"": [""4 Socket(s)""]}, ""CPU / Chipsets"": {""Details"": [""AMD Athlon 64 Nvidia nForce4 Ultra"", ""AMD Athlon 64 FX (939-pin) Nvidia nForce4 Ultra""]}, ""Upgrade Path"": {""Using 333MHz DDR Modules:"": ""Virtually any configuration up to 4GB can be reached using any combination of Kingston's 512MB and 1GB modules.""}}",20,extracted
Kingston,ABIT- Fatal1ty AN8 SLi Motherboard,https://www.kingston.com/en/memory/search/discontinuedmodel/23280/abit-fatal1ty-an8-sli-motherboard,Fatal1ty AN8 SLi Motherboard,ABIT - Fatal1ty AN8 SLi Motherboard,Motherboard,"[""AMD Athlon 64 Nvidia nForce4 Ultra"", ""AMD Athlon 64 FX (939-pin) Nvidia nForce4 Ultra""]",Standard: 0 MB (Removable); Maximum: 2 GB with current Kingston 400MHz DDR modules / 4 GB with release of 1GB single rank 400MHz module,Bus Architecture: PCI / PCI Express,,"[""4 Socket(s)""]",,"[""MODULES MUST BE ORDERED AND INSTALLED IN PAIRS for Dual Channel mode."", ""Kingston offers 'K2' kit part numbers for Dual Channel mode."", ""This motherboard only supports 4 ranks of DDR400 memory. If two double-ranked DIMMs are used, the 3rd and 4th sockets are disabled.""]","{""Memory"": {""Standard"": ""0 MB (Removable)"", ""Maximum"": ""2 GB with current Kingston 400MHz DDR modules / 4 GB with release of 1GB single rank 400MHz module""}, ""Storage"": {""Bus Architecture"": ""PCI / PCI Express""}, ""Expansions"": {""Details"": [""4 Socket(s)""]}, ""CPU / Chipsets"": {""Details"": [""AMD Athlon 64 Nvidia nForce4 Ultra"", ""AMD Athlon 64 FX (939-pin) Nvidia nForce4 Ultra""]}, ""Important Configuration Notes"": {""Details"": [""MODULES MUST BE ORDERED AND INSTALLED IN PAIRS for Dual Channel mode."", ""Kingston offers 'K2' kit part numbers for Dual Channel mode."", ""This motherboard only supports 4 ranks of DDR400 memory. If two double-ranked DIMMs are used, the 3rd and 4th sockets are disabled.""]}}",7,extracted
Kingston,ABIT- KU8 Motherboard,https://www.kingston.com/en/memory/search/discontinuedmodel/23167/abit-ku8-motherboard,KU8 Motherboard,ABIT - KU8 Motherboard,Motherboard,"[""AMD Athlon 64 ALi ULi M1689"", ""AMD Sempron ALi ULi M1689""]",Standard: 0 MB (Removable); Maximum: 2 GB,Bus Architecture: AGP / PCI,,"[""2 Socket(s)""]","[""Virtually any configuration up to 2GB can be reached using any combination of Kingston's 128, 256, 512MB, and 1GB modules.""]",,"{""Memory"": {""Standard"": ""0 MB (Removable)"", ""Maximum"": ""2 GB""}, ""Storage"": {""Bus Architecture"": ""AGP / PCI""}, ""Expansions"": {""Details"": [""2 Socket(s)""]}, ""CPU / Chipsets"": {""Details"": [""AMD Athlon 64 ALi ULi M1689"", ""AMD Sempron ALi ULi M1689""]}, ""Upgrade Path"": {""Details"": [""Virtually any configuration up to 2GB can be reached using any combination of Kingston's 128, 256, 512MB, and 1GB modules.""]}}",4,extracted
Kingston,ABIT- GD8 Motherboard,https://www.kingston.com/en/memory/search/discontinuedmodel/20368/abit-gd8-motherboard,GD8 Motherboard,ABIT - GD8 Motherboard,Motherboard,"[""Intel Celeron D Intel 915P"", ""Intel Pentium 4 Intel 915P""]",Standard: 0 MB (Removable); Maximum: 4 GB,Bus Architecture: PCI / PCI Express,,"[""4 Socket(s)""]","[""Virtually any configuration up to 4GB can be reached using any combination of Kingston's 512MB and 1GB modules.""]",,"{""Memory"": {""Standard"": ""0 MB (Removable)"", ""Maximum"": ""4 GB""}, ""Storage"": {""Bus Architecture"": ""PCI / PCI Express""}, ""Expansions"": {""Details"": [""4 Socket(s)""]}, ""CPU / Chipsets"": {""Details"": [""Intel Celeron D Intel 915P"", ""Intel Pentium 4 Intel 915P""]}, ""Upgrade Path"": {""Details"": [""Virtually any configuration up to 4GB can be reached using any combination of Kingston's 512MB and 1GB modules.""]}}",16,extracted
Kingston,ABIT- AX8-V Motherboard,https://www.kingston.com/en/memory/search/discontinuedmodel/21635/abit-ax8-v-motherboard,AX8-V Motherboard,ABIT - AX8-V Motherboard,Motherboard,"[""AMD Athlon 64 VIA K8T890"", ""AMD Athlon 64 FX (939-pin) VIA K8T890""]",Standard: 0 MB (Removable); Maximum: 2.5 GB using 400MHz DDR modules / 4 GB using 333MHz or 266MHz DDR modules / 8 GB using 2GB modules,Bus Architecture: PCI / PCI Express,,"[""4 Socket(s)""]",Using 333MHz or 266MHz DDR modules:: Virtually any configuration up to 4GB can be reached using any combination of Kingston's 512MB and 1GB modules.,"[""MODULES MUST BE ORDERED AND INSTALLED IN PAIRS for Dual Channel mode. Kingston offers 'K2' kit part numbers for Dual Channel mode."", ""This system supports six ranks of DDR400 memory. 1GB and 512MB modules are dual-rank, 256 and 128MB modules are single-rank. Maximum configuration is achieved with two 1GB and two 256MB modules.""]","{""Memory"": {""Standard"": ""0 MB (Removable)"", ""Maximum"": ""2.5 GB using 400MHz DDR modules / 4 GB using 333MHz or 266MHz DDR modules / 8 GB using 2GB modules""}, ""Storage"": {""Bus Architecture"": ""PCI / PCI Express""}, ""Expansions"": {""Details"": [""4 Socket(s)""]}, ""CPU / Chipsets"": {""Details"": [""AMD Athlon 64 VIA K8T890"", ""AMD Athlon 64 FX (939-pin) VIA K8T890""]}, ""Upgrade Path"": {""Using 333MHz or 266MHz DDR modules:"": ""Virtually any configuration up to 4GB can be reached using any combination of Kingston's 512MB and 1GB modules.""}, ""Important Configuration Notes"": {""Details"": [""MODULES MUST BE ORDERED AND INSTALLED IN PAIRS for Dual Channel mode. Kingston offers 'K2' kit part numbers for Dual Channel mode."", ""This system supports six ranks of DDR400 memory. 1GB and 512MB modules are dual-rank, 256 and 128MB modules are single-rank. Maximum configuration is achieved with two 1GB and two 256MB modules.""]}}",22,extracted
Kingston,ABIT- IG-81 Motherboard,https://www.kingston.com/en/memory/search/discontinuedmodel/20371/abit-ig-81-motherboard,IG-81 Motherboard,ABIT - IG-81 Motherboard,Motherboard,"[""Intel Pentium 4 Intel 915G""]",Standard: 0 MB (Removable); Maximum: 2 GB,Bus Architecture: PCI Express,,"[""2 Socket(s)""]","[""Virtually any configuration up to 2GB can be reached using any combination of Kingston's 128, 256, 512MB, and 1GB modules.""]",,"{""Memory"": {""Standard"": ""0 MB (Removable)"", ""Maximum"": ""2 GB""}, ""Storage"": {""Bus Architecture"": ""PCI Express""}, ""Expansions"": {""Details"": [""2 Socket(s)""]}, ""CPU / Chipsets"": {""Details"": [""Intel Pentium 4 Intel 915G""]}, ""Upgrade Path"": {""Details"": [""Virtually any configuration up to 2GB can be reached using any combination of Kingston's 128, 256, 512MB, and 1GB modules.""]}}",8,extracted
Kingston,ABIT- KV-80 Motherboard,https://www.kingston.com/en/memory/search/discontinuedmodel/20379/abit-kv-80-motherboard,KV-80 Motherboard,ABIT - KV-80 Motherboard,Motherboard,"[""AMD Athlon 64 VIA Apollo K8M800""]",Standard: 0 MB (Removable); Maximum: 2 GB,,,"[""2 Socket(s)""]","[""Virtually any configuration up to 2GB can be reached using any combination of Kingston's 512MB and 1GB modules.""]",,"{""Memory"": {""Standard"": ""0 MB (Removable)"", ""Maximum"": ""2 GB""}, ""Expansions"": {""Details"": [""2 Socket(s)""]}, ""CPU / Chipsets"": {""Details"": [""AMD Athlon 64 VIA Apollo K8M800""]}, ""Upgrade Path"": {""Details"": [""Virtually any configuration up to 2GB can be reached using any combination of Kingston's 512MB and 1GB modules.""]}}",14,extracted
Kingston,ABIT- VA-20 Motherboard,https://www.kingston.com/en/memory/search/discontinuedmodel/20381/abit-va-20-motherboard,VA-20 Motherboard,ABIT - VA-20 Motherboard,Motherboard,"[""AMD Athlon VIA UniChrome KM400A (VT8378)"", ""AMD Athlon XP VIA UniChrome KM400A (VT8378)"", ""AMD Duron VIA UniChrome KM400A (VT8378)"", ""AMD Sempron VIA UniChrome KM400A (VT8378)""]",Standard: 0 MB (Removable); Maximum: 2 GB,,,"[""2 Socket(s)""]","[""Virtually any configuration up to 2GB can be reached using any combination of Kingston's 512MB and 1GB modules.""]",,"{""Memory"": {""Standard"": ""0 MB (Removable)"", ""Maximum"": ""2 GB""}, ""Expansions"": {""Details"": [""2 Socket(s)""]}, ""CPU / Chipsets"": {""Details"": [""AMD Athlon VIA UniChrome KM400A (VT8378)"", ""AMD Athlon XP VIA UniChrome KM400A (VT8378)"", ""AMD Duron VIA UniChrome KM400A (VT8378)"", ""AMD Sempron VIA UniChrome KM400A (VT8378)""]}, ""Upgrade Path"": {""Details"": [""Virtually any configuration up to 2GB can be reached using any combination of Kingston's 512MB and 1GB modules.""]}}",8,extracted
Kingston,ABIT- Fatal1ty-AA8XE Motherboard,https://www.kingston.com/en/memory/search/discontinuedmodel/20367/abit-fatal1ty-aa8xe-motherboard,Fatal1ty-AA8XE Motherboard,ABIT - Fatal1ty-AA8XE Motherboard,Motherboard,"[""Intel Pentium 4 Intel 925XE""]",Standard: 0 MB (Removable); Maximum: 3.5 GB,,,"[""4 Socket(s)""]","[""Virtually any configuration up to 3.5GB can be reached using any combination of Kingston's 256, 512MB, and 1GB modules.""]","[""MODULES MUST BE ORDERED AND INSTALLED IN PAIRS for Dual Channel mode. Kingston offers 'K2' kit part numbers for Dual Channel mode."", ""If 4GB is installed, the recognized memory may be reduced to 3.5GB (depending on system configuration).""]","{""Memory"": {""Standard"": ""0 MB (Removable)"", ""Maximum"": ""3.5 GB""}, ""Expansions"": {""Details"": [""4 Socket(s)""]}, ""CPU / Chipsets"": {""Details"": [""Intel Pentium 4 Intel 925XE""]}, ""Upgrade Path"": {""Details"": [""Virtually any configuration up to 3.5GB can be reached using any combination of Kingston's 256, 512MB, and 1GB modules.""]}, ""Important Configuration Notes"": {""Details"": [""MODULES MUST BE ORDERED AND INSTALLED IN PAIRS for Dual Channel mode. Kingston offers 'K2' kit part numbers for Dual Channel mode."", ""If 4GB is installed, the recognized memory may be reduced to 3.5GB (depending on system configuration).""]}}",6,extracted
Kingston,ABIT- IG-80 Motherboard,https://www.kingston.com/en/memory/search/discontinuedmodel/20370/abit-ig-80-motherboard,IG-80 Motherboard,ABIT - IG-80 Motherboard,Motherboard,"[""Intel Pentium 4 Intel 915G""]",Standard: 0 MB (Removable); Maximum: 2 GB,,,"[""2 Socket(s)""]","[""Virtually any configuration up to 2GB can be reached using any combination of Kingston's 128, 256, 512MB, and 1GB modules.""]",,"{""Memory"": {""Standard"": ""0 MB (Removable)"", ""Maximum"": ""2 GB""}, ""Expansions"": {""Details"": [""2 Socket(s)""]}, ""CPU / Chipsets"": {""Details"": [""Intel Pentium 4 Intel 915G""]}, ""Upgrade Path"": {""Details"": [""Virtually any configuration up to 2GB can be reached using any combination of Kingston's 128, 256, 512MB, and 1GB modules.""]}}",8,extracted
Kingston,ABIT- SU-2S Motherboard,https://www.kingston.com/en/memory/search/discontinuedmodel/20517/abit-su-2s-motherboard,SU-2S Motherboard,ABIT - SU-2S Motherboard,Motherboard,"[""AMD Opteron AMD 8000 Series""]","Standard: 0 MB (Removable); Maximum: 8 GB using DDR333 or DDR400; Details: [""CPU 0"", ""CPU 1""]",Bus Architecture: PCI / PCI-X,,"[""4 Socket(s) per CPU"", ""8 Socket(s) Total""]",Using DDR333:: Virtually any configuration up to 8GB can be reached using Kingston's 1GB modules IN PAIRS.; Using DDR400:: Virtually any configuration up to 8GB can be reached using Kingston's 1GB modules IN PAIRS.,"[""Only AMD Opterons 246 and higher support DDR400 memory."", ""MODULES MUST BE ORDERED AND INSTALLED IN PAIRS. Kingston offers 'K2' kit part numbers for Dual Channel mode."", ""Using DDR400, this system supports only six ranks of memory per CPU."", ""Mixing x4 and x8 modules is allowed, however not within the same bank. If featured, Chipkill technology is supported with x4 modules only.""]","{""Memory"": {""Standard"": ""0 MB (Removable)"", ""Maximum"": ""8 GB using DDR333 or DDR400"", ""Details"": [""CPU 0"", ""CPU 1""]}, ""Storage"": {""Bus Architecture"": ""PCI / PCI-X""}, ""Expansions"": {""Details"": [""4 Socket(s) per CPU"", ""8 Socket(s) Total""]}, ""CPU / Chipsets"": {""Details"": [""AMD Opteron AMD 8000 Series""]}, ""Upgrade Path"": {""Using DDR333:"": ""Virtually any configuration up to 8GB can be reached using Kingston's 1GB modules IN PAIRS."", ""Using DDR400:"": ""Virtually any configuration up to 8GB can be reached using Kingston's 1GB modules IN PAIRS.""}, ""Important Configuration Notes"": {""Details"": [""Only AMD Opterons 246 and higher support DDR400 memory."", ""MODULES MUST BE ORDERED AND INSTALLED IN PAIRS. Kingston offers 'K2' kit part numbers for Dual Channel mode."", ""Using DDR400, this system supports only six ranks of memory per CPU."", ""Mixing x4 and x8 modules is allowed, however not within the same bank. If featured, Chipkill technology is supported with x4 modules only.""]}}",16,extracted
Kingston,ABIT- AV8-3rd Eye Motherboard,https://www.kingston.com/en/memory/search/discontinuedmodel/19457/abit-av8-3rd-eye-motherboard,AV8-3rd Eye Motherboard,ABIT - AV8-3rd Eye Motherboard,Motherboard,"[""AMD Athlon 64 VIA Apollo K8T800 Pro"", ""AMD Athlon 64 FX (939-pin) VIA Apollo K8T800 Pro""]",Standard: 0 MB (Removable); Maximum: 2.5 GB using 400MHz DDR modules / 4 GB using 333MHz or 266MHz DDR modules / 8 GB using 2GB modules,Bus Architecture: AGP / PCI,,"[""4 Socket(s)""]",Using 333MHz or 266MHz DDR modules:: Virtually any configuration up to 4GB can be reached using any combination of Kingston's 512MB and 1GB modules.,"[""MODULES MUST BE ORDERED AND INSTALLED IN PAIRS for Dual Channel mode. Kingston offers 'K2' kit part numbers for Dual Channel mode."", ""This system supports six ranks of DDR400 memory. 1GB and 512MB modules are dual-rank, 256 and 128MB modules are single-rank. Maximum configuration is achieved with two 1GB and two 256MB modules.""]","{""Memory"": {""Standard"": ""0 MB (Removable)"", ""Maximum"": ""2.5 GB using 400MHz DDR modules / 4 GB using 333MHz or 266MHz DDR modules / 8 GB using 2GB modules""}, ""Storage"": {""Bus Architecture"": ""AGP / PCI""}, ""Expansions"": {""Details"": [""4 Socket(s)""]}, ""CPU / Chipsets"": {""Details"": [""AMD Athlon 64 VIA Apollo K8T800 Pro"", ""AMD Athlon 64 FX (939-pin) VIA Apollo K8T800 Pro""]}, ""Upgrade Path"": {""Using 333MHz or 266MHz DDR modules:"": ""Virtually any configuration up to 4GB can be reached using any combination of Kingston's 512MB and 1GB modules.""}, ""Important Configuration Notes"": {""Details"": [""MODULES MUST BE ORDERED AND INSTALLED IN PAIRS for Dual Channel mode. Kingston offers 'K2' kit part numbers for Dual Channel mode."", ""This system supports six ranks of DDR400 memory. 1GB and 512MB modules are dual-rank, 256 and 128MB modules are single-rank. Maximum configuration is achieved with two 1GB and two 256MB modules.""]}}",22,extracted
Kingston,ABIT- AG8-3rd Eye Motherboard,https://www.kingston.com/en/memory/search/discontinuedmodel/19458/abit-ag8-3rd-eye-motherboard,AG8-3rd Eye Motherboard,ABIT - AG8-3rd Eye Motherboard,Motherboard,"[""Intel Pentium 4 Intel 915P""]",Standard: 0 MB (Removable); Maximum: 4 GB,Bus Architecture: PCI Express,,"[""4 Socket(s)""]","[""Virtually any configuration up to 4GB can be reached using any combination of Kingston's 512MB and 1GB modules.""]","[""MODULES MUST BE ORDERED AND INSTALLED IN PAIRS for Dual Channel mode."", ""Kingston offers 'K2' kit part numbers for Dual Channel mode.""]","{""Memory"": {""Standard"": ""0 MB (Removable)"", ""Maximum"": ""4 GB""}, ""Storage"": {""Bus Architecture"": ""PCI Express""}, ""Expansions"": {""Details"": [""4 Socket(s)""]}, ""CPU / Chipsets"": {""Details"": [""Intel Pentium 4 Intel 915P""]}, ""Upgrade Path"": {""Details"": [""Virtually any configuration up to 4GB can be reached using any combination of Kingston's 512MB and 1GB modules.""]}, ""Important Configuration Notes"": {""Details"": [""MODULES MUST BE ORDERED AND INSTALLED IN PAIRS for Dual Channel mode."", ""Kingston offers 'K2' kit part numbers for Dual Channel mode.""]}}",16,extracted
Kingston,ABIT- AV8 Motherboard,https://www.kingston.com/en/memory/search/discontinuedmodel/19394/abit-av8-motherboard,AV8 Motherboard,ABIT - AV8 Motherboard,Motherboard,"[""AMD Athlon 64 VIA Apollo K8T800 Pro"", ""AMD Athlon 64 FX (939-pin) VIA Apollo K8T800 Pro""]",Standard: 0 MB (Removable); Maximum: 2.5 GB using 400MHz DDR modules / 4 GB using 333MHz or 266MHz DDR modules / 8 GB using 2GB modules,Bus Architecture: AGP / PCI,,"[""4 Socket(s)""]",Using 333MHz or 266MHz DDR modules:: Virtually any configuration up to 4GB can be reached using any combination of Kingston's 512MB and 1GB modules.,"[""MODULES MUST BE ORDERED AND INSTALLED IN PAIRS for Dual Channel mode. Kingston offers 'K2' kit part numbers for Dual Channel mode."", ""This system supports six ranks of DDR400 memory. 1GB and 512MB modules are dual-rank, 256 and 128MB modules are single-rank. Maximum configuration is achieved with two 1GB and two 256MB modules.""]","{""Memory"": {""Standard"": ""0 MB (Removable)"", ""Maximum"": ""2.5 GB using 400MHz DDR modules / 4 GB using 333MHz or 266MHz DDR modules / 8 GB using 2GB modules""}, ""Storage"": {""Bus Architecture"": ""AGP / PCI""}, ""Expansions"": {""Details"": [""4 Socket(s)""]}, ""CPU / Chipsets"": {""Details"": [""AMD Athlon 64 VIA Apollo K8T800 Pro"", ""AMD Athlon 64 FX (939-pin) VIA Apollo K8T800 Pro""]}, ""Upgrade Path"": {""Using 333MHz or 266MHz DDR modules:"": ""Virtually any configuration up to 4GB can be reached using any combination of Kingston's 512MB and 1GB modules.""}, ""Important Configuration Notes"": {""Details"": [""MODULES MUST BE ORDERED AND INSTALLED IN PAIRS for Dual Channel mode. Kingston offers 'K2' kit part numbers for Dual Channel mode."", ""This system supports six ranks of DDR400 memory. 1GB and 512MB modules are dual-rank, 256 and 128MB modules are single-rank. Maximum configuration is achieved with two 1GB and two 256MB modules.""]}}",22,extracted
Kingston,ABIT- AG8 Motherboard,https://www.kingston.com/en/memory/search/discontinuedmodel/19208/abit-ag8-motherboard,AG8 Motherboard,ABIT - AG8 Motherboard,Motherboard,"[""Intel Pentium 4 Intel 915P""]",Standard: 0 MB (Removable); Maximum: 4 GB,Bus Architecture: PCI / PCI Express,,"[""4 Socket(s)""]","[""Virtually any configuration up to 4GB can be reached using any combination of Kingston's 512MB and 1GB modules.""]","[""MODULES MUST BE ORDERED AND INSTALLED IN PAIRS for Dual Channel mode."", ""Kingston offers 'K2' kit part numbers for Dual Channel mode.""]","{""Memory"": {""Standard"": ""0 MB (Removable)"", ""Maximum"": ""4 GB""}, ""Storage"": {""Bus Architecture"": ""PCI / PCI Express""}, ""Expansions"": {""Details"": [""4 Socket(s)""]}, ""CPU / Chipsets"": {""Details"": [""Intel Pentium 4 Intel 915P""]}, ""Upgrade Path"": {""Details"": [""Virtually any configuration up to 4GB can be reached using any combination of Kingston's 512MB and 1GB modules.""]}, ""Important Configuration Notes"": {""Details"": [""MODULES MUST BE ORDERED AND INSTALLED IN PAIRS for Dual Channel mode."", ""Kingston offers 'K2' kit part numbers for Dual Channel mode.""]}}",8,extracted
Kingston,ABIT- AG8 Pro Motherboard,https://www.kingston.com/en/memory/search/discontinuedmodel/19209/abit-ag8-pro-motherboard,AG8 Pro Motherboard,ABIT - AG8 Pro Motherboard,Motherboard,"[""Intel Pentium 4 Intel 915P""]",Standard: 0 MB (Removable); Maximum: 4 GB,Bus Architecture: PCI / PCI Express,,"[""4 Socket(s)""]","[""Virtually any configuration up to 4GB can be reached using any combination of Kingston's 256, 512MB, and 1GB modules or kits.""]","[""MODULES MUST BE ORDERED AND INSTALLED IN PAIRS for Dual Channel mode. Kingston offers 'K2' kit part numbers for Dual Channel mode."", ""If 4GB is installed, the recognized memory may be reduced to 3.5GB or less (depending on system configuration and memory allocation).""]","{""Memory"": {""Standard"": ""0 MB (Removable)"", ""Maximum"": ""4 GB""}, ""Storage"": {""Bus Architecture"": ""PCI / PCI Express""}, ""Expansions"": {""Details"": [""4 Socket(s)""]}, ""CPU / Chipsets"": {""Details"": [""Intel Pentium 4 Intel 915P""]}, ""Upgrade Path"": {""Details"": [""Virtually any configuration up to 4GB can be reached using any combination of Kingston's 256, 512MB, and 1GB modules or kits.""]}, ""Important Configuration Notes"": {""Details"": [""MODULES MUST BE ORDERED AND INSTALLED IN PAIRS for Dual Channel mode. Kingston offers 'K2' kit part numbers for Dual Channel mode."", ""If 4GB is installed, the recognized memory may be reduced to 3.5GB or less (depending on system configuration and memory allocation).""]}}",6,extracted
Kingston,ABIT- AS8 Motherboard,https://www.kingston.com/en/memory/search/discontinuedmodel/19080/abit-as8-motherboard,AS8 Motherboard,ABIT - AS8 Motherboard,Motherboard,"[""Intel Pentium 4 Intel 865PE""]",Standard: 0 MB (Removable); Maximum: 4 GB,Bus Architecture: AGP / PCI,,"[""4 Socket(s)""]","[""Virtually any configuration up to 4GB can be reached using any combination of Kingston's 512MB and 1GB modules.""]",,"{""Memory"": {""Standard"": ""0 MB (Removable)"", ""Maximum"": ""4 GB""}, ""Storage"": {""Bus Architecture"": ""AGP / PCI""}, ""Expansions"": {""Details"": [""4 Socket(s)""]}, ""CPU / Chipsets"": {""Details"": [""Intel Pentium 4 Intel 865PE""]}, ""Upgrade Path"": {""Details"": [""Virtually any configuration up to 4GB can be reached using any combination of Kingston's 512MB and 1GB modules.""]}}",8,extracted
Kingston,ABIT- VT7 Motherboard,https://www.kingston.com/en/memory/search/discontinuedmodel/17493/abit-vt7-motherboard,VT7 Motherboard,ABIT - VT7 Motherboard,Motherboard,"[""Intel Celeron VIA PT880"", ""Intel Pentium 4 VIA PT880""]",Standard: 0 MB (Removable); Maximum: 2 GB using current Kingston 400MHz DDR modules / 4 GB using 333MHz or 266MHz DDR modules,Bus Architecture: AGP / PCI,,"[""4 Socket(s)""]",Using current Kingston 400MHz DDR modules:: Virtually any configuration up to 2GB can be reached using Kingston's 512MB modules.; Using 333MHz or 266MHz DDR modules:: Virtually any configuration up to 4GB can be reached using any combination of Kingston's 512MB and 1GB modules.,,"{""Memory"": {""Standard"": ""0 MB (Removable)"", ""Maximum"": ""2 GB using current Kingston 400MHz DDR modules / 4 GB using 333MHz or 266MHz DDR modules""}, ""Storage"": {""Bus Architecture"": ""AGP / PCI""}, ""Expansions"": {""Details"": [""4 Socket(s)""]}, ""CPU / Chipsets"": {""Details"": [""Intel Celeron VIA PT880"", ""Intel Pentium 4 VIA PT880""]}, ""Upgrade Path"": {""Using current Kingston 400MHz DDR modules:"": ""Virtually any configuration up to 2GB can be reached using Kingston's 512MB modules."", ""Using 333MHz or 266MHz DDR modules:"": ""Virtually any configuration up to 4GB can be reached using any combination of Kingston's 512MB and 1GB modules.""}}",10,extracted
Kingston,ABIT- IS-20 Motherboard,https://www.kingston.com/en/memory/search/discontinuedmodel/18476/abit-is-20-motherboard,IS-20 Motherboard,ABIT - IS-20 Motherboard,Motherboard,"[""Intel Pentium 4 Intel 865GV""]",Standard: 0 MB (Removable); Maximum: 2 GB,Bus Architecture: AGP / PCI,,"[""2 Socket(s)""]","[""Virtually any configuration up to 2GB can be reached using any combination of Kingston's 512MB and 1GB modules.""]","[""MODULES MUST BE ORDERED AND INSTALLED IN PAIRS for Dual Channel mode."", ""Kingston offers 'K2' kit part numbers for Dual Channel mode."", ""When running at 800MHz FSB, DDR333 will clock at 320MHz only.""]","{""Memory"": {""Standard"": ""0 MB (Removable)"", ""Maximum"": ""2 GB""}, ""Storage"": {""Bus Architecture"": ""AGP / PCI""}, ""Expansions"": {""Details"": [""2 Socket(s)""]}, ""CPU / Chipsets"": {""Details"": [""Intel Pentium 4 Intel 865GV""]}, ""Upgrade Path"": {""Details"": [""Virtually any configuration up to 2GB can be reached using any combination of Kingston's 512MB and 1GB modules.""]}, ""Important Configuration Notes"": {""Details"": [""MODULES MUST BE ORDERED AND INSTALLED IN PAIRS for Dual Channel mode."", ""Kingston offers 'K2' kit part numbers for Dual Channel mode."", ""When running at 800MHz FSB, DDR333 will clock at 320MHz only.""]}}",22,extracted
Kingston,ABIT- IS7-V2 Motherboard,https://www.kingston.com/en/memory/search/discontinuedmodel/18477/abit-is7-v2-motherboard,IS7-V2 Motherboard,ABIT - IS7-V2 Motherboard,Motherboard,"[""Intel Pentium 4 Intel 848P""]",Standard: 0 MB (Removable); Maximum: 2 GB,Bus Architecture: AGP / PCI,,"[""2 Socket(s)""]","[""Virtually any configuration up to 2GB can be reached using any combination of Kingston's 256, 512MB, and 1GB modules.""]",,"{""Memory"": {""Standard"": ""0 MB (Removable)"", ""Maximum"": ""2 GB""}, ""Storage"": {""Bus Architecture"": ""AGP / PCI""}, ""Expansions"": {""Details"": [""2 Socket(s)""]}, ""CPU / Chipsets"": {""Details"": [""Intel Pentium 4 Intel 848P""]}, ""Upgrade Path"": {""Details"": [""Virtually any configuration up to 2GB can be reached using any combination of Kingston's 256, 512MB, and 1GB modules.""]}}",6,extracted
Kingston,ABIT- IS7-E2 Motherboard,https://www.kingston.com/en/memory/search/discontinuedmodel/17673/abit-is7-e2-motherboard,IS7-E2 Motherboard,ABIT - IS7-E2 Motherboard,Motherboard,"[""Intel Pentium 4 Intel 865PE""]",Standard: 0 MB (Removable); Maximum: 2 GB,Bus Architecture: AGP / PCI,,"[""2 Socket(s)""]","[""Virtually any configuration up to 2GB can be reached using any combination of Kingston's 512MB and 1GB modules.""]","[""MODULES MUST BE ORDERED AND INSTALLED IN PAIRS for Dual Channel mode."", ""Kingston offers 'K2' kit part numbers for Dual Channel mode."", ""When running at 800MHz FSB, DDR333 will clock at 320MHz only.""]","{""Memory"": {""Standard"": ""0 MB (Removable)"", ""Maximum"": ""2 GB""}, ""Storage"": {""Bus Architecture"": ""AGP / PCI""}, ""Expansions"": {""Details"": [""2 Socket(s)""]}, ""CPU / Chipsets"": {""Details"": [""Intel Pentium 4 Intel 865PE""]}, ""Upgrade Path"": {""Details"": [""Virtually any configuration up to 2GB can be reached using any combination of Kingston's 512MB and 1GB modules.""]}, ""Important Configuration Notes"": {""Details"": [""MODULES MUST BE ORDERED AND INSTALLED IN PAIRS for Dual Channel mode."", ""Kingston offers 'K2' kit part numbers for Dual Channel mode."", ""When running at 800MHz FSB, DDR333 will clock at 320MHz only.""]}}",22,extracted
Kingston,ABIT- SG-72 Motherboard,https://www.kingston.com/en/memory/search/discontinuedmodel/17674/abit-sg-72-motherboard,SG-72 Motherboard,ABIT - SG-72 Motherboard,Motherboard,"[""Intel Pentium 4 SiS 661FX""]",Standard: 0 MB (Removable); Maximum: 2 GB,Bus Architecture: PCI,,"[""2 Socket(s)""]","[""Virtually any configuration up to 2GB can be reached using any combination of Kingston's 512MB and 1GB modules.""]",,"{""Memory"": {""Standard"": ""0 MB (Removable)"", ""Maximum"": ""2 GB""}, ""Storage"": {""Bus Architecture"": ""PCI""}, ""Expansions"": {""Details"": [""2 Socket(s)""]}, ""CPU / Chipsets"": {""Details"": [""Intel Pentium 4 SiS 661FX""]}, ""Upgrade Path"": {""Details"": [""Virtually any configuration up to 2GB can be reached using any combination of Kingston's 512MB and 1GB modules.""]}}",12,extracted
Kingston,ABIT- IB-10 Motherboard,https://www.kingston.com/en/memory/search/discontinuedmodel/17428/abit-ib-10-motherboard,IB-10 Motherboard,ABIT - IB-10 Motherboard,Motherboard,"[""Intel Pentium 4 Intel 845GE""]",Standard: 0 MB (Removable); Maximum: 2 GB,Bus Architecture: AGP / PCI,,"[""2 Socket(s)""]","[""Virtually any configuration up to 2GB can be reached using any combination of Kingston's 512MB and 1GB modules.""]",,"{""Memory"": {""Standard"": ""0 MB (Removable)"", ""Maximum"": ""2 GB""}, ""Storage"": {""Bus Architecture"": ""AGP / PCI""}, ""Expansions"": {""Details"": [""2 Socket(s)""]}, ""CPU / Chipsets"": {""Details"": [""Intel Pentium 4 Intel 845GE""]}, ""Upgrade Path"": {""Details"": [""Virtually any configuration up to 2GB can be reached using any combination of Kingston's 512MB and 1GB modules.""]}}",8,extracted
Kingston,ABIT- IS-10 Motherboard,https://www.kingston.com/en/memory/search/discontinuedmodel/16834/abit-is-10-motherboard,IS-10 Motherboard,ABIT - IS-10 Motherboard,Motherboard,"[""Intel Pentium 4 Intel 865G""]",Standard: 0 MB (Removable); Maximum: 2 GB,Bus Architecture: AGP / PCI / USB 2.0/3.x Type-A,,"[""2 Socket(s)""]","[""Virtually any configuration up to 2GB can be reached using any combination of Kingston's 512MB and 1GB modules.""]","[""MODULES MUST BE ORDERED AND INSTALLED IN PAIRS for Dual Channel mode."", ""Kingston offers 'K2' kit part numbers for Dual Channel mode."", ""When running at 800MHz FSB, DDR333 will clock at 320MHz only.""]","{""Memory"": {""Standard"": ""0 MB (Removable)"", ""Maximum"": ""2 GB""}, ""Storage"": {""Bus Architecture"": ""AGP / PCI / USB 2.0/3.x Type-A""}, ""Expansions"": {""Details"": [""2 Socket(s)""]}, ""CPU / Chipsets"": {""Details"": [""Intel Pentium 4 Intel 865G""]}, ""Upgrade Path"": {""Details"": [""Virtually any configuration up to 2GB can be reached using any combination of Kingston's 512MB and 1GB modules.""]}, ""Important Configuration Notes"": {""Details"": [""MODULES MUST BE ORDERED AND INSTALLED IN PAIRS for Dual Channel mode."", ""Kingston offers 'K2' kit part numbers for Dual Channel mode."", ""When running at 800MHz FSB, DDR333 will clock at 320MHz only.""]}}",22,extracted
Kingston,ABIT- IS-11 Motherboard,https://www.kingston.com/en/memory/search/discontinuedmodel/16836/abit-is-11-motherboard,IS-11 Motherboard,ABIT - IS-11 Motherboard,Motherboard,"[""Intel Pentium 4 Intel 865G""]",Standard: 0 MB (Removable); Maximum: 2 GB,Bus Architecture: AGP / PCI / USB 2.0/3.x Type-A,,"[""2 Socket(s)""]","[""Virtually any configuration up to 2GB can be reached using any combination of Kingston's 512MB and 1GB modules.""]","[""MODULES MUST BE ORDERED AND INSTALLED IN PAIRS for Dual Channel mode."", ""Kingston offers 'K2' kit part numbers for Dual Channel mode."", ""When running at 800MHz FSB, DDR333 will clock at 320MHz only.""]","{""Memory"": {""Standard"": ""0 MB (Removable)"", ""Maximum"": ""2 GB""}, ""Storage"": {""Bus Architecture"": ""AGP / PCI / USB 2.0/3.x Type-A""}, ""Expansions"": {""Details"": [""2 Socket(s)""]}, ""CPU / Chipsets"": {""Details"": [""Intel Pentium 4 Intel 865G""]}, ""Upgrade Path"": {""Details"": [""Virtually any configuration up to 2GB can be reached using any combination of Kingston's 512MB and 1GB modules.""]}, ""Important Configuration Notes"": {""Details"": [""MODULES MUST BE ORDERED AND INSTALLED IN PAIRS for Dual Channel mode."", ""Kingston offers 'K2' kit part numbers for Dual Channel mode."", ""When running at 800MHz FSB, DDR333 will clock at 320MHz only.""]}}",22,extracted
Kingston,ABIT- IS-12 Motherboard,https://www.kingston.com/en/memory/search/discontinuedmodel/16837/abit-is-12-motherboard,IS-12 Motherboard,ABIT - IS-12 Motherboard,Motherboard,"[""Intel Pentium 4 Intel 865G""]",Standard: 0 MB (Removable); Maximum: 2 GB,Bus Architecture: AGP / PCI / USB 2.0/3.x Type-A,,"[""2 Socket(s)""]","[""Virtually any configuration up to 2GB can be reached using any combination of Kingston's 512MB and 1GB modules.""]","[""MODULES MUST BE ORDERED AND INSTALLED IN PAIRS for Dual Channel mode."", ""Kingston offers 'K2' kit part numbers for Dual Channel mode."", ""When running at 800MHz FSB, DDR333 will clock at 320MHz only.""]","{""Memory"": {""Standard"": ""0 MB (Removable)"", ""Maximum"": ""2 GB""}, ""Storage"": {""Bus Architecture"": ""AGP / PCI / USB 2.0/3.x Type-A""}, ""Expansions"": {""Details"": [""2 Socket(s)""]}, ""CPU / Chipsets"": {""Details"": [""Intel Pentium 4 Intel 865G""]}, ""Upgrade Path"": {""Details"": [""Virtually any configuration up to 2GB can be reached using any combination of Kingston's 512MB and 1GB modules.""]}, ""Important Configuration Notes"": {""Details"": [""MODULES MUST BE ORDERED AND INSTALLED IN PAIRS for Dual Channel mode."", ""Kingston offers 'K2' kit part numbers for Dual Channel mode."", ""When running at 800MHz FSB, DDR333 will clock at 320MHz only.""]}}",22,extracted
Kingston,ABIT- AI7 Motherboard,https://www.kingston.com/en/memory/search/discontinuedmodel/16843/abit-ai7-motherboard,AI7 Motherboard,ABIT - AI7 Motherboard,Motherboard,"[""Intel Celeron Intel 865PE"", ""Intel Pentium 4 Intel 865PE""]",Standard: 0 MB (Removable); Maximum: 4 GB,Bus Architecture: AGP / PCI,,"[""4 Socket(s)""]","[""Virtually any configuration up to 4GB can be reached using any combination of Kingston's 512MB and 1GB modules.""]",,"{""Memory"": {""Standard"": ""0 MB (Removable)"", ""Maximum"": ""4 GB""}, ""Storage"": {""Bus Architecture"": ""AGP / PCI""}, ""Expansions"": {""Details"": [""4 Socket(s)""]}, ""CPU / Chipsets"": {""Details"": [""Intel Celeron Intel 865PE"", ""Intel Pentium 4 Intel 865PE""]}, ""Upgrade Path"": {""Details"": [""Virtually any configuration up to 4GB can be reached using any combination of Kingston's 512MB and 1GB modules.""]}}",8,extracted
Kingston,ABIT- IC7-MAX3 Motherboard,https://www.kingston.com/en/memory/search/discontinuedmodel/16845/abit-ic7-max3-motherboard,IC7-MAX3 Motherboard,ABIT - IC7-MAX3 Motherboard,Motherboard,"[""Intel Pentium 4 Intel 875P""]",Standard: 0 MB (Removable); Maximum: 4 GB,Bus Architecture: AGP / PCI,,"[""4 Socket(s)""]","[""Virtually any configuration up to 4GB can be reached using any combination of Kingston's 512MB and 1GB modules.""]","[""When mixing ECC (x72) and non-ECC (x64) modules, the system will not perform the ECC function."", ""MODULES MUST BE ORDERED AND INSTALLED IN PAIRS for Dual Channel mode."", ""All modules must be identical for Dual Channel with Dynamic Mode."", ""Kingston offers 'K2' kit part numbers for Dual Channel mode."", ""When running at 800MHz FSB, DDR333 will clock at 320MHz only.""]","{""Memory"": {""Standard"": ""0 MB (Removable)"", ""Maximum"": ""4 GB""}, ""Storage"": {""Bus Architecture"": ""AGP / PCI""}, ""Expansions"": {""Details"": [""4 Socket(s)""]}, ""CPU / Chipsets"": {""Details"": [""Intel Pentium 4 Intel 875P""]}, ""Upgrade Path"": {""Details"": [""Virtually any configuration up to 4GB can be reached using any combination of Kingston's 512MB and 1GB modules.""]}, ""Important Configuration Notes"": {""Details"": [""When mixing ECC (x72) and non-ECC (x64) modules, the system will not perform the ECC function."", ""MODULES MUST BE ORDERED AND INSTALLED IN PAIRS for Dual Channel mode."", ""All modules must be identical for Dual Channel with Dynamic Mode."", ""Kingston offers 'K2' kit part numbers for Dual Channel mode."", ""When running at 800MHz FSB, DDR333 will clock at 320MHz only.""]}}",30,extracted
Kingston,ABIT- DiGiDice Mini PC,https://www.kingston.com/en/memory/search/discontinuedmodel/16631/abit-digidice-mini-pc,DiGiDice Mini PC,ABIT - DiGiDice Mini PC,Mini PC,"[""Intel Pentium 4 Intel 865G""]",Standard: 0 MB (Removable); Maximum: 2 GB,Bus Architecture: AGP / PCI / USB 2.0/3.x Type-A,,"[""2 Socket(s)""]","[""Virtually any configuration up to 2GB can be reached using any combination of Kingston's 512MB and 1GB modules.""]","[""MODULES MUST BE ORDERED AND INSTALLED IN PAIRS for Dual Channel mode."", ""Kingston offers 'K2' kit part numbers for Dual Channel mode."", ""When running at 800MHz FSB, DDR333 will clock at 320MHz only.""]","{""Memory"": {""Standard"": ""0 MB (Removable)"", ""Maximum"": ""2 GB""}, ""Storage"": {""Bus Architecture"": ""AGP / PCI / USB 2.0/3.x Type-A""}, ""Expansions"": {""Details"": [""2 Socket(s)""]}, ""CPU / Chipsets"": {""Details"": [""Intel Pentium 4 Intel 865G""]}, ""Upgrade Path"": {""Details"": [""Virtually any configuration up to 2GB can be reached using any combination of Kingston's 512MB and 1GB modules.""]}, ""Important Configuration Notes"": {""Details"": [""MODULES MUST BE ORDERED AND INSTALLED IN PAIRS for Dual Channel mode."", ""Kingston offers 'K2' kit part numbers for Dual Channel mode."", ""When running at 800MHz FSB, DDR333 will clock at 320MHz only.""]}}",22,extracted
Kingston,ABIT- VI7 Motherboard,https://www.kingston.com/en/memory/search/discontinuedmodel/16620/abit-vi7-motherboard,VI7 Motherboard,ABIT - VI7 Motherboard,Motherboard,"[""Intel Pentium 4 VIA PT800""]",Standard: 0 MB (Removable); Maximum: 2 GB,Bus Architecture: PCI,,"[""2 Socket(s)""]","[""Virtually any configuration up to 2GB can be reached using any combination of Kingston's 512MB and 1GB modules.""]",,"{""Memory"": {""Standard"": ""0 MB (Removable)"", ""Maximum"": ""2 GB""}, ""Storage"": {""Bus Architecture"": ""PCI""}, ""Expansions"": {""Details"": [""2 Socket(s)""]}, ""CPU / Chipsets"": {""Details"": [""Intel Pentium 4 VIA PT800""]}, ""Upgrade Path"": {""Details"": [""Virtually any configuration up to 2GB can be reached using any combination of Kingston's 512MB and 1GB modules.""]}}",12,extracted
Kingston,ABIT- IS7-M Motherboard,https://www.kingston.com/en/memory/search/discontinuedmodel/16547/abit-is7-m-motherboard,IS7-M Motherboard,ABIT - IS7-M Motherboard,Motherboard,"[""Intel Celeron Intel 865G"", ""Intel Pentium 4 Intel 865G""]",Standard: 0 MB (Removable); Maximum: 4 GB,Bus Architecture: AGP / PCI,,"[""4 Socket(s)""]","[""Virtually any configuration up to 4GB can be reached using any combination of Kingston's 512MB and 1GB modules.""]",,"{""Memory"": {""Standard"": ""0 MB (Removable)"", ""Maximum"": ""4 GB""}, ""Storage"": {""Bus Architecture"": ""AGP / PCI""}, ""Expansions"": {""Details"": [""4 Socket(s)""]}, ""CPU / Chipsets"": {""Details"": [""Intel Celeron Intel 865G"", ""Intel Pentium 4 Intel 865G""]}, ""Upgrade Path"": {""Details"": [""Virtually any configuration up to 4GB can be reached using any combination of Kingston's 512MB and 1GB modules.""]}}",8,extracted
Kingston,ABIT- AB-5200 Server,https://www.kingston.com/en/memory/search/discontinuedmodel/16024/abit-ab-5200-server,AB-5200 Server,ABIT - AB-5200 Server,Server,"[""Intel Xeon Intel E7501 (Plumas-533)""]",Standard: 0 MB (Removable); Maximum: 12 GB,Bus Architecture: PCI / PCI-X,,"[""6 Socket(s)""]","[""Virtually any configuration up to 12GB can be reached using Kingston's 1 and 2GB modules IN PAIRS.""]",,"{""Memory"": {""Standard"": ""0 MB (Removable)"", ""Maximum"": ""12 GB""}, ""Storage"": {""Bus Architecture"": ""PCI / PCI-X""}, ""Expansions"": {""Details"": [""6 Socket(s)""]}, ""CPU / Chipsets"": {""Details"": [""Intel Xeon Intel E7501 (Plumas-533)""]}, ""Upgrade Path"": {""Details"": [""Virtually any configuration up to 12GB can be reached using Kingston's 1 and 2GB modules IN PAIRS.""]}}",5,extracted
Kingston,ABIT- AB-5250 Server,https://www.kingston.com/en/memory/search/discontinuedmodel/16025/abit-ab-5250-server,AB-5250 Server,ABIT - AB-5250 Server,Server,"[""Intel Xeon Intel E7501 (Plumas-533)""]",Standard: 0 MB (Removable); Maximum: 12 GB,Bus Architecture: PCI / PCI-X,,"[""6 Socket(s)""]","[""Virtually any configuration up to 12GB can be reached using Kingston's 1 and 2GB modules IN PAIRS.""]",,"{""Memory"": {""Standard"": ""0 MB (Removable)"", ""Maximum"": ""12 GB""}, ""Storage"": {""Bus Architecture"": ""PCI / PCI-X""}, ""Expansions"": {""Details"": [""6 Socket(s)""]}, ""CPU / Chipsets"": {""Details"": [""Intel Xeon Intel E7501 (Plumas-533)""]}, ""Upgrade Path"": {""Details"": [""Virtually any configuration up to 12GB can be reached using Kingston's 1 and 2GB modules IN PAIRS.""]}}",5,extracted
Kingston,ABIT- IC7-G Motherboard,https://www.kingston.com/en/memory/search/discontinuedmodel/14736/abit-ic7-g-motherboard,IC7-G Motherboard,ABIT - IC7-G Motherboard,Motherboard,"[""Intel Pentium 4 Intel 875P""]",Standard: 0 MB (Removable); Maximum: 4 GB,Bus Architecture: AGP / PCI,,"[""4 Socket(s)""]","[""Virtually any configuration up to 4GB can be reached using any combination of Kingston's 512MB and 1GB modules.""]","[""When mixing ECC (x72) and non-ECC (x64) modules, the system will not perform the ECC function."", ""MODULES MUST BE ORDERED AND INSTALLED IN PAIRS for Dual Channel mode."", ""All modules must be identical for Dual Channel with Dynamic Mode."", ""Kingston offers 'K2' kit part numbers for Dual Channel mode."", ""When running at 800MHz FSB, DDR333 will clock at 320MHz only.""]","{""Memory"": {""Standard"": ""0 MB (Removable)"", ""Maximum"": ""4 GB""}, ""Storage"": {""Bus Architecture"": ""AGP / PCI""}, ""Expansions"": {""Details"": [""4 Socket(s)""]}, ""CPU / Chipsets"": {""Details"": [""Intel Pentium 4 Intel 875P""]}, ""Upgrade Path"": {""Details"": [""Virtually any configuration up to 4GB can be reached using any combination of Kingston's 512MB and 1GB modules.""]}, ""Important Configuration Notes"": {""Details"": [""When mixing ECC (x72) and non-ECC (x64) modules, the system will not perform the ECC function."", ""MODULES MUST BE ORDERED AND INSTALLED IN PAIRS for Dual Channel mode."", ""All modules must be identical for Dual Channel with Dynamic Mode."", ""Kingston offers 'K2' kit part numbers for Dual Channel mode."", ""When running at 800MHz FSB, DDR333 will clock at 320MHz only.""]}}",30,extracted
Kingston,ABIT- BH7 Motherboard,https://www.kingston.com/en/memory/search/discontinuedmodel/14379/abit-bh7-motherboard,BH7 Motherboard,ABIT - BH7 Motherboard,Motherboard,"[""Intel Pentium 4 Intel 845PE""]",Standard: 0 MB (Removable); Maximum: 2 GB,Bus Architecture: PCI,,"[""3 Socket(s)""]","[""Virtually any configuration up to 2GB can be reached using any combination of Kingston's 512MB and 1GB modules.""]",,"{""Memory"": {""Standard"": ""0 MB (Removable)"", ""Maximum"": ""2 GB""}, ""Storage"": {""Bus Architecture"": ""PCI""}, ""Expansions"": {""Details"": [""3 Socket(s)""]}, ""CPU / Chipsets"": {""Details"": [""Intel Pentium 4 Intel 845PE""]}, ""Upgrade Path"": {""Details"": [""Virtually any configuration up to 2GB can be reached using any combination of Kingston's 512MB and 1GB modules.""]}}",8,extracted
Kingston,ABIT- VH6-II Motherboard,https://www.kingston.com/en/memory/search/discontinuedmodel/13840/abit-vh6-ii-motherboard,VH6-II Motherboard,ABIT - VH6-II Motherboard,Motherboard,"[""Intel Celeron VIA 694X"", ""Intel Pentium III VIA 694X""]",Standard: 0 MB (Removable); Maximum: 1.5 GB,Bus Architecture: AGP / AMR / ISA / PCI,,"[""3 Socket(s)""]","[""Virtually any configuration up to 1.5GB can be reached using any combination of Kingston's 256 and 512MB modules.""]",,"{""Memory"": {""Standard"": ""0 MB (Removable)"", ""Maximum"": ""1.5 GB""}, ""Storage"": {""Bus Architecture"": ""AGP / AMR / ISA / PCI""}, ""Expansions"": {""Details"": [""3 Socket(s)""]}, ""CPU / Chipsets"": {""Details"": [""Intel Celeron VIA 694X"", ""Intel Pentium III VIA 694X""]}, ""Upgrade Path"": {""Details"": [""Virtually any configuration up to 1.5GB can be reached using any combination of Kingston's 256 and 512MB modules.""]}}",8,extracted
Kingston,ABIT- ST6/ST6-RAID Motherboard,https://www.kingston.com/en/memory/search/discontinuedmodel/13841/abit-st6-st6-raid-motherboard,ST6/ST6-RAID Motherboard,ABIT - ST6/ST6-RAID Motherboard,Motherboard,"[""Intel Celeron Intel 815EP"", ""Intel Pentium III Intel 815EP""]",Standard: 0 MB (Removable); Maximum: 512 MB,Bus Architecture: AGP / PCI,,"[""3 Socket(s)""]","[""Virtually any configuration up to 512MB can be reached using Kingston's 256MB modules.""]","[""Although it is physically possible to install more memory, the system will only recognize 512MB maximum."", ""This system only supports 4 banks of memory. If two double sided DIMMs are used, the 3rd socket is disabled.""]","{""Memory"": {""Standard"": ""0 MB (Removable)"", ""Maximum"": ""512 MB""}, ""Storage"": {""Bus Architecture"": ""AGP / PCI""}, ""Expansions"": {""Details"": [""3 Socket(s)""]}, ""CPU / Chipsets"": {""Details"": [""Intel Celeron Intel 815EP"", ""Intel Pentium III Intel 815EP""]}, ""Upgrade Path"": {""Details"": [""Virtually any configuration up to 512MB can be reached using Kingston's 256MB modules.""]}, ""Important Configuration Notes"": {""Details"": [""Although it is physically possible to install more memory, the system will only recognize 512MB maximum."", ""This system only supports 4 banks of memory. If two double sided DIMMs are used, the 3rd socket is disabled.""]}}",5,extracted
Kingston,ABIT- SA6 Motherboard,https://www.kingston.com/en/memory/search/discontinuedmodel/13842/abit-sa6-motherboard,SA6 Motherboard,ABIT - SA6 Motherboard,Motherboard,"[""Intel Celeron Intel 815EP"", ""Intel Pentium III Intel 815EP""]",Standard: 0 MB (Removable); Maximum: 512 MB,Bus Architecture: AGP / PCI,,"[""4 Socket(s)""]","[""Virtually any configuration up to 512MB can be reached using Kingston's 256MB modules.""]",,"{""Memory"": {""Standard"": ""0 MB (Removable)"", ""Maximum"": ""512 MB""}, ""Storage"": {""Bus Architecture"": ""AGP / PCI""}, ""Expansions"": {""Details"": [""4 Socket(s)""]}, ""CPU / Chipsets"": {""Details"": [""Intel Celeron Intel 815EP"", ""Intel Pentium III Intel 815EP""]}, ""Upgrade Path"": {""Details"": [""Virtually any configuration up to 512MB can be reached using Kingston's 256MB modules.""]}}",5,extracted
Kingston,ABIT- BE7-B/BE7-G/BE7-S Motherboard,https://www.kingston.com/en/memory/search/discontinuedmodel/13843/abit-be7-b-be7-g-be7-s-motherboard,BE7-B/BE7-G/BE7-S Motherboard,ABIT - BE7-B/BE7-G/BE7-S Motherboard,Motherboard,"[""Intel Pentium 4 Intel 845PE""]",Standard: 0 MB (Removable); Maximum: 2 GB,Bus Architecture: PCI,,"[""3 Socket(s)""]","[""Virtually any configuration up to 2GB can be reached using any combination of Kingston's 512MB and 1GB modules.""]","[""This motherboard only supports 4 banks of memory. If double sided DIMMs are used, the 3rd socket is disabled."", ""Although it is physically possible to install more memory, the system will only recognize 2GB maximum.""]","{""Memory"": {""Standard"": ""0 MB (Removable)"", ""Maximum"": ""2 GB""}, ""Storage"": {""Bus Architecture"": ""PCI""}, ""Expansions"": {""Details"": [""3 Socket(s)""]}, ""CPU / Chipsets"": {""Details"": [""Intel Pentium 4 Intel 845PE""]}, ""Upgrade Path"": {""Details"": [""Virtually any configuration up to 2GB can be reached using any combination of Kingston's 512MB and 1GB modules.""]}, ""Important Configuration Notes"": {""Details"": [""This motherboard only supports 4 banks of memory. If double sided DIMMs are used, the 3rd socket is disabled."", ""Although it is physically possible to install more memory, the system will only recognize 2GB maximum.""]}}",8,extracted
Kingston,ABIT- SI-2P+ Motherboard,https://www.kingston.com/en/memory/search/discontinuedmodel/13844/abit-si-2p-motherboard,SI-2P+ Motherboard,ABIT - SI-2P+ Motherboard,Motherboard,"[""Intel Xeon Intel E7500 (Plumas-400)""]",Standard: 0 MB (Removable); Maximum: 12 GB,Bus Architecture: PCI,,"[""6 Socket(s)""]","[""Virtually any configuration up to 12GB can be reached using Kingston's 1 and 2GB modules IN PAIRS.""]",,"{""Memory"": {""Standard"": ""0 MB (Removable)"", ""Maximum"": ""12 GB""}, ""Storage"": {""Bus Architecture"": ""PCI""}, ""Expansions"": {""Details"": [""6 Socket(s)""]}, ""CPU / Chipsets"": {""Details"": [""Intel Xeon Intel E7500 (Plumas-400)""]}, ""Upgrade Path"": {""Details"": [""Virtually any configuration up to 12GB can be reached using Kingston's 1 and 2GB modules IN PAIRS.""]}}",5,extracted
Kingston,ABIT- SI-2Pa Motherboard,https://www.kingston.com/en/memory/search/discontinuedmodel/13845/abit-si-2pa-motherboard,SI-2Pa Motherboard,ABIT - SI-2Pa Motherboard,Motherboard,"[""Intel Xeon Intel E7500 (Plumas-400)""]",Standard: 0 MB (Removable); Maximum: 8 GB,Bus Architecture: PCI,,"[""4 Socket(s)""]","[""Virtually any configuration up to 8GB can be reached using Kingston's 1 and 2GB modules IN PAIRS.""]",,"{""Memory"": {""Standard"": ""0 MB (Removable)"", ""Maximum"": ""8 GB""}, ""Storage"": {""Bus Architecture"": ""PCI""}, ""Expansions"": {""Details"": [""4 Socket(s)""]}, ""CPU / Chipsets"": {""Details"": [""Intel Xeon Intel E7500 (Plumas-400)""]}, ""Upgrade Path"": {""Details"": [""Virtually any configuration up to 8GB can be reached using Kingston's 1 and 2GB modules IN PAIRS.""]}}",5,extracted
Kingston,ABIT- SI-1N/SI-1Na Motherboard,https://www.kingston.com/en/memory/search/discontinuedmodel/13846/abit-si-1n-si-1na-motherboard,SI-1N/SI-1Na Motherboard,ABIT - SI-1N/SI-1Na Motherboard,Motherboard,"[""Intel Pentium 4 Intel 845GL""]",Standard: 0 MB (Removable); Maximum: 2 GB,Bus Architecture: PCI,,"[""2 Socket(s)""]","[""Virtually any configuration up to 2GB can be reached using any combination of Kingston's 512MB and 1GB modules.""]",,"{""Memory"": {""Standard"": ""0 MB (Removable)"", ""Maximum"": ""2 GB""}, ""Storage"": {""Bus Architecture"": ""PCI""}, ""Expansions"": {""Details"": [""2 Socket(s)""]}, ""CPU / Chipsets"": {""Details"": [""Intel Pentium 4 Intel 845GL""]}, ""Upgrade Path"": {""Details"": [""Virtually any configuration up to 2GB can be reached using any combination of Kingston's 512MB and 1GB modules.""]}}",4,extracted
Kingston,ABIT- NF7/NF7-M Motherboard,https://www.kingston.com/en/memory/search/discontinuedmodel/13232/abit-nf7-nf7-m-motherboard,NF7/NF7-M Motherboard,ABIT - NF7/NF7-M Motherboard,Motherboard,"[""AMD Athlon Nvidia nForce2"", ""AMD Athlon XP Nvidia nForce2"", ""AMD Duron Nvidia nForce2""]",Standard: 0 MB (Removable); Maximum: 1 GB using 400MHz DDR modules / 3 GB using 333MHz or 266MHz DDR modules,Bus Architecture: PCI,,"[""3 Socket(s)""]",Using 400MHz DDR modules:: Supports only two ranks at 400MHz using two 256MB (single rank) modules or one 512MB or 1GB (dual rank) module.; Using 333MHz or 266MHz DDR modules:: Virtually any configuration up to 3GB can be reached using any combination of Kingston's 512MB and 1GB modules.,,"{""Memory"": {""Standard"": ""0 MB (Removable)"", ""Maximum"": ""1 GB using 400MHz DDR modules / 3 GB using 333MHz or 266MHz DDR modules""}, ""Storage"": {""Bus Architecture"": ""PCI""}, ""Expansions"": {""Details"": [""3 Socket(s)""]}, ""CPU / Chipsets"": {""Details"": [""AMD Athlon Nvidia nForce2"", ""AMD Athlon XP Nvidia nForce2"", ""AMD Duron Nvidia nForce2""]}, ""Upgrade Path"": {""Using 400MHz DDR modules:"": ""Supports only two ranks at 400MHz using two 256MB (single rank) modules or one 512MB or 1GB (dual rank) module."", ""Using 333MHz or 266MHz DDR modules:"": ""Virtually any configuration up to 3GB can be reached using any combination of Kingston's 512MB and 1GB modules.""}}",12,extracted
Kingston,ABIT- NV7-133R Motherboard,https://www.kingston.com/en/memory/search/discontinuedmodel/13233/abit-nv7-133r-motherboard,NV7-133R Motherboard,ABIT - NV7-133R Motherboard,Motherboard,"[""AMD Athlon XP Nvidia nForce 415""]",Standard: 0 MB (Removable); Maximum: 1.5 GB,Bus Architecture: PCI,,"[""3 Socket(s)""]","[""Virtually any configuration up to 1.5GB can be reached using Kingston's 512MB modules.""]",,"{""Memory"": {""Standard"": ""0 MB (Removable)"", ""Maximum"": ""1.5 GB""}, ""Storage"": {""Bus Architecture"": ""PCI""}, ""Expansions"": {""Details"": [""3 Socket(s)""]}, ""CPU / Chipsets"": {""Details"": [""AMD Athlon XP Nvidia nForce 415""]}, ""Upgrade Path"": {""Details"": [""Virtually any configuration up to 1.5GB can be reached using Kingston's 512MB modules.""]}}",3,extracted
Kingston,ABIT- KX7-333/KX7-333R Motherboard,https://www.kingston.com/en/memory/search/discontinuedmodel/13234/abit-kx7-333-kx7-333r-motherboard,KX7-333/KX7-333R Motherboard,ABIT - KX7-333/KX7-333R Motherboard,Motherboard,"[""AMD Athlon XP VIA Apollo KT333 (VT8367)""]",Standard: 0 MB (Removable); Maximum: 2 GB using unbuffered 333MHz DDR modules / 3 GB using unbuffered 266MHz DDR modules / 3.5 GB using Registered 266MHz DDR modules,Bus Architecture: PCI,,"[""4 Socket(s)""]",For 266MHz DDR unbuffered modules:: Virtually any configuration up to 3GB can be reached using any combination of Kingston's 512MB and 1GB modules.; For 266MHz DDR registered modules:: Virtually any configuration up to 3.5GB can be reached using any combination of Kingston's 512MB and 1GB modules.; For 333MHz DDR unbuffered modules:: Virtually any configuration up to 2GB can be reached using any combination of Kingston's 512MB and 1GB modules.,"[""KVR266X72RC25/512D and /1GD are the only Registered parts Kingston is supporting on this motherboard, due to the fact that this chipset requires x8 or x16 DRAM only. The KVR266X72RC25/512D and 1GD are built specifically for this reason using only x8 DRAM"", ""Although it is physically possible to install more memory, the system will only recognize 3.5GB maximum using registered modules or 333MHz unbuffered, and 3GB maximum using unbuffered 266MHz modules."", ""Registered and unbuffered modules CANNOT be mixed.""]","{""Memory"": {""Standard"": ""0 MB (Removable)"", ""Maximum"": ""2 GB using unbuffered 333MHz DDR modules / 3 GB using unbuffered 266MHz DDR modules / 3.5 GB using Registered 266MHz DDR modules""}, ""Storage"": {""Bus Architecture"": ""PCI""}, ""Expansions"": {""Details"": [""4 Socket(s)""]}, ""CPU / Chipsets"": {""Details"": [""AMD Athlon XP VIA Apollo KT333 (VT8367)""]}, ""Upgrade Path"": {""For 266MHz DDR unbuffered modules:"": ""Virtually any configuration up to 3GB can be reached using any combination of Kingston's 512MB and 1GB modules."", ""For 266MHz DDR registered modules:"": ""Virtually any configuration up to 3.5GB can be reached using any combination of Kingston's 512MB and 1GB modules."", ""For 333MHz DDR unbuffered modules:"": ""Virtually any configuration up to 2GB can be reached using any combination of Kingston's 512MB and 1GB modules.""}, ""Important Configuration Notes"": {""Details"": [""KVR266X72RC25/512D and /1GD are the only Registered parts Kingston is supporting on this motherboard, due to the fact that this chipset requires x8 or x16 DRAM only. The KVR266X72RC25/512D and 1GD are built specifically for this reason using only x8 DRAM"", ""Although it is physically possible to install more memory, the system will only recognize 3.5GB maximum using registered modules or 333MHz unbuffered, and 3GB maximum using unbuffered 266MHz modules."", ""Registered and unbuffered modules CANNOT be mixed.""]}}",10,extracted
Kingston,ABIT- AT7 MAX2/XP Motherboard,https://www.kingston.com/en/memory/search/discontinuedmodel/13235/abit-at7-max2-xp-motherboard,AT7 MAX2/XP Motherboard,ABIT - AT7 MAX2/XP Motherboard,Motherboard,"[""AMD Athlon XP VIA Apollo KT400 (VT8377)""]",Standard: 0 MB (Removable); Maximum: 1 GB using 400MHz DDR modules / 2 GB using 333MHz DDR modules / 3 GB using 266MHz DDR modules,Bus Architecture: PCI,,"[""4 Socket(s)""]",Using 400MHz DDR modules:: Supports only two ranks at 400MHz using two 256MB (single rank) or one 512MB or 1GB (dual rank) module.; Using 333MHz DDR modules:: Virtually any configuration up to 2GB can be reached using any combination of Kingston's 512MB and 1GB modules.; Using 266MHz DDR modules:: Virtually any configuration up to 3GB can be reached using any combination of Kingston's 512MB and 1GB modules.,,"{""Memory"": {""Standard"": ""0 MB (Removable)"", ""Maximum"": ""1 GB using 400MHz DDR modules / 2 GB using 333MHz DDR modules / 3 GB using 266MHz DDR modules""}, ""Storage"": {""Bus Architecture"": ""PCI""}, ""Expansions"": {""Details"": [""4 Socket(s)""]}, ""CPU / Chipsets"": {""Details"": [""AMD Athlon XP VIA Apollo KT400 (VT8377)""]}, ""Upgrade Path"": {""Using 400MHz DDR modules:"": ""Supports only two ranks at 400MHz using two 256MB (single rank) or one 512MB or 1GB (dual rank) module."", ""Using 333MHz DDR modules:"": ""Virtually any configuration up to 2GB can be reached using any combination of Kingston's 512MB and 1GB modules."", ""Using 266MHz DDR modules:"": ""Virtually any configuration up to 3GB can be reached using any combination of Kingston's 512MB and 1GB modules.""}}",12,extracted
Kingston,ABIT- KD7-E Motherboard,https://www.kingston.com/en/memory/search/discontinuedmodel/13236/abit-kd7-e-motherboard,KD7-E Motherboard,ABIT - KD7-E Motherboard,Motherboard,"[""AMD Athlon XP VIA Apollo KT333 (VT8367)""]",Standard: 0 MB (Removable); Maximum: 2 GB using unbuffered 333MHz DDR modules / 3 GB using unbuffered 266MHz DDR modules / 3.5 GB using Registered 266MHz DDR modules,Bus Architecture: PCI,,"[""4 Socket(s)""]",For 266MHz DDR unbuffered modules:: Virtually any configuration up to 3GB can be reached using any combination of Kingston's 512MB and 1GB modules.; For 266MHz DDR registered modules:: Virtually any configuration up to 3.5GB can be reached using any combination of Kingston's 512MB and 1GB modules.; For 333MHz DDR unbuffered modules:: Virtually any configuration up to 2GB can be reached using any combination of Kingston's 512MB and 1GB modules.,"[""KVR266X72RC25/512D and /1GD are the only Registered parts Kingston is supporting on this motherboard, due to the fact that this chipset requires x8 or x16 DRAM only. The KVR266X72RC25/512D and 1GD are built specifically for this reason using only x8 DRAM"", ""Although it is physically possible to install more memory, the system will only recognize 3.5GB maximum using registered modules or 333MHz unbuffered, and 3GB maximum using unbuffered 266MHz modules."", ""Registered and unbuffered modules CANNOT be mixed.""]","{""Memory"": {""Standard"": ""0 MB (Removable)"", ""Maximum"": ""2 GB using unbuffered 333MHz DDR modules / 3 GB using unbuffered 266MHz DDR modules / 3.5 GB using Registered 266MHz DDR modules""}, ""Storage"": {""Bus Architecture"": ""PCI""}, ""Expansions"": {""Details"": [""4 Socket(s)""]}, ""CPU / Chipsets"": {""Details"": [""AMD Athlon XP VIA Apollo KT333 (VT8367)""]}, ""Upgrade Path"": {""For 266MHz DDR unbuffered modules:"": ""Virtually any configuration up to 3GB can be reached using any combination of Kingston's 512MB and 1GB modules."", ""For 266MHz DDR registered modules:"": ""Virtually any configuration up to 3.5GB can be reached using any combination of Kingston's 512MB and 1GB modules."", ""For 333MHz DDR unbuffered modules:"": ""Virtually any configuration up to 2GB can be reached using any combination of Kingston's 512MB and 1GB modules.""}, ""Important Configuration Notes"": {""Details"": [""KVR266X72RC25/512D and /1GD are the only Registered parts Kingston is supporting on this motherboard, due to the fact that this chipset requires x8 or x16 DRAM only. The KVR266X72RC25/512D and 1GD are built specifically for this reason using only x8 DRAM"", ""Although it is physically possible to install more memory, the system will only recognize 3.5GB maximum using registered modules or 333MHz unbuffered, and 3GB maximum using unbuffered 266MHz modules."", ""Registered and unbuffered modules CANNOT be mixed.""]}}",10,extracted
Kingston,ABIT- SG-71 Motherboard,https://www.kingston.com/en/memory/search/discontinuedmodel/13217/abit-sg-71-motherboard,SG-71 Motherboard,ABIT - SG-71 Motherboard,Motherboard,"[""Intel Pentium 4 SiS 651""]",Standard: 0 MB (Removable); Maximum: 2 GB,Bus Architecture: PCI,,"[""2 Socket(s)""]","[""Virtually any configuration up to 2GB can be reached using any combination of Kingston's 512MB and 1GB modules.""]",,"{""Memory"": {""Standard"": ""0 MB (Removable)"", ""Maximum"": ""2 GB""}, ""Storage"": {""Bus Architecture"": ""PCI""}, ""Expansions"": {""Details"": [""2 Socket(s)""]}, ""CPU / Chipsets"": {""Details"": [""Intel Pentium 4 SiS 651""]}, ""Upgrade Path"": {""Details"": [""Virtually any configuration up to 2GB can be reached using any combination of Kingston's 512MB and 1GB modules.""]}}",8,extracted
Kingston,ABIT- BD7/BD7m/BD7-RAID Motherboard,https://www.kingston.com/en/memory/search/discontinuedmodel/13219/abit-bd7-bd7m-bd7-raid-motherboard,BD7/BD7m/BD7-RAID Motherboard,ABIT - BD7/BD7m/BD7-RAID Motherboard,Motherboard,"[""Intel Pentium 4 Intel 845GL""]",Standard: 0 MB (Removable); Maximum: 2 GB,Bus Architecture: PCI,,"[""2 Socket(s)""]","[""Virtually any configuration up to 2GB can be reached using any combination of Kingston's 512MB and 1GB modules.""]",,"{""Memory"": {""Standard"": ""0 MB (Removable)"", ""Maximum"": ""2 GB""}, ""Storage"": {""Bus Architecture"": ""PCI""}, ""Expansions"": {""Details"": [""2 Socket(s)""]}, ""CPU / Chipsets"": {""Details"": [""Intel Pentium 4 Intel 845GL""]}, ""Upgrade Path"": {""Details"": [""Virtually any configuration up to 2GB can be reached using any combination of Kingston's 512MB and 1GB modules.""]}}",4,extracted
Kingston,ABIT- BG-71 Motherboard,https://www.kingston.com/en/memory/search/discontinuedmodel/13220/abit-bg-71-motherboard,BG-71 Motherboard,ABIT - BG-71 Motherboard,Motherboard,"[""Intel Pentium 4 Intel 845GL""]",Standard: 0 MB (Removable); Maximum: 2 GB,Bus Architecture: PCI,,"[""2 Socket(s)""]","[""Virtually any configuration up to 2GB can be reached using any combination of Kingston's 512MB and 1GB modules.""]",,"{""Memory"": {""Standard"": ""0 MB (Removable)"", ""Maximum"": ""2 GB""}, ""Storage"": {""Bus Architecture"": ""PCI""}, ""Expansions"": {""Details"": [""2 Socket(s)""]}, ""CPU / Chipsets"": {""Details"": [""Intel Pentium 4 Intel 845GL""]}, ""Upgrade Path"": {""Details"": [""Virtually any configuration up to 2GB can be reached using any combination of Kingston's 512MB and 1GB modules.""]}}",4,extracted
Kingston,ABIT- KG7-Lite Motherboard,https://www.kingston.com/en/memory/search/discontinuedmodel/13221/abit-kg7-lite-motherboard,KG7-Lite Motherboard,ABIT - KG7-Lite Motherboard,Motherboard,"[""AMD Athlon AMD 761""]",Standard: 0 MB (Removable); Maximum: 2 GB,Bus Architecture: PCI,,"[""2 Socket(s)""]","[""Virtually any configuration up to 2GB can be reached using any combination of Kingston's 512MB and 1GB modules.""]",,"{""Memory"": {""Standard"": ""0 MB (Removable)"", ""Maximum"": ""2 GB""}, ""Storage"": {""Bus Architecture"": ""PCI""}, ""Expansions"": {""Details"": [""2 Socket(s)""]}, ""CPU / Chipsets"": {""Details"": [""AMD Athlon AMD 761""]}, ""Upgrade Path"": {""Details"": [""Virtually any configuration up to 2GB can be reached using any combination of Kingston's 512MB and 1GB modules.""]}}",4,extracted
Kingston,ABIT- IT7-MAX2 / IT7-MAX2/XP,https://www.kingston.com/en/memory/search/discontinuedmodel/13222/abit-it7-max2-it7-max2-xp,IT7-MAX2 / IT7-MAX2/XP,ABIT - IT7-MAX2 / IT7-MAX2/XP,,"[""Intel Pentium 4 Intel 845E""]",Standard: 0 MB (Removable); Maximum: 2 GB,Bus Architecture: PCI,,"[""3 Socket(s)""]","[""Virtually any configuration up to 2GB can be reached using any combination of Kingston's 512MB and 1GB modules.""]","[""This motherboard only supports 4 banks of memory. If double sided DIMMs are used, the 3rd socket is disabled."", ""Although it is physically possible to install more memory, the system will only recognize 2GB maximum.""]","{""Memory"": {""Standard"": ""0 MB (Removable)"", ""Maximum"": ""2 GB""}, ""Storage"": {""Bus Architecture"": ""PCI""}, ""Expansions"": {""Details"": [""3 Socket(s)""]}, ""CPU / Chipsets"": {""Details"": [""Intel Pentium 4 Intel 845E""]}, ""Upgrade Path"": {""Details"": [""Virtually any configuration up to 2GB can be reached using any combination of Kingston's 512MB and 1GB modules.""]}, ""Important Configuration Notes"": {""Details"": [""This motherboard only supports 4 banks of memory. If double sided DIMMs are used, the 3rd socket is disabled."", ""Although it is physically possible to install more memory, the system will only recognize 2GB maximum.""]}}",4,extracted
Kingston,ABIT- BG7E Motherboard,https://www.kingston.com/en/memory/search/discontinuedmodel/13223/abit-bg7e-motherboard,BG7E Motherboard,ABIT - BG7E Motherboard,Motherboard,"[""Intel Pentium 4 Intel 845GE""]",Standard: 0 MB (Removable); Maximum: 2 GB,Bus Architecture: PCI,,"[""3 Socket(s)""]","[""Virtually any configuration up to 2GB can be reached using any combination of Kingston's 512MB and 1GB modules.""]","[""This motherboard only supports 4 banks of memory. If double sided DIMMs are used, the 3rd socket is disabled."", ""Although it is physically possible to install more memory, the system will only recognize 2GB maximum.""]","{""Memory"": {""Standard"": ""0 MB (Removable)"", ""Maximum"": ""2 GB""}, ""Storage"": {""Bus Architecture"": ""PCI""}, ""Expansions"": {""Details"": [""3 Socket(s)""]}, ""CPU / Chipsets"": {""Details"": [""Intel Pentium 4 Intel 845GE""]}, ""Upgrade Path"": {""Details"": [""Virtually any configuration up to 2GB can be reached using any combination of Kingston's 512MB and 1GB modules.""]}, ""Important Configuration Notes"": {""Details"": [""This motherboard only supports 4 banks of memory. If double sided DIMMs are used, the 3rd socket is disabled."", ""Although it is physically possible to install more memory, the system will only recognize 2GB maximum.""]}}",8,extracted
Kingston,ABIT- AT7 Motherboard,https://www.kingston.com/en/memory/search/discontinuedmodel/12337/abit-at7-motherboard,AT7 Motherboard,ABIT - AT7 Motherboard,Motherboard,"[""AMD Athlon XP VIA Apollo KT333 (VT8367)""]",Standard: 0 MB (Removable); Maximum: 2 GB using unbuffered 333MHz DDR modules / 3 GB using unbuffered 266MHz DDR modules / 3.5 GB using Registered 266MHz DDR modules,Bus Architecture: PCI,,"[""4 Socket(s)""]",For 266MHz DDR unbuffered modules:: Virtually any configuration up to 3GB can be reached using any combination of Kingston's 512MB and 1GB modules.; For 266MHz DDR registered modules:: Virtually any configuration up to 3.5GB can be reached using any combination of Kingston's 512MB and 1GB modules.; For 333MHz DDR unbuffered modules:: Virtually any configuration up to 2GB can be reached using any combination of Kingston's 512MB and 1GB modules.,"[""KVR266X72RC25/512D and /1GD are the only Registered parts Kingston is supporting on this motherboard, due to the fact that this chipset requires x8 or x16 DRAM only. The KVR266X72RC25/512D and 1GD are built specifically for this reason using only x8 DRAM"", ""Although it is physically possible to install more memory, the system will only recognize 3.5GB maximum using registered modules or 333MHz unbuffered, and 3GB maximum using unbuffered 266MHz modules."", ""Registered and unbuffered modules CANNOT be mixed.""]","{""Memory"": {""Standard"": ""0 MB (Removable)"", ""Maximum"": ""2 GB using unbuffered 333MHz DDR modules / 3 GB using unbuffered 266MHz DDR modules / 3.5 GB using Registered 266MHz DDR modules""}, ""Storage"": {""Bus Architecture"": ""PCI""}, ""Expansions"": {""Details"": [""4 Socket(s)""]}, ""CPU / Chipsets"": {""Details"": [""AMD Athlon XP VIA Apollo KT333 (VT8367)""]}, ""Upgrade Path"": {""For 266MHz DDR unbuffered modules:"": ""Virtually any configuration up to 3GB can be reached using any combination of Kingston's 512MB and 1GB modules."", ""For 266MHz DDR registered modules:"": ""Virtually any configuration up to 3.5GB can be reached using any combination of Kingston's 512MB and 1GB modules."", ""For 333MHz DDR unbuffered modules:"": ""Virtually any configuration up to 2GB can be reached using any combination of Kingston's 512MB and 1GB modules.""}, ""Important Configuration Notes"": {""Details"": [""KVR266X72RC25/512D and /1GD are the only Registered parts Kingston is supporting on this motherboard, due to the fact that this chipset requires x8 or x16 DRAM only. The KVR266X72RC25/512D and 1GD are built specifically for this reason using only x8 DRAM"", ""Although it is physically possible to install more memory, the system will only recognize 3.5GB maximum using registered modules or 333MHz unbuffered, and 3GB maximum using unbuffered 266MHz modules."", ""Registered and unbuffered modules CANNOT be mixed.""]}}",10,extracted
Kingston,ABIT- BD7II/ BD7II RAID Motherboard,https://www.kingston.com/en/memory/search/discontinuedmodel/12267/abit-bd7ii-bd7ii-raid-motherboard,BD7II/ BD7II RAID Motherboard,ABIT - BD7II/ BD7II RAID Motherboard,Motherboard,"[""Intel Pentium 4 SiS 645"", ""Intel Pentium 4 Intel 845E""]",Standard: 0 MB (Removable); Maximum: 2 GB,Bus Architecture: PCI,,"[""3 Socket(s)""]","[""Virtually any configuration up to 2.0GB can be reached using any combination of Kingston's 512MB and 1GB modules.""]",,"{""Memory"": {""Standard"": ""0 MB (Removable)"", ""Maximum"": ""2 GB""}, ""Storage"": {""Bus Architecture"": ""PCI""}, ""Expansions"": {""Details"": [""3 Socket(s)""]}, ""CPU / Chipsets"": {""Details"": [""Intel Pentium 4 SiS 645"", ""Intel Pentium 4 Intel 845E""]}, ""Upgrade Path"": {""Details"": [""Virtually any configuration up to 2.0GB can be reached using any combination of Kingston's 512MB and 1GB modules.""]}}",4,extracted
Kingston,ABIT- BG7 Motherboard,https://www.kingston.com/en/memory/search/discontinuedmodel/12269/abit-bg7-motherboard,BG7 Motherboard,ABIT - BG7 Motherboard,Motherboard,"[""Intel Pentium 4 Intel 845G""]",Standard: 0 MB (Removable); Maximum: 2 GB,Bus Architecture: PCI,,"[""3 Socket(s)""]","[""Virtually any configuration up to 2GB can be reached using any combination of Kingston's 512MB and 1GB modules.""]",,"{""Memory"": {""Standard"": ""0 MB (Removable)"", ""Maximum"": ""2 GB""}, ""Storage"": {""Bus Architecture"": ""PCI""}, ""Expansions"": {""Details"": [""3 Socket(s)""]}, ""CPU / Chipsets"": {""Details"": [""Intel Pentium 4 Intel 845G""]}, ""Upgrade Path"": {""Details"": [""Virtually any configuration up to 2GB can be reached using any combination of Kingston's 512MB and 1GB modules.""]}}",4,extracted
Kingston,ABIT- IT7 Motherboard,https://www.kingston.com/en/memory/search/discontinuedmodel/12270/abit-it7-motherboard,IT7 Motherboard,ABIT - IT7 Motherboard,Motherboard,"[""Intel Pentium 4 Intel 845E""]",Standard: 0 MB (Removable); Maximum: 2 GB,Bus Architecture: PCI,,"[""3 Socket(s)""]","[""Virtually any configuration up to 2GB can be reached using any combination of Kingston's 512MB and 1GB modules.""]","[""This motherboard only supports 4 Banks of Memory. If double sided DIMMs are used the 3rd socket is disabled."", ""ECC and non-ECC modules CANNOT be mixed.""]","{""Memory"": {""Standard"": ""0 MB (Removable)"", ""Maximum"": ""2 GB""}, ""Storage"": {""Bus Architecture"": ""PCI""}, ""Expansions"": {""Details"": [""3 Socket(s)""]}, ""CPU / Chipsets"": {""Details"": [""Intel Pentium 4 Intel 845E""]}, ""Upgrade Path"": {""Details"": [""Virtually any configuration up to 2GB can be reached using any combination of Kingston's 512MB and 1GB modules.""]}, ""Important Configuration Notes"": {""Details"": [""This motherboard only supports 4 Banks of Memory. If double sided DIMMs are used the 3rd socket is disabled."", ""ECC and non-ECC modules CANNOT be mixed.""]}}",8,extracted
Kingston,ABIT- KR7A-133R (ATA133) Motherboard,https://www.kingston.com/en/memory/search/discontinuedmodel/12220/abit-kr7a-133r-ata133-motherboard,KR7A-133R (ATA133) Motherboard,ABIT - KR7A-133R (ATA133) Motherboard,Motherboard,"[""AMD Athlon XP VIA Apollo KT266A (VT8366A)""]",Standard: 0 MB (Removable); Maximum: 3 GB using unbuffered DDR modules,Bus Architecture: PCI,,"[""4 Socket(s)""]","[""Virtually any configuration up to 3GB can be reached using any combination of Kingston's 512MB and 1GB unbuffered modules.""]",,"{""Memory"": {""Standard"": ""0 MB (Removable)"", ""Maximum"": ""3 GB using unbuffered DDR modules""}, ""Storage"": {""Bus Architecture"": ""PCI""}, ""Expansions"": {""Details"": [""4 Socket(s)""]}, ""CPU / Chipsets"": {""Details"": [""AMD Athlon XP VIA Apollo KT266A (VT8366A)""]}, ""Upgrade Path"": {""Details"": [""Virtually any configuration up to 3GB can be reached using any combination of Kingston's 512MB and 1GB unbuffered modules.""]}}",4,extracted
Kingston,ABIT- BW7/BW7-RAID/BL7/BL7-RAID Motherboards,https://www.kingston.com/en/memory/search/discontinuedmodel/11403/abit-bw7-bw7-raid-bl7-bl7-raid-motherboards,BW7/BW7-RAID/BL7/BL7-RAID Motherboards,ABIT - BW7/BW7-RAID/BL7/BL7-RAID Motherboards,,"[""Intel Pentium 4 (N/A)""]",Standard: 0 MB (Removable); Maximum: 1.5 GB with current Kingston product,Bus Architecture: AGP / PCI,,"[""3 Socket(s)""]","[""Virtually any configuration up to 1.5GB can be reached using any combination of Kingston's 256 and 512MB modules.""]",,"{""Memory"": {""Standard"": ""0 MB (Removable)"", ""Maximum"": ""1.5 GB with current Kingston product""}, ""Storage"": {""Bus Architecture"": ""AGP / PCI""}, ""Expansions"": {""Details"": [""3 Socket(s)""]}, ""CPU / Chipsets"": {""Details"": [""Intel Pentium 4 (N/A)""]}, ""Upgrade Path"": {""Details"": [""Virtually any configuration up to 1.5GB can be reached using any combination of Kingston's 256 and 512MB modules.""]}}",7,extracted
Kingston,ABIT- KR7A - RAID Motherboard,https://www.kingston.com/en/memory/search/discontinuedmodel/11439/abit-kr7a-raid-motherboard,KR7A - RAID Motherboard,ABIT - KR7A - RAID Motherboard,Motherboard,"[""AMD Athlon VIA Apollo KT266A (VT8366A)"", ""AMD Athlon XP VIA Apollo KT266A (VT8366A)"", ""AMD Duron VIA Apollo KT266A (VT8366A)""]",Standard: 0 MB (Removable); Maximum: 3 GB,Bus Architecture: AGP / PCI,,"[""4 Socket(s)""]","[""Virtually any configuration up to 3GB can be reached using any comnbination of Kingston's 512MB and 1GB modules.""]","[""This system only supports 6 banks of unbuffered memory. If three double-sided DIMMs are used, the 4th socket is disabled."", ""This board supports both ECC and non-ECC SDRAM. When mixing ECC and non-ECC modules, the system will not perform the ECC function.""]","{""Memory"": {""Standard"": ""0 MB (Removable)"", ""Maximum"": ""3 GB""}, ""Storage"": {""Bus Architecture"": ""AGP / PCI""}, ""Expansions"": {""Details"": [""4 Socket(s)""]}, ""CPU / Chipsets"": {""Details"": [""AMD Athlon VIA Apollo KT266A (VT8366A)"", ""AMD Athlon XP VIA Apollo KT266A (VT8366A)"", ""AMD Duron VIA Apollo KT266A (VT8366A)""]}, ""Upgrade Path"": {""Details"": [""Virtually any configuration up to 3GB can be reached using any comnbination of Kingston's 512MB and 1GB modules.""]}, ""Important Configuration Notes"": {""Details"": [""This system only supports 6 banks of unbuffered memory. If three double-sided DIMMs are used, the 4th socket is disabled."", ""This board supports both ECC and non-ECC SDRAM. When mixing ECC and non-ECC modules, the system will not perform the ECC function.""]}}",8,extracted
Kingston,ABIT- BM6 Motherboard,https://www.kingston.com/en/memory/search/discontinuedmodel/9783/abit-bm6-motherboard,BM6 Motherboard,ABIT - BM6 Motherboard,Motherboard,,Standard: 0 MB (Removable); Maximum: 768 MB,Bus Architecture: AGP / ISA / PCI,,"[""3 Socket(s)""]","[""Virtually any configuration up to 768MB can be reached using Kingston's 256MB modules.""]",,"{""Memory"": {""Standard"": ""0 MB (Removable)"", ""Maximum"": ""768 MB""}, ""Storage"": {""Bus Architecture"": ""AGP / ISA / PCI""}, ""Expansions"": {""Details"": [""3 Socket(s)""]}, ""Upgrade Path"": {""Details"": [""Virtually any configuration up to 768MB can be reached using Kingston's 256MB modules.""]}}",6,extracted
Kingston,ABIT- BH6 Motherboard,https://www.kingston.com/en/memory/search/discontinuedmodel/9784/abit-bh6-motherboard,BH6 Motherboard,ABIT - BH6 Motherboard,Motherboard,"[""Intel Pentium III (N/A)""]",Standard: 0 MB (Removable); Maximum: 768 MB,Bus Architecture: AGP / ISA / PCI,,"[""3 Socket(s)""]","[""Virtually any configuration up to 768MB can be reached using Kingston's 256MB modules.""]",,"{""Memory"": {""Standard"": ""0 MB (Removable)"", ""Maximum"": ""768 MB""}, ""Storage"": {""Bus Architecture"": ""AGP / ISA / PCI""}, ""Expansions"": {""Details"": [""3 Socket(s)""]}, ""CPU / Chipsets"": {""Details"": [""Intel Pentium III (N/A)""]}, ""Upgrade Path"": {""Details"": [""Virtually any configuration up to 768MB can be reached using Kingston's 256MB modules.""]}}",6,extracted
Kingston,ABIT- VH6 Motherboard,https://www.kingston.com/en/memory/search/discontinuedmodel/9785/abit-vh6-motherboard,VH6 Motherboard,ABIT - VH6 Motherboard,Motherboard,"[""Intel Pentium III VIA 694X""]",Standard: 0 MB (Removable); Maximum: 1.5 GB,Bus Architecture: AGP / AMR / ISA / PCI,,"[""3 Socket(s)""]","[""Virtually any configuration up to 1.5GB can be reached using any combination of Kingston's 256 and 512MB modules.""]",,"{""Memory"": {""Standard"": ""0 MB (Removable)"", ""Maximum"": ""1.5 GB""}, ""Storage"": {""Bus Architecture"": ""AGP / AMR / ISA / PCI""}, ""Expansions"": {""Details"": [""3 Socket(s)""]}, ""CPU / Chipsets"": {""Details"": [""Intel Pentium III VIA 694X""]}, ""Upgrade Path"": {""Details"": [""Virtually any configuration up to 1.5GB can be reached using any combination of Kingston's 256 and 512MB modules.""]}}",8,extracted
Kingston,ABIT- SE6 Motherboard,https://www.kingston.com/en/memory/search/discontinuedmodel/9786/abit-se6-motherboard,SE6 Motherboard,ABIT - SE6 Motherboard,Motherboard,"[""Intel Pentium III (N/A)""]",Standard: 0 MB (Removable); Maximum: 512 MB,Bus Architecture: AGP / PCI,,"[""3 Socket(s)""]","[""Virtually any configuration up to 512MB can be reached using Kingston's 256MB modules.""]","[""Although it is physically possible to install more memory, the system will only recognize 512MB maximum."", ""This system only supports 4 banks of memory. If two double sided DIMMs are used, the 3rd socket is disabled.""]","{""Memory"": {""Standard"": ""0 MB (Removable)"", ""Maximum"": ""512 MB""}, ""Storage"": {""Bus Architecture"": ""AGP / PCI""}, ""Expansions"": {""Details"": [""3 Socket(s)""]}, ""CPU / Chipsets"": {""Details"": [""Intel Pentium III (N/A)""]}, ""Upgrade Path"": {""Details"": [""Virtually any configuration up to 512MB can be reached using Kingston's 256MB modules.""]}, ""Important Configuration Notes"": {""Details"": [""Although it is physically possible to install more memory, the system will only recognize 512MB maximum."", ""This system only supports 4 banks of memory. If two double sided DIMMs are used, the 3rd socket is disabled.""]}}",5,extracted
Kingston,ABIT- LX6 Motherboard,https://www.kingston.com/en/memory/search/discontinuedmodel/9787/abit-lx6-motherboard,LX6 Motherboard,ABIT - LX6 Motherboard,Motherboard,"[""Intel Pentium II (N/A)""]",Standard: 0 MB (Removable); Maximum: 512 MB,Bus Architecture: AGP / ISA / PCI,,"[""4 Socket(s)""]","[""Virtually any configuration up to 512MB can be reached using any combination of Kingston's 64 and 128MB modules.""]",,"{""Memory"": {""Standard"": ""0 MB (Removable)"", ""Maximum"": ""512 MB""}, ""Storage"": {""Bus Architecture"": ""AGP / ISA / PCI""}, ""Expansions"": {""Details"": [""4 Socket(s)""]}, ""CPU / Chipsets"": {""Details"": [""Intel Pentium II (N/A)""]}, ""Upgrade Path"": {""Details"": [""Virtually any configuration up to 512MB can be reached using any combination of Kingston's 64 and 128MB modules.""]}}",4,extracted
Kingston,ABIT- KA7 Motherboard,https://www.kingston.com/en/memory/search/discontinuedmodel/9788/abit-ka7-motherboard,KA7 Motherboard,ABIT - KA7 Motherboard,Motherboard,"[""AMD Athlon (N/A)""]",Standard: 0 MB (Removable); Maximum: 2 GB,Bus Architecture: AGP / ISA / PCI,,"[""4 Socket(s)""]","[""Virtually any configuration up to 2GB can be reached using any combination of Kingston's 256 and 512MB modules.""]",,"{""Memory"": {""Standard"": ""0 MB (Removable)"", ""Maximum"": ""2 GB""}, ""Storage"": {""Bus Architecture"": ""AGP / ISA / PCI""}, ""Expansions"": {""Details"": [""4 Socket(s)""]}, ""CPU / Chipsets"": {""Details"": [""AMD Athlon (N/A)""]}, ""Upgrade Path"": {""Details"": [""Virtually any configuration up to 2GB can be reached using any combination of Kingston's 256 and 512MB modules.""]}}",8,extracted
Kingston,ABIT- VT6X4 Motherboard,https://www.kingston.com/en/memory/search/discontinuedmodel/9789/abit-vt6x4-motherboard,VT6X4 Motherboard,ABIT - VT6X4 Motherboard,Motherboard,"[""Intel Pentium III VIA 694X""]",Standard: 0 MB (Removable); Maximum: 1.5 GB,Bus Architecture: AGP / ISA / PCI,,"[""3 Socket(s)""]","[""Virtually any configuration up to 1.5GB can be reached using any combination of Kingston's 256 and 512MB modules.""]",,"{""Memory"": {""Standard"": ""0 MB (Removable)"", ""Maximum"": ""1.5 GB""}, ""Storage"": {""Bus Architecture"": ""AGP / ISA / PCI""}, ""Expansions"": {""Details"": [""3 Socket(s)""]}, ""CPU / Chipsets"": {""Details"": [""Intel Pentium III VIA 694X""]}, ""Upgrade Path"": {""Details"": [""Virtually any configuration up to 1.5GB can be reached using any combination of Kingston's 256 and 512MB modules.""]}}",8,extracted
Kingston,ABIT- VL6 Motherboard,https://www.kingston.com/en/memory/search/discontinuedmodel/10142/abit-vl6-motherboard,VL6 Motherboard,ABIT - VL6 Motherboard,Motherboard,"[""Intel Pentium III (N/A)""]",Standard: 0 MB (Removable); Maximum: 1.5 GB,Bus Architecture: AGP / AMR / ISA / PCI,,"[""3 Socket(s)""]","[""Virtually any configuration up to 1.5GB can be reached using any combination of Kingston's 256 and 512MB modules.""]",,"{""Memory"": {""Standard"": ""0 MB (Removable)"", ""Maximum"": ""1.5 GB""}, ""Storage"": {""Bus Architecture"": ""AGP / AMR / ISA / PCI""}, ""Expansions"": {""Details"": [""3 Socket(s)""]}, ""CPU / Chipsets"": {""Details"": [""Intel Pentium III (N/A)""]}, ""Upgrade Path"": {""Details"": [""Virtually any configuration up to 1.5GB can be reached using any combination of Kingston's 256 and 512MB modules.""]}}",8,extracted
Kingston,ABIT- SL6 Motherboard,https://www.kingston.com/en/memory/search/discontinuedmodel/10143/abit-sl6-motherboard,SL6 Motherboard,ABIT - SL6 Motherboard,Motherboard,"[""Intel Pentium III Intel 815e""]",Standard: 0 MB (Removable); Maximum: 512 MB,Bus Architecture: AGP / PCI,,"[""3 Socket(s)""]","[""Virtually any configuration up to 512MB can be reached using Kingston's 256MB modules.""]","[""Although it is physically possible to install more memory, the system will only recognize 512MB maximum."", ""This system only supports 4 banks of memory. If two double sided DIMMs are used, the 3rd socket is disabled.""]","{""Memory"": {""Standard"": ""0 MB (Removable)"", ""Maximum"": ""512 MB""}, ""Storage"": {""Bus Architecture"": ""AGP / PCI""}, ""Expansions"": {""Details"": [""3 Socket(s)""]}, ""CPU / Chipsets"": {""Details"": [""Intel Pentium III Intel 815e""]}, ""Upgrade Path"": {""Details"": [""Virtually any configuration up to 512MB can be reached using Kingston's 256MB modules.""]}, ""Important Configuration Notes"": {""Details"": [""Although it is physically possible to install more memory, the system will only recognize 512MB maximum."", ""This system only supports 4 banks of memory. If two double sided DIMMs are used, the 3rd socket is disabled.""]}}",5,extracted
Kingston,ABIT- BX6 2.0 Motherboard,https://www.kingston.com/en/memory/search/discontinuedmodel/10147/abit-bx6-2-0-motherboard,BX6 2.0 Motherboard,ABIT - BX6 2.0 Motherboard,Motherboard,"[""Intel Pentium III (N/A)""]",Standard: 0 MB (Removable); Maximum: 1 GB,Bus Architecture: AGP / ISA / PCI,,"[""4 Socket(s)""]","[""Virtually any configuration up to 1GB can be reached using Kingston's 256MB modules.""]",,"{""Memory"": {""Standard"": ""0 MB (Removable)"", ""Maximum"": ""1 GB""}, ""Storage"": {""Bus Architecture"": ""AGP / ISA / PCI""}, ""Expansions"": {""Details"": [""4 Socket(s)""]}, ""CPU / Chipsets"": {""Details"": [""Intel Pentium III (N/A)""]}, ""Upgrade Path"": {""Details"": [""Virtually any configuration up to 1GB can be reached using Kingston's 256MB modules.""]}}",6,extracted
Kingston,ABIT- BX6 Motherboard,https://www.kingston.com/en/memory/search/discontinuedmodel/10149/abit-bx6-motherboard,BX6 Motherboard,ABIT - BX6 Motherboard,Motherboard,"[""Intel Pentium II (N/A)""]",Standard: 0 MB (Removable); Maximum: 1 GB,Bus Architecture: AGP / ISA / PCI,,"[""4 Socket(s)""]","[""Virtually any configuration up to 1GB can be reached using Kingston's 256MB modules.""]",,"{""Memory"": {""Standard"": ""0 MB (Removable)"", ""Maximum"": ""1 GB""}, ""Storage"": {""Bus Architecture"": ""AGP / ISA / PCI""}, ""Expansions"": {""Details"": [""4 Socket(s)""]}, ""CPU / Chipsets"": {""Details"": [""Intel Pentium II (N/A)""]}, ""Upgrade Path"": {""Details"": [""Virtually any configuration up to 1GB can be reached using Kingston's 256MB modules.""]}}",6,extracted
Kingston,ABIT- AH6 Motherboard,https://www.kingston.com/en/memory/search/discontinuedmodel/10151/abit-ah6-motherboard,AH6 Motherboard,ABIT - AH6 Motherboard,Motherboard,"[""Intel Pentium II (N/A)""]",Standard: 0 MB (Removable); Maximum: 384 MB,Bus Architecture: AGP / ISA / PCI,,"[""3 Socket(s)""]","[""Virtually any configuration up to 384MB can be reached using any combination of Kingston's 64 and 128MB modules.""]",,"{""Memory"": {""Standard"": ""0 MB (Removable)"", ""Maximum"": ""384 MB""}, ""Storage"": {""Bus Architecture"": ""AGP / ISA / PCI""}, ""Expansions"": {""Details"": [""3 Socket(s)""]}, ""CPU / Chipsets"": {""Details"": [""Intel Pentium II (N/A)""]}, ""Upgrade Path"": {""Details"": [""Virtually any configuration up to 384MB can be reached using any combination of Kingston's 64 and 128MB modules.""]}}",4,extracted
Kingston,ABIT- SA6R Motherboard,https://www.kingston.com/en/memory/search/discontinuedmodel/10152/abit-sa6r-motherboard,SA6R Motherboard,ABIT - SA6R Motherboard,Motherboard,"[""Intel Pentium II Intel 815e""]",Standard: 0 MB (Removable); Maximum: 512 MB,Bus Architecture: AGP / PCI,,"[""4 Socket(s)""]","[""Virtually any configuration up to 512MB can be reached using Kingston's 256MB modules.""]",,"{""Memory"": {""Standard"": ""0 MB (Removable)"", ""Maximum"": ""512 MB""}, ""Storage"": {""Bus Architecture"": ""AGP / PCI""}, ""Expansions"": {""Details"": [""4 Socket(s)""]}, ""CPU / Chipsets"": {""Details"": [""Intel Pentium II Intel 815e""]}, ""Upgrade Path"": {""Details"": [""Virtually any configuration up to 512MB can be reached using Kingston's 256MB modules.""]}}",5,extracted
Kingston,ABIT- SH6 Motherboard,https://www.kingston.com/en/memory/search/discontinuedmodel/10153/abit-sh6-motherboard,SH6 Motherboard,ABIT - SH6 Motherboard,Motherboard,"[""Intel Pentium II Intel 815e""]",Standard: 0 MB (Removable); Maximum: 512 MB,Bus Architecture: AGP / PCI,,"[""4 Socket(s)""]","[""Virtually any configuration up to 512MB can be reached using Kingston's 256MB modules.""]",,"{""Memory"": {""Standard"": ""0 MB (Removable)"", ""Maximum"": ""512 MB""}, ""Storage"": {""Bus Architecture"": ""AGP / PCI""}, ""Expansions"": {""Details"": [""4 Socket(s)""]}, ""CPU / Chipsets"": {""Details"": [""Intel Pentium II Intel 815e""]}, ""Upgrade Path"": {""Details"": [""Virtually any configuration up to 512MB can be reached using Kingston's 256MB modules.""]}}",5,extracted
Kingston,ABIT- BE7/BE7-RAID Motherboard,https://www.kingston.com/en/memory/search/discontinuedmodel/13224/abit-be7-be7-raid-motherboard,BE7/BE7-RAID Motherboard,ABIT - BE7/BE7-RAID Motherboard,Motherboard,"[""Intel Pentium 4 Intel 845PE""]",Standard: 0 MB (Removable); Maximum: 2 GB,Bus Architecture: PCI,,"[""3 Socket(s)""]","[""Virtually any configuration up to 2GB can be reached using any combination of Kingston's 512MB and 1GB modules.""]","[""This motherboard only supports 4 banks of memory. If double sided DIMMs are used, the 3rd socket is disabled."", ""Although it is physically possible to install more memory, the system will only recognize 2GB maximum.""]","{""Memory"": {""Standard"": ""0 MB (Removable)"", ""Maximum"": ""2 GB""}, ""Storage"": {""Bus Architecture"": ""PCI""}, ""Expansions"": {""Details"": [""3 Socket(s)""]}, ""CPU / Chipsets"": {""Details"": [""Intel Pentium 4 Intel 845PE""]}, ""Upgrade Path"": {""Details"": [""Virtually any configuration up to 2GB can be reached using any combination of Kingston's 512MB and 1GB modules.""]}, ""Important Configuration Notes"": {""Details"": [""This motherboard only supports 4 banks of memory. If double sided DIMMs are used, the 3rd socket is disabled."", ""Although it is physically possible to install more memory, the system will only recognize 2GB maximum.""]}}",8,extracted
Kingston,ABIT- AS8-V Motherboard,https://www.kingston.com/en/memory/search/discontinuedmodel/19976/abit-as8-v-motherboard,AS8-V Motherboard,ABIT - AS8-V Motherboard,Motherboard,"[""Intel Celeron D Intel 865PE"", ""Intel Pentium 4 Intel 865PE""]",Standard: 0 MB (Removable); Maximum: 4 GB,Bus Architecture: AGP / PCI,,"[""4 Socket(s)""]","[""Virtually any configuration up to 4GB can be reached using any combination of Kingston's 512MB and 1GB modules.""]",,"{""Memory"": {""Standard"": ""0 MB (Removable)"", ""Maximum"": ""4 GB""}, ""Storage"": {""Bus Architecture"": ""AGP / PCI""}, ""Expansions"": {""Details"": [""4 Socket(s)""]}, ""CPU / Chipsets"": {""Details"": [""Intel Celeron D Intel 865PE"", ""Intel Pentium 4 Intel 865PE""]}, ""Upgrade Path"": {""Details"": [""Virtually any configuration up to 4GB can be reached using any combination of Kingston's 512MB and 1GB modules.""]}}",8,extracted
Kingston,ABIT- KD7-B/KD7-G/KD7-S Motherboard,https://www.kingston.com/en/memory/search/discontinuedmodel/13848/abit-kd7-b-kd7-g-kd7-s-motherboard,KD7-B/KD7-G/KD7-S Motherboard,ABIT - KD7-B/KD7-G/KD7-S Motherboard,Motherboard,"[""AMD Athlon XP VIA Apollo KT400 (VT8377)""]",Standard: 0 MB (Removable); Maximum: 512 MB using 400MHz DDR modules / 2 GB using 333MHz DDR modules / 3 GB using 266MHz DDR modules,Bus Architecture: PCI,,"[""4 Socket(s)""]",Using 400MHz DDR modules:: Supports only one 512MB (double bank) module.; Using 333MHz DDR modules:: Virtually any configuration up to 2GB can be reached using any combination of Kingston's 512MB and 1GB modules.; Using 266MHz DDR modules:: Virtually any configuration up to 3GB can be reached using any combination of Kingston's 512MB and 1GB modules.,,"{""Memory"": {""Standard"": ""0 MB (Removable)"", ""Maximum"": ""512 MB using 400MHz DDR modules / 2 GB using 333MHz DDR modules / 3 GB using 266MHz DDR modules""}, ""Storage"": {""Bus Architecture"": ""PCI""}, ""Expansions"": {""Details"": [""4 Socket(s)""]}, ""CPU / Chipsets"": {""Details"": [""AMD Athlon XP VIA Apollo KT400 (VT8377)""]}, ""Upgrade Path"": {""Using 400MHz DDR modules:"": ""Supports only one 512MB (double bank) module."", ""Using 333MHz DDR modules:"": ""Virtually any configuration up to 2GB can be reached using any combination of Kingston's 512MB and 1GB modules."", ""Using 266MHz DDR modules:"": ""Virtually any configuration up to 3GB can be reached using any combination of Kingston's 512MB and 1GB modules.""}}",10,extracted
Kingston,ABIT- IS7/IS7-E Motherboards,https://www.kingston.com/en/memory/search/discontinuedmodel/15665/abit-is7-is7-e-motherboards,IS7/IS7-E Motherboards,ABIT - IS7/IS7-E Motherboards,,"[""Intel Celeron Intel 865PE"", ""Intel Pentium 4 Intel 865PE""]",Standard: 0 MB (Removable); Maximum: 4 GB,Bus Architecture: AGP / PCI,,"[""4 Socket(s)""]","[""Virtually any configuration up to 4GB can be reached using any combination of Kingston's 512MB and 1GB modules.""]",,"{""Memory"": {""Standard"": ""0 MB (Removable)"", ""Maximum"": ""4 GB""}, ""Storage"": {""Bus Architecture"": ""AGP / PCI""}, ""Expansions"": {""Details"": [""4 Socket(s)""]}, ""CPU / Chipsets"": {""Details"": [""Intel Celeron Intel 865PE"", ""Intel Pentium 4 Intel 865PE""]}, ""Upgrade Path"": {""Details"": [""Virtually any configuration up to 4GB can be reached using any combination of Kingston's 512MB and 1GB modules.""]}}",8,extracted
Kingston,ABIT- NF7-S (version 1.0) Motherboard,https://www.kingston.com/en/memory/search/model/16951/abit-nf7-s-version-1-0-motherboard,NF7-S (version 1.0) Motherboard,ABIT - NF7-S (version 1.0) Motherboard,Motherboard,"[""AMD Athlon XP Nvidia nForce2""]",Standard: 0 MB (Removable); Maximum: 3 GB,Bus Architecture: PCI / SSD - SATA 2.5-inch 9.5mm,,"[""3 Socket(s)""]","[""Virtually any configuration up to 3GB can be reached using any combination of Kingston's 512MB and 1GB modules.""]","[""MODULES MUST BE ORDERED AND INSTALLED IN PAIRS for Dual Channel mode."", ""Kingston offers 'K2' kit part numbers for Dual Channel mode.""]","{""Memory"": {""Standard"": ""0 MB (Removable)"", ""Maximum"": ""3 GB""}, ""Storage"": {""Bus Architecture"": ""PCI / SSD - SATA 2.5-inch 9.5mm""}, ""Expansions"": {""Details"": [""3 Socket(s)""]}, ""CPU / Chipsets"": {""Details"": [""AMD Athlon XP Nvidia nForce2""]}, ""Upgrade Path"": {""Details"": [""Virtually any configuration up to 3GB can be reached using any combination of Kingston's 512MB and 1GB modules.""]}, ""Important Configuration Notes"": {""Details"": [""MODULES MUST BE ORDERED AND INSTALLED IN PAIRS for Dual Channel mode."", ""Kingston offers 'K2' kit part numbers for Dual Channel mode.""]}}",49,extracted
Kingston,ABIT- LG-95Z Motherboard,https://www.kingston.com/en/memory/search/model/35407/abit-lg-95z-motherboard,LG-95Z Motherboard,ABIT - LG-95Z Motherboard,Motherboard,"[""Intel Celeron D Intel 945GZ"", ""Intel Pentium 4 Intel 945GZ"", ""Intel Pentium D Intel 945GZ""]",Standard: 0 MB (Removable); Maximum: 2 GB,Bus Architecture: PCI / PCI-X / PCI Express / SSD - SATA 2.5-inch 9.5mm,,"[""2 Socket(s)""]","[""Virtually any configuration up to 2GB can be reached using any combination of Kingston's 256, 512MB, and 1GB modules.""]","[""MODULES MUST BE ORDERED AND INSTALLED IN PAIRS for Dual Channel mode."", ""Kingston offers 'K2' kit part numbers for Dual Channel mode.""]","{""Memory"": {""Standard"": ""0 MB (Removable)"", ""Maximum"": ""2 GB""}, ""Storage"": {""Bus Architecture"": ""PCI / PCI-X / PCI Express / SSD - SATA 2.5-inch 9.5mm""}, ""Expansions"": {""Details"": [""2 Socket(s)""]}, ""CPU / Chipsets"": {""Details"": [""Intel Celeron D Intel 945GZ"", ""Intel Pentium 4 Intel 945GZ"", ""Intel Pentium D Intel 945GZ""]}, ""Upgrade Path"": {""Details"": [""Virtually any configuration up to 2GB can be reached using any combination of Kingston's 256, 512MB, and 1GB modules.""]}, ""Important Configuration Notes"": {""Details"": [""MODULES MUST BE ORDERED AND INSTALLED IN PAIRS for Dual Channel mode."", ""Kingston offers 'K2' kit part numbers for Dual Channel mode.""]}}",43,extracted
Kingston,ABIT- IB-11 Motherboard,https://www.kingston.com/en/memory/search/discontinuedmodel/17430/abit-ib-11-motherboard,IB-11 Motherboard,ABIT - IB-11 Motherboard,Motherboard,"[""Intel Pentium 4 Intel 845GE""]",Standard: 0 MB (Removable); Maximum: 2 GB,Bus Architecture: AGP / PCI,,"[""2 Socket(s)""]","[""Virtually any configuration up to 2GB can be reached using any combination of Kingston's 512MB and 1GB modules.""]",,"{""Memory"": {""Standard"": ""0 MB (Removable)"", ""Maximum"": ""2 GB""}, ""Storage"": {""Bus Architecture"": ""AGP / PCI""}, ""Expansions"": {""Details"": [""2 Socket(s)""]}, ""CPU / Chipsets"": {""Details"": [""Intel Pentium 4 Intel 845GE""]}, ""Upgrade Path"": {""Details"": [""Virtually any configuration up to 2GB can be reached using any combination of Kingston's 512MB and 1GB modules.""]}}",8,extracted
Kingston,ABIT- AN7 Motherboard,https://www.kingston.com/en/memory/search/discontinuedmodel/17236/abit-an7-motherboard,AN7 Motherboard,ABIT - AN7 Motherboard,Motherboard,"[""AMD Athlon Nvidia nForce2"", ""AMD Athlon XP Nvidia nForce2"", ""AMD Duron Nvidia nForce2""]",Standard: 0 MB (Removable); Maximum: 2 GB using 400MHz DDR modules / 3 GB using 333MHz or 266MHz DDR modules,Bus Architecture: AGP / PCI,,"[""3 Socket(s)""]",Using 400MHz DDR modules:: Virtually any configuration up to 2GB can be reached using any combination of Kingston's 512MB and 1GB modules.; Using 333MHz or 266MHz DDR modules:: Virtually any configuration up to 3GB can be reached using any combination of Kingston's 512MB and 1GB modules.,"[""This system only supports 4 banks of 400MHz DDR memory. If two double-sided DIMMs are used, the 3rd socket is disabled."", ""MODULES MUST BE ORDERED AND INSTALLED IN PAIRS for Dual Channel mode. Kingston offers 'K2' kit part numbers for Dual Channel mode.""]","{""Memory"": {""Standard"": ""0 MB (Removable)"", ""Maximum"": ""2 GB using 400MHz DDR modules / 3 GB using 333MHz or 266MHz DDR modules""}, ""Storage"": {""Bus Architecture"": ""AGP / PCI""}, ""Expansions"": {""Details"": [""3 Socket(s)""]}, ""CPU / Chipsets"": {""Details"": [""AMD Athlon Nvidia nForce2"", ""AMD Athlon XP Nvidia nForce2"", ""AMD Duron Nvidia nForce2""]}, ""Upgrade Path"": {""Using 400MHz DDR modules:"": ""Virtually any configuration up to 2GB can be reached using any combination of Kingston's 512MB and 1GB modules."", ""Using 333MHz or 266MHz DDR modules:"": ""Virtually any configuration up to 3GB can be reached using any combination of Kingston's 512MB and 1GB modules.""}, ""Important Configuration Notes"": {""Details"": [""This system only supports 4 banks of 400MHz DDR memory. If two double-sided DIMMs are used, the 3rd socket is disabled."", ""MODULES MUST BE ORDERED AND INSTALLED IN PAIRS for Dual Channel mode. Kingston offers 'K2' kit part numbers for Dual Channel mode.""]}}",14,extracted
Kingston,ABIT- AS8-3rd Eye Motherboard,https://www.kingston.com/en/memory/search/discontinuedmodel/19977/abit-as8-3rd-eye-motherboard,AS8-3rd Eye Motherboard,ABIT - AS8-3rd Eye Motherboard,Motherboard,"[""Intel Celeron D Intel 865PE"", ""Intel Pentium 4 Intel 865PE""]",Standard: 0 MB (Removable); Maximum: 4 GB,Bus Architecture: AGP / PCI,,"[""4 Socket(s)""]","[""Virtually any configuration up to 4GB can be reached using any combination of Kingston's 512MB and 1GB modules.""]",,"{""Memory"": {""Standard"": ""0 MB (Removable)"", ""Maximum"": ""4 GB""}, ""Storage"": {""Bus Architecture"": ""AGP / PCI""}, ""Expansions"": {""Details"": [""4 Socket(s)""]}, ""CPU / Chipsets"": {""Details"": [""Intel Celeron D Intel 865PE"", ""Intel Pentium 4 Intel 865PE""]}, ""Upgrade Path"": {""Details"": [""Virtually any configuration up to 4GB can be reached using any combination of Kingston's 512MB and 1GB modules.""]}}",8,extracted
Kingston,ABIT- IL9 Pro Motherboard,https://www.kingston.com/en/memory/search/model/33763/abit-il9-pro-motherboard,IL9 Pro Motherboard,ABIT - IL9 Pro Motherboard,Motherboard,"[""Intel Celeron D Intel 945P"", ""Intel Core 2 Duo Intel 945P"", ""Intel Pentium 4 Intel 945P"", ""Intel Pentium D Intel 945P""]",Standard: 0 MB (Removable); Maximum: 4 GB,Bus Architecture: PCI / PCI Express / SSD - SATA 2.5-inch 9.5mm,,"[""4 Socket(s)""]","[""Virtually any configuration up to 4GB can be reached using any combination of Kingston's 512MB and 1GB modules or kits.""]",,"{""Memory"": {""Standard"": ""0 MB (Removable)"", ""Maximum"": ""4 GB""}, ""Storage"": {""Bus Architecture"": ""PCI / PCI Express / SSD - SATA 2.5-inch 9.5mm""}, ""Expansions"": {""Details"": [""4 Socket(s)""]}, ""CPU / Chipsets"": {""Details"": [""Intel Celeron D Intel 945P"", ""Intel Core 2 Duo Intel 945P"", ""Intel Pentium 4 Intel 945P"", ""Intel Pentium D Intel 945P""]}, ""Upgrade Path"": {""Details"": [""Virtually any configuration up to 4GB can be reached using any combination of Kingston's 512MB and 1GB modules or kits.""]}}",43,extracted
Kingston,ABIT- VP6 Motherboard,https://www.kingston.com/en/memory/search/discontinuedmodel/10140/abit-vp6-motherboard,VP6 Motherboard,ABIT - VP6 Motherboard,Motherboard,"[""Intel Pentium III VIA 694X""]",Standard: 0 MB (Removable); Maximum: 2 GB,Bus Architecture: AGP / PCI,,"[""4 Socket(s)""]","[""Virtually any configuration up to 2GB can be reached using any combination of Kingston's 256 and 512MB modules.""]",,"{""Memory"": {""Standard"": ""0 MB (Removable)"", ""Maximum"": ""2 GB""}, ""Storage"": {""Bus Architecture"": ""AGP / PCI""}, ""Expansions"": {""Details"": [""4 Socket(s)""]}, ""CPU / Chipsets"": {""Details"": [""Intel Pentium III VIA 694X""]}, ""Upgrade Path"": {""Details"": [""Virtually any configuration up to 2GB can be reached using any combination of Kingston's 256 and 512MB modules.""]}}",8,extracted
Kingston,ABIT- IS7-E2G Motherboard,https://www.kingston.com/en/memory/search/discontinuedmodel/25200/abit-is7-e2g-motherboard,IS7-E2G Motherboard,ABIT - IS7-E2G Motherboard,Motherboard,"[""Intel Pentium 4 Intel 865PE""]",Standard: 0 MB (Removable); Maximum: 2 GB,Bus Architecture: AGP / PCI,,"[""2 Socket(s)""]","[""Virtually any configuration up to 2GB can be reached using any combination of Kingston's 512MB and 1GB modules.""]","[""MODULES MUST BE ORDERED AND INSTALLED IN PAIRS for Dual Channel mode."", ""Kingston offers 'K2' kit part numbers for Dual Channel mode."", ""When running at 800MHz FSB, DDR333 will clock at 320MHz only.""]","{""Memory"": {""Standard"": ""0 MB (Removable)"", ""Maximum"": ""2 GB""}, ""Storage"": {""Bus Architecture"": ""AGP / PCI""}, ""Expansions"": {""Details"": [""2 Socket(s)""]}, ""CPU / Chipsets"": {""Details"": [""Intel Pentium 4 Intel 865PE""]}, ""Upgrade Path"": {""Details"": [""Virtually any configuration up to 2GB can be reached using any combination of Kingston's 512MB and 1GB modules.""]}, ""Important Configuration Notes"": {""Details"": [""MODULES MUST BE ORDERED AND INSTALLED IN PAIRS for Dual Channel mode."", ""Kingston offers 'K2' kit part numbers for Dual Channel mode."", ""When running at 800MHz FSB, DDR333 will clock at 320MHz only.""]}}",22,extracted
Kingston,ABIT- IS7-G Motherboard,https://www.kingston.com/en/memory/search/discontinuedmodel/15423/abit-is7-g-motherboard,IS7-G Motherboard,ABIT - IS7-G Motherboard,Motherboard,"[""Intel Celeron Intel 865PE"", ""Intel Pentium 4 Intel 865PE""]",Standard: 0 MB (Removable); Maximum: 4 GB,Bus Architecture: AGP / PCI,,"[""4 Socket(s)""]","[""Virtually any configuration up to 4GB can be reached using any combination of Kingston's 512MB and 1GB modules.""]",,"{""Memory"": {""Standard"": ""0 MB (Removable)"", ""Maximum"": ""4 GB""}, ""Storage"": {""Bus Architecture"": ""AGP / PCI""}, ""Expansions"": {""Details"": [""4 Socket(s)""]}, ""CPU / Chipsets"": {""Details"": [""Intel Celeron Intel 865PE"", ""Intel Pentium 4 Intel 865PE""]}, ""Upgrade Path"": {""Details"": [""Virtually any configuration up to 4GB can be reached using any combination of Kingston's 512MB and 1GB modules.""]}}",8,extracted
Kingston,ABIT- I-45D Motherboard,https://www.kingston.com/en/memory/search/model/43050/abit-i-45d-motherboard,I-45D Motherboard,ABIT - I-45D Motherboard,Motherboard,"[""Intel Core 2 Duo Intel 945GC""]",Standard: 0 MB (Removable); Maximum: 4 GB,Bus Architecture: PCI / PCI Express / SSD - SATA 2.5-inch 9.5mm,,"[""2 Socket(s)""]","[""Virtually any configuration up to 4GB can be reached using any combination of Kingston's 512MB, 1 and 2GB modules.""]",,"{""Memory"": {""Standard"": ""0 MB (Removable)"", ""Maximum"": ""4 GB""}, ""Storage"": {""Bus Architecture"": ""PCI / PCI Express / SSD - SATA 2.5-inch 9.5mm""}, ""Expansions"": {""Details"": [""2 Socket(s)""]}, ""CPU / Chipsets"": {""Details"": [""Intel Core 2 Duo Intel 945GC""]}, ""Upgrade Path"": {""Details"": [""Virtually any configuration up to 4GB can be reached using any combination of Kingston's 512MB, 1 and 2GB modules.""]}}",53,extracted
Kingston,ABIT- CX6 Motherboard,https://www.kingston.com/en/memory/search/discontinuedmodel/9793/abit-cx6-motherboard,CX6 Motherboard,ABIT - CX6 Motherboard,Motherboard,"[""Intel Pentium III (N/A)""]",Standard: 0 MB (Removable); Maximum: 1 GB,Bus Architecture: AGP / AMR / PCI,,"[""2 Socket(s)""]","[""Virtually any configuration up to 1GB can be reached using any combination of Kingston's 512MB modules.""]",,"{""Memory"": {""Standard"": ""0 MB (Removable)"", ""Maximum"": ""1 GB""}, ""Storage"": {""Bus Architecture"": ""AGP / AMR / PCI""}, ""Expansions"": {""Details"": [""2 Socket(s)""]}, ""CPU / Chipsets"": {""Details"": [""Intel Pentium III (N/A)""]}, ""Upgrade Path"": {""Details"": [""Virtually any configuration up to 1GB can be reached using any combination of Kingston's 512MB modules.""]}}",3,extracted
Kingston,ABIT- VA-11 Motherboard,https://www.kingston.com/en/memory/search/discontinuedmodel/17152/abit-va-11-motherboard,VA-11 Motherboard,ABIT - VA-11 Motherboard,Motherboard,"[""AMD Athlon XP VIA UniChrome KM400 (VT8378)""]",Standard: 0 MB (Removable); Maximum: 2 GB,Bus Architecture: AGP / PCI,,"[""2 Socket(s)""]","[""Virtually any configuration up to 2GB can be reached using any combination of Kingston's 512MB and 1GB modules.""]",,"{""Memory"": {""Standard"": ""0 MB (Removable)"", ""Maximum"": ""2 GB""}, ""Storage"": {""Bus Architecture"": ""AGP / PCI""}, ""Expansions"": {""Details"": [""2 Socket(s)""]}, ""CPU / Chipsets"": {""Details"": [""AMD Athlon XP VIA UniChrome KM400 (VT8378)""]}, ""Upgrade Path"": {""Details"": [""Virtually any configuration up to 2GB can be reached using any combination of Kingston's 512MB and 1GB modules.""]}}",8,extracted
Kingston,ABIT- AB9 QuadGT Motherboard,https://www.kingston.com/en/memory/search/model/34559/abit-ab9-quadgt-motherboard,AB9 QuadGT Motherboard,ABIT - AB9 QuadGT Motherboard,Motherboard,"[""Intel Core 2 Duo Intel P965""]",Standard: 0 MB (Removable); Maximum: 8 GB,Bus Architecture: PCI / PCI Express / SSD - SATA 2.5-inch 9.5mm,,"[""4 Socket(s)""]","[""Virtually any configuration up to 8GB can be reached using any combination of Kingston's 512MB, 1 and 2GB modules.""]","[""MODULES MUST BE ORDERED AND INSTALLED IN PAIRS for Dual Channel mode. Kingston offers 'K2' kit part numbers for Dual Channel mode."", ""Maximum configurations require a 64-bit operating system.""]","{""Memory"": {""Standard"": ""0 MB (Removable)"", ""Maximum"": ""8 GB""}, ""Storage"": {""Bus Architecture"": ""PCI / PCI Express / SSD - SATA 2.5-inch 9.5mm""}, ""Expansions"": {""Details"": [""4 Socket(s)""]}, ""CPU / Chipsets"": {""Details"": [""Intel Core 2 Duo Intel P965""]}, ""Upgrade Path"": {""Details"": [""Virtually any configuration up to 8GB can be reached using any combination of Kingston's 512MB, 1 and 2GB modules.""]}, ""Important Configuration Notes"": {""Details"": [""MODULES MUST BE ORDERED AND INSTALLED IN PAIRS for Dual Channel mode. Kingston offers 'K2' kit part numbers for Dual Channel mode."", ""Maximum configurations require a 64-bit operating system.""]}}",59,extracted
Kingston,ABIT- IC7 Motherboard,https://www.kingston.com/en/memory/search/discontinuedmodel/15421/abit-ic7-motherboard,IC7 Motherboard,ABIT - IC7 Motherboard,Motherboard,"[""Intel Pentium 4 Intel 875P""]",Standard: 0 MB (Removable); Maximum: 4 GB,Bus Architecture: AGP / PCI,,"[""4 Socket(s)""]","[""Virtually any configuration up to 4GB can be reached using any combination of Kingston's 512MB and 1GB modules.""]","[""When mixing ECC (x72) and non-ECC (x64) modules, the system will not perform the ECC function."", ""MODULES MUST BE ORDERED AND INSTALLED IN PAIRS for Dual Channel mode."", ""All modules must be identical for Dual Channel with Dynamic Mode."", ""Kingston offers 'K2' kit part numbers for Dual Channel mode."", ""When running at 800MHz FSB, DDR333 will clock at 320MHz only.""]","{""Memory"": {""Standard"": ""0 MB (Removable)"", ""Maximum"": ""4 GB""}, ""Storage"": {""Bus Architecture"": ""AGP / PCI""}, ""Expansions"": {""Details"": [""4 Socket(s)""]}, ""CPU / Chipsets"": {""Details"": [""Intel Pentium 4 Intel 875P""]}, ""Upgrade Path"": {""Details"": [""Virtually any configuration up to 4GB can be reached using any combination of Kingston's 512MB and 1GB modules.""]}, ""Important Configuration Notes"": {""Details"": [""When mixing ECC (x72) and non-ECC (x64) modules, the system will not perform the ECC function."", ""MODULES MUST BE ORDERED AND INSTALLED IN PAIRS for Dual Channel mode."", ""All modules must be identical for Dual Channel with Dynamic Mode."", ""Kingston offers 'K2' kit part numbers for Dual Channel mode."", ""When running at 800MHz FSB, DDR333 will clock at 320MHz only.""]}}",30,extracted
Kingston,ABIT- LP-80 Motherboard,https://www.kingston.com/en/memory/search/model/24317/abit-lp-80-motherboard,LP-80 Motherboard,ABIT - LP-80 Motherboard,Motherboard,"[""Intel Pentium 4 Intel 945P"", ""Intel Pentium D Intel 945P""]",Standard: 0 MB (Removable); Maximum: 2 GB,Bus Architecture: PCI / PCI Express / SSD - SATA 2.5-inch 9.5mm,,"[""2 Socket(s)""]","[""Virtually any configuration up to 2GB can be reached using any combination of Kingston's 512MB and 1GB modules.""]","[""MODULES MUST BE ORDERED AND INSTALLED IN PAIRS for Dual Channel mode."", ""Kingston offers 'K2' kit part numbers for Dual Channel mode.""]","{""Memory"": {""Standard"": ""0 MB (Removable)"", ""Maximum"": ""2 GB""}, ""Storage"": {""Bus Architecture"": ""PCI / PCI Express / SSD - SATA 2.5-inch 9.5mm""}, ""Expansions"": {""Details"": [""2 Socket(s)""]}, ""CPU / Chipsets"": {""Details"": [""Intel Pentium 4 Intel 945P"", ""Intel Pentium D Intel 945P""]}, ""Upgrade Path"": {""Details"": [""Virtually any configuration up to 2GB can be reached using any combination of Kingston's 512MB and 1GB modules.""]}, ""Important Configuration Notes"": {""Details"": [""MODULES MUST BE ORDERED AND INSTALLED IN PAIRS for Dual Channel mode."", ""Kingston offers 'K2' kit part numbers for Dual Channel mode.""]}}",49,extracted
Kingston,ABIT- NF8-V2 Motherboard,https://www.kingston.com/en/memory/search/model/24322/abit-nf8-v2-motherboard,NF8-V2 Motherboard,ABIT - NF8-V2 Motherboard,Motherboard,"[""AMD Athlon 64 Nvidia nForce3 250"", ""AMD Sempron Nvidia nForce3 250""]",Standard: 0 MB (Removable); Maximum: 2 GB,Bus Architecture: AGP / PCI / SSD - SATA 2.5-inch 9.5mm,,"[""2 Socket(s)""]","[""Virtually any configuration up to 2GB can be reached using any combination of Kingston's 128, 256, 512MB, and 1GB modules.""]",,"{""Memory"": {""Standard"": ""0 MB (Removable)"", ""Maximum"": ""2 GB""}, ""Storage"": {""Bus Architecture"": ""AGP / PCI / SSD - SATA 2.5-inch 9.5mm""}, ""Expansions"": {""Details"": [""2 Socket(s)""]}, ""CPU / Chipsets"": {""Details"": [""AMD Athlon 64 Nvidia nForce3 250"", ""AMD Sempron Nvidia nForce3 250""]}, ""Upgrade Path"": {""Details"": [""Virtually any configuration up to 2GB can be reached using any combination of Kingston's 128, 256, 512MB, and 1GB modules.""]}}",41,extracted
Kingston,ABIT- VH6T Motherboard,https://www.kingston.com/en/memory/search/discontinuedmodel/13627/abit-vh6t-motherboard,VH6T Motherboard,ABIT - VH6T Motherboard,Motherboard,"[""Intel Pentium III VIA 694X""]",Standard: 0 MB (Removable); Maximum: 1.5 GB,Bus Architecture: AGP / AMR / ISA / PCI,,"[""3 Socket(s)""]","[""Virtually any configuration up to 1.5GB can be reached using any combination of Kingston's 256 and 512MB modules.""]",,"{""Memory"": {""Standard"": ""0 MB (Removable)"", ""Maximum"": ""1.5 GB""}, ""Storage"": {""Bus Architecture"": ""AGP / AMR / ISA / PCI""}, ""Expansions"": {""Details"": [""3 Socket(s)""]}, ""CPU / Chipsets"": {""Details"": [""Intel Pentium III VIA 694X""]}, ""Upgrade Path"": {""Details"": [""Virtually any configuration up to 1.5GB can be reached using any combination of Kingston's 256 and 512MB modules.""]}}",8,extracted
Kingston,ABIT- BX133-RAID Motherboard,https://www.kingston.com/en/memory/search/discontinuedmodel/9778/abit-bx133-raid-motherboard,BX133-RAID Motherboard,ABIT - BX133-RAID Motherboard,Motherboard,,Standard: 0 MB (Removable); Maximum: 768 MB,Bus Architecture: AGP / ISA / PCI,,"[""3 Socket(s)""]","[""Virtually any configuration up to 768MB can be reached using Kingston's 256MB modules.""]",,"{""Memory"": {""Standard"": ""0 MB (Removable)"", ""Maximum"": ""768 MB""}, ""Storage"": {""Bus Architecture"": ""AGP / ISA / PCI""}, ""Expansions"": {""Details"": [""3 Socket(s)""]}, ""Upgrade Path"": {""Details"": [""Virtually any configuration up to 768MB can be reached using Kingston's 256MB modules.""]}}",6,extracted
Kingston,ABIT- IS7-V Motherboard,https://www.kingston.com/en/memory/search/discontinuedmodel/16998/abit-is7-v-motherboard,IS7-V Motherboard,ABIT - IS7-V Motherboard,Motherboard,"[""Intel Pentium 4 Intel 848P""]",Standard: 0 MB (Removable); Maximum: 2 GB,Bus Architecture: AGP / PCI,,"[""2 Socket(s)""]","[""Virtually any configuration up to 2GB can be reached using any combination of Kingston's 256, 512MB, and 1GB modules.""]",,"{""Memory"": {""Standard"": ""0 MB (Removable)"", ""Maximum"": ""2 GB""}, ""Storage"": {""Bus Architecture"": ""AGP / PCI""}, ""Expansions"": {""Details"": [""2 Socket(s)""]}, ""CPU / Chipsets"": {""Details"": [""Intel Pentium 4 Intel 848P""]}, ""Upgrade Path"": {""Details"": [""Virtually any configuration up to 2GB can be reached using any combination of Kingston's 256, 512MB, and 1GB modules.""]}}",6,extracted
Kingston,ABIT- AN52 V2.0 Motherboard,https://www.kingston.com/en/memory/search/model/43052/abit-an52-v2-0-motherboard,AN52 V2.0 Motherboard,ABIT - AN52 V2.0 Motherboard,Motherboard,,Standard: 0 MB (Removable); Maximum: 8 GB,Bus Architecture: PCI / PCI Express / SSD - SATA 2.5-inch 9.5mm,,"[""4 Socket(s)""]","[""Virtually any configuration up to 8GB can be reached using any combination of Kingston's 1 and 2GB modules.""]","[""MODULES MUST BE ORDERED AND INSTALLED IN PAIRS for Dual Channel mode. Kingston offers 'K2' kit part numbers for Dual Channel mode."", "".""]","{""Memory"": {""Standard"": ""0 MB (Removable)"", ""Maximum"": ""8 GB""}, ""Storage"": {""Bus Architecture"": ""PCI / PCI Express / SSD - SATA 2.5-inch 9.5mm""}, ""Expansions"": {""Details"": [""4 Socket(s)""]}, ""Upgrade Path"": {""Details"": [""Virtually any configuration up to 8GB can be reached using any combination of Kingston's 1 and 2GB modules.""]}, ""Important Configuration Notes"": {""Details"": [""MODULES MUST BE ORDERED AND INSTALLED IN PAIRS for Dual Channel mode. Kingston offers 'K2' kit part numbers for Dual Channel mode."", "".""]}}",49,extracted
Kingston,ABIT- AN8 Motherboard,https://www.kingston.com/en/memory/search/discontinuedmodel/22328/abit-an8-motherboard,AN8 Motherboard,ABIT - AN8 Motherboard,Motherboard,"[""AMD Athlon 64 FX (939-pin) Nvidia nForce4 Ultra""]",Standard: 0 MB (Removable); Maximum: 2 GB using 400MHz DDR modules / 4 GB using 333MHz or 266MHz DDR modules,Bus Architecture: PCI / USB 2.0/3.x Type-A / PCI Express,,"[""4 Socket(s)""]",Using 333MHz DDR Modules:: Virtually any configuration up to 4GB can be reached using any combination of Kingston's 512MB and 1GB modules.,,"{""Memory"": {""Standard"": ""0 MB (Removable)"", ""Maximum"": ""2 GB using 400MHz DDR modules / 4 GB using 333MHz or 266MHz DDR modules""}, ""Storage"": {""Bus Architecture"": ""PCI / USB 2.0/3.x Type-A / PCI Express""}, ""Expansions"": {""Details"": [""4 Socket(s)""]}, ""CPU / Chipsets"": {""Details"": [""AMD Athlon 64 FX (939-pin) Nvidia nForce4 Ultra""]}, ""Upgrade Path"": {""Using 333MHz DDR Modules:"": ""Virtually any configuration up to 4GB can be reached using any combination of Kingston's 512MB and 1GB modules.""}}",20,extracted
Kingston,ABIT- KT7A-RAID Motherboard,https://www.kingston.com/en/memory/search/discontinuedmodel/13477/abit-kt7a-raid-motherboard,KT7A-RAID Motherboard,ABIT - KT7A-RAID Motherboard,Motherboard,"[""AMD Athlon VIA Apollo KT133A (VT8363A)"", ""AMD Duron VIA Apollo KT133A (VT8363A)""]",Standard: 0 MB (Removable); Maximum: 1.5 GB,Bus Architecture: AGP / ISA / PCI,,"[""3 Socket(s)""]","[""Virtually any configuration up to 1.5GB can be reached using any combination of Kingston's 256 and 512MB modules.""]",,"{""Memory"": {""Standard"": ""0 MB (Removable)"", ""Maximum"": ""1.5 GB""}, ""Storage"": {""Bus Architecture"": ""AGP / ISA / PCI""}, ""Expansions"": {""Details"": [""3 Socket(s)""]}, ""CPU / Chipsets"": {""Details"": [""AMD Athlon VIA Apollo KT133A (VT8363A)"", ""AMD Duron VIA Apollo KT133A (VT8363A)""]}, ""Upgrade Path"": {""Details"": [""Virtually any configuration up to 1.5GB can be reached using any combination of Kingston's 256 and 512MB modules.""]}}",4,extracted
Kingston,ABIT- NV8 Motherboard,https://www.kingston.com/en/memory/search/model/25885/abit-nv8-motherboard,NV8 Motherboard,ABIT - NV8 Motherboard,Motherboard,"[""AMD Athlon 64 Nvidia nForce4-4X"", ""AMD Sempron Nvidia nForce4-4X""]",Standard: 0 MB (Removable); Maximum: 2 GB,Bus Architecture: PCI / PCI Express / SSD - SATA 2.5-inch 9.5mm,,"[""2 Socket(s)""]","[""Virtually any configuration up to 2GB can be reached using any combination of Kingston's 128, 256, 512MB, and 1GB modules.""]",,"{""Memory"": {""Standard"": ""0 MB (Removable)"", ""Maximum"": ""2 GB""}, ""Storage"": {""Bus Architecture"": ""PCI / PCI Express / SSD - SATA 2.5-inch 9.5mm""}, ""Expansions"": {""Details"": [""2 Socket(s)""]}, ""CPU / Chipsets"": {""Details"": [""AMD Athlon 64 Nvidia nForce4-4X"", ""AMD Sempron Nvidia nForce4-4X""]}, ""Upgrade Path"": {""Details"": [""Virtually any configuration up to 2GB can be reached using any combination of Kingston's 128, 256, 512MB, and 1GB modules.""]}}",41,extracted
Kingston,ABIT- AA8-3rd Eye Motherboard,https://www.kingston.com/en/memory/search/model/19459/abit-aa8-3rd-eye-motherboard,AA8-3rd Eye Motherboard,ABIT - AA8-3rd Eye Motherboard,Motherboard,"[""Intel Pentium 4 Intel 925X""]",Standard: 0 MB (Removable); Maximum: 8 GB,Bus Architecture: PCI / PCI Express / SSD - SATA 2.5-inch 9.5mm,,"[""4 Socket(s)""]","[""Virtually any configuration up to 8GB can be reached using any combination of Kingston's 256, 512MB, 1GB, and 2GB modules or kits.""]","[""MODULES MUST BE ORDERED AND INSTALLED IN PAIRS for Dual Channel mode. Kingston offers 'K2' kit part numbers for Dual Channel mode."", ""If 4GB is installed, the recognized memory may be reduced to 3.5GB or less (depending on system configuration and memory allocation)."", ""Maximum configurations require a 64-bit operating system.""]","{""Memory"": {""Standard"": ""0 MB (Removable)"", ""Maximum"": ""8 GB""}, ""Storage"": {""Bus Architecture"": ""PCI / PCI Express / SSD - SATA 2.5-inch 9.5mm""}, ""Expansions"": {""Details"": [""4 Socket(s)""]}, ""CPU / Chipsets"": {""Details"": [""Intel Pentium 4 Intel 925X""]}, ""Upgrade Path"": {""Details"": [""Virtually any configuration up to 8GB can be reached using any combination of Kingston's 256, 512MB, 1GB, and 2GB modules or kits.""]}, ""Important Configuration Notes"": {""Details"": [""MODULES MUST BE ORDERED AND INSTALLED IN PAIRS for Dual Channel mode. Kingston offers 'K2' kit part numbers for Dual Channel mode."", ""If 4GB is installed, the recognized memory may be reduced to 3.5GB or less (depending on system configuration and memory allocation)."", ""Maximum configurations require a 64-bit operating system.""]}}",51,extracted
Kingston,ABIT- I-N73H Motherboard,https://www.kingston.com/en/memory/search/model/42703/abit-i-n73h-motherboard,I-N73H Motherboard,ABIT - I-N73H Motherboard,Motherboard,"[""Intel Core 2 Duo Nvidia GeForce 7100"", ""Intel Core 2 Extreme Nvidia GeForce 7100"", ""Intel Core 2 Quad Nvidia GeForce 7100"", ""Intel Pentium Dual Core Nvidia GeForce 7100""]",Standard: 0 MB (Removable); Maximum: 4 GB,Bus Architecture: PCI / PCI Express / SSD - SATA 2.5-inch 9.5mm,,"[""2 Socket(s)""]","[""Virtually any configuration up to 4GB can be reached using any combination of Kingston's 1 and 2GB modules or kits.""]",,"{""Memory"": {""Standard"": ""0 MB (Removable)"", ""Maximum"": ""4 GB""}, ""Storage"": {""Bus Architecture"": ""PCI / PCI Express / SSD - SATA 2.5-inch 9.5mm""}, ""Expansions"": {""Details"": [""2 Socket(s)""]}, ""CPU / Chipsets"": {""Details"": [""Intel Core 2 Duo Nvidia GeForce 7100"", ""Intel Core 2 Extreme Nvidia GeForce 7100"", ""Intel Core 2 Quad Nvidia GeForce 7100"", ""Intel Pentium Dual Core Nvidia GeForce 7100""]}, ""Upgrade Path"": {""Details"": [""Virtually any configuration up to 4GB can be reached using any combination of Kingston's 1 and 2GB modules or kits.""]}}",43,extracted
Kingston,ABIT- AX8 (version 2.0) Motherboard,https://www.kingston.com/en/memory/search/discontinuedmodel/25181/abit-ax8-version-2-0-motherboard,AX8 (version 2.0) Motherboard,ABIT - AX8 (version 2.0) Motherboard,Motherboard,"[""AMD Athlon 64 VIA K8T890"", ""AMD Athlon 64 FX (939-pin) VIA K8T890""]",Standard: 0 MB (Removable); Maximum: 2.5 GB using 400MHz DDR modules / 4 GB using 333MHz or 266MHz DDR modules / 8 GB using 2GB modules,Bus Architecture: PCI / PCI Express,,"[""4 Socket(s)""]",Using 333MHz or 266MHz DDR modules:: Virtually any configuration up to 4GB can be reached using any combination of Kingston's 512MB and 1GB modules.,"[""MODULES MUST BE ORDERED AND INSTALLED IN PAIRS for Dual Channel mode. Kingston offers 'K2' kit part numbers for Dual Channel mode."", ""This system supports six ranks of DDR400 memory. 1GB and 512MB modules are dual-rank, 256 and 128MB modules are single-rank. Maximum configuration is achieved with two 1GB and two 256MB modules.""]","{""Memory"": {""Standard"": ""0 MB (Removable)"", ""Maximum"": ""2.5 GB using 400MHz DDR modules / 4 GB using 333MHz or 266MHz DDR modules / 8 GB using 2GB modules""}, ""Storage"": {""Bus Architecture"": ""PCI / PCI Express""}, ""Expansions"": {""Details"": [""4 Socket(s)""]}, ""CPU / Chipsets"": {""Details"": [""AMD Athlon 64 VIA K8T890"", ""AMD Athlon 64 FX (939-pin) VIA K8T890""]}, ""Upgrade Path"": {""Using 333MHz or 266MHz DDR modules:"": ""Virtually any configuration up to 4GB can be reached using any combination of Kingston's 512MB and 1GB modules.""}, ""Important Configuration Notes"": {""Details"": [""MODULES MUST BE ORDERED AND INSTALLED IN PAIRS for Dual Channel mode. Kingston offers 'K2' kit part numbers for Dual Channel mode."", ""This system supports six ranks of DDR400 memory. 1GB and 512MB modules are dual-rank, 256 and 128MB modules are single-rank. Maximum configuration is achieved with two 1GB and two 256MB modules.""]}}",22,extracted
Kingston,ABIT- LM6 Motherboard,https://www.kingston.com/en/memory/search/discontinuedmodel/9790/abit-lm6-motherboard,LM6 Motherboard,ABIT - LM6 Motherboard,Motherboard,"[""Intel Pentium II (N/A)""]",Standard: 0 MB (Removable); Maximum: 512 MB,Bus Architecture: ISA / PCI,,"[""4 Socket(s)""]","[""Virtually any configuration up to 512MB can be reached using any combination of Kingston's 64 and 128MB modules.""]",,"{""Memory"": {""Standard"": ""0 MB (Removable)"", ""Maximum"": ""512 MB""}, ""Storage"": {""Bus Architecture"": ""ISA / PCI""}, ""Expansions"": {""Details"": [""4 Socket(s)""]}, ""CPU / Chipsets"": {""Details"": [""Intel Pentium II (N/A)""]}, ""Upgrade Path"": {""Details"": [""Virtually any configuration up to 512MB can be reached using any combination of Kingston's 64 and 128MB modules.""]}}",4,extracted
Kingston,ABIT- BH7-E Motherboard,https://www.kingston.com/en/memory/search/discontinuedmodel/15664/abit-bh7-e-motherboard,BH7-E Motherboard,ABIT - BH7-E Motherboard,Motherboard,"[""Intel Celeron Intel 845PE"", ""Intel Pentium 4 Intel 845PE""]",Standard: 0 MB (Removable); Maximum: 2 GB,Bus Architecture: AGP / PCI,,"[""3 Socket(s)""]","[""Virtually any configuration up to 2GB can be reached using any combination of Kingston's 512MB and 1GB modules.""]",,"{""Memory"": {""Standard"": ""0 MB (Removable)"", ""Maximum"": ""2 GB""}, ""Storage"": {""Bus Architecture"": ""AGP / PCI""}, ""Expansions"": {""Details"": [""3 Socket(s)""]}, ""CPU / Chipsets"": {""Details"": [""Intel Celeron Intel 845PE"", ""Intel Pentium 4 Intel 845PE""]}, ""Upgrade Path"": {""Details"": [""Virtually any configuration up to 2GB can be reached using any combination of Kingston's 512MB and 1GB modules.""]}}",8,extracted
Kingston,ABIT- KT7E Motherboard,https://www.kingston.com/en/memory/search/discontinuedmodel/15662/abit-kt7e-motherboard,KT7E Motherboard,ABIT - KT7E Motherboard,Motherboard,"[""AMD Athlon VIA Apollo KT133E (VT8363E)"", ""AMD Duron VIA Apollo KT133E (VT8363E)""]",Standard: 0 MB (Removable); Maximum: 1.5 GB,Bus Architecture: AGP / ISA / PCI,,"[""3 Socket(s)""]","[""Virtually any configuration up to 1.5GB can be reached using any combination of Kingston's 256 and 512MB modules.""]",,"{""Memory"": {""Standard"": ""0 MB (Removable)"", ""Maximum"": ""1.5 GB""}, ""Storage"": {""Bus Architecture"": ""AGP / ISA / PCI""}, ""Expansions"": {""Details"": [""3 Socket(s)""]}, ""CPU / Chipsets"": {""Details"": [""AMD Athlon VIA Apollo KT133E (VT8363E)"", ""AMD Duron VIA Apollo KT133E (VT8363E)""]}, ""Upgrade Path"": {""Details"": [""Virtually any configuration up to 1.5GB can be reached using any combination of Kingston's 256 and 512MB modules.""]}}",4,extracted
Kingston,ABIT- IP-95 Motherboard,https://www.kingston.com/en/memory/search/model/34623/abit-ip-95-motherboard,IP-95 Motherboard,ABIT - IP-95 Motherboard,Motherboard,"[""Intel Celeron D VIA P4M890"", ""Intel Core 2 Duo VIA P4M890"", ""Intel Pentium 4 VIA P4M890"", ""Intel Pentium D VIA P4M890""]",Standard: 0 MB (Removable); Maximum: 4 GB using DDR2 533 Memory,Bus Architecture: PCI Express / SSD - SATA 2.5-inch 9.5mm,,"[""2 Socket(s)""]","[""Virtually any configuration up to 4GB can be reached using any combination of Kingston's 256, 512MB, and 1GB modules.""]",,"{""Memory"": {""Standard"": ""0 MB (Removable)"", ""Maximum"": ""4 GB using DDR2 533 Memory""}, ""Storage"": {""Bus Architecture"": ""PCI Express / SSD - SATA 2.5-inch 9.5mm""}, ""Expansions"": {""Details"": [""2 Socket(s)""]}, ""CPU / Chipsets"": {""Details"": [""Intel Celeron D VIA P4M890"", ""Intel Core 2 Duo VIA P4M890"", ""Intel Pentium 4 VIA P4M890"", ""Intel Pentium D VIA P4M890""]}, ""Upgrade Path"": {""Details"": [""Virtually any configuration up to 4GB can be reached using any combination of Kingston's 256, 512MB, and 1GB modules.""]}}",43,extracted
Kingston,ABIT- ZM6 Motherboard,https://www.kingston.com/en/memory/search/discontinuedmodel/9782/abit-zm6-motherboard,ZM6 Motherboard,ABIT - ZM6 Motherboard,Motherboard,"[""Intel Celeron Intel 440ZX""]",Standard: 0 MB (Removable); Maximum: 256 MB,Bus Architecture: AGP / ISA / PCI,,"[""3 Socket(s)""]","[""Virtually any configuration up to 256MB can be reached using any combination of Kingston's 64 and 128MB modules.""]",,"{""Memory"": {""Standard"": ""0 MB (Removable)"", ""Maximum"": ""256 MB""}, ""Storage"": {""Bus Architecture"": ""AGP / ISA / PCI""}, ""Expansions"": {""Details"": [""3 Socket(s)""]}, ""CPU / Chipsets"": {""Details"": [""Intel Celeron Intel 440ZX""]}, ""Upgrade Path"": {""Details"": [""Virtually any configuration up to 256MB can be reached using any combination of Kingston's 64 and 128MB modules.""]}}",2,extracted
Kingston,ABIT- AA8 DuraMax Motherboard,https://www.kingston.com/en/memory/search/model/19207/abit-aa8-duramax-motherboard,AA8 DuraMax Motherboard,ABIT - AA8 DuraMax Motherboard,Motherboard,"[""Intel Pentium 4 Intel 925X""]",Standard: 0 MB (Removable); Maximum: 8 GB,Bus Architecture: PCI / PCI Express / SSD - SATA 2.5-inch 9.5mm,,"[""4 Socket(s)""]","[""Virtually any configuration up to 8GB can be reached using any combination of Kingston's 256, 512MB, 1GB, and 2GB modules or kits.""]","[""MODULES MUST BE ORDERED AND INSTALLED IN PAIRS for Dual Channel mode. Kingston offers 'K2' kit part numbers for Dual Channel mode."", ""If 4GB is installed, the recognized memory may be reduced to 3.5GB or less (depending on system configuration and memory allocation)."", ""Maximum configurations require a 64-bit operating system.""]","{""Memory"": {""Standard"": ""0 MB (Removable)"", ""Maximum"": ""8 GB""}, ""Storage"": {""Bus Architecture"": ""PCI / PCI Express / SSD - SATA 2.5-inch 9.5mm""}, ""Expansions"": {""Details"": [""4 Socket(s)""]}, ""CPU / Chipsets"": {""Details"": [""Intel Pentium 4 Intel 925X""]}, ""Upgrade Path"": {""Details"": [""Virtually any configuration up to 8GB can be reached using any combination of Kingston's 256, 512MB, 1GB, and 2GB modules or kits.""]}, ""Important Configuration Notes"": {""Details"": [""MODULES MUST BE ORDERED AND INSTALLED IN PAIRS for Dual Channel mode. Kingston offers 'K2' kit part numbers for Dual Channel mode."", ""If 4GB is installed, the recognized memory may be reduced to 3.5GB or less (depending on system configuration and memory allocation)."", ""Maximum configurations require a 64-bit operating system.""]}}",51,extracted
Kingston,ABIT- KD7/KD7-RAID Motherboard,https://www.kingston.com/en/memory/search/discontinuedmodel/12912/abit-kd7-kd7-raid-motherboard,KD7/KD7-RAID Motherboard,ABIT - KD7/KD7-RAID Motherboard,Motherboard,"[""AMD Athlon XP VIA Apollo KT400 (VT8377)""]",Standard: 0 MB (Removable); Maximum: 512 MB using 400MHz DDR modules / 2 GB using 333MHz DDR modules / 3 GB using 266MHz DDR modules,Bus Architecture: PCI,,"[""4 Socket(s)""]",Using 400MHz DDR modules:: Supports only one 512MB (double bank) module.; Using 333MHz DDR modules:: Virtually any configuration up to 2GB can be reached using any combination of Kingston's 512MB and 1GB modules.; Using 266MHz DDR modules:: Virtually any configuration up to 3GB can be reached using any combination of Kingston's 512MB and 1GB modules.,,"{""Memory"": {""Standard"": ""0 MB (Removable)"", ""Maximum"": ""512 MB using 400MHz DDR modules / 2 GB using 333MHz DDR modules / 3 GB using 266MHz DDR modules""}, ""Storage"": {""Bus Architecture"": ""PCI""}, ""Expansions"": {""Details"": [""4 Socket(s)""]}, ""CPU / Chipsets"": {""Details"": [""AMD Athlon XP VIA Apollo KT400 (VT8377)""]}, ""Upgrade Path"": {""Using 400MHz DDR modules:"": ""Supports only one 512MB (double bank) module."", ""Using 333MHz DDR modules:"": ""Virtually any configuration up to 2GB can be reached using any combination of Kingston's 512MB and 1GB modules."", ""Using 266MHz DDR modules:"": ""Virtually any configuration up to 3GB can be reached using any combination of Kingston's 512MB and 1GB modules.""}}",10,extracted
Kingston,ABIT- KV8-MAX3 Motherboard,https://www.kingston.com/en/memory/search/model/16996/abit-kv8-max3-motherboard,KV8-MAX3 Motherboard,ABIT - KV8-MAX3 Motherboard,Motherboard,"[""AMD Athlon 64 VIA Apollo K8T800 (VT8385)""]",Standard: 0 MB (Removable); Maximum: 2 GB using 400MHz DDR modules / 3 GB using 333MHz DDR modules,Bus Architecture: AGP / PCI / SSD - SATA 3.5-inch,,"[""3 Socket(s)""]",Using 400MHz DDR modules:: Virtually any configuration up to 2GB can be reached using any combination of Kingston's 512MB and 1GB modules.; Using 333MHz DDR modules:: Virtually any configuration up to 3GB can be reached using any combination of Kingston's 512MB and 1GB modules.,"[""This system only supports 4 banks of DDR400 memory. If two double-sided DIMMs are used, the 3rd socket is disabled."", ""Although it is physically possible to install more memory, the system will only recognize 2GB maximum."", ""This motherboard supports both ECC and non-ECC memory. When mixing ECC and non-ECC modules, the system will not perform the ECC function.""]","{""Memory"": {""Standard"": ""0 MB (Removable)"", ""Maximum"": ""2 GB using 400MHz DDR modules / 3 GB using 333MHz DDR modules""}, ""Storage"": {""Bus Architecture"": ""AGP / PCI / SSD - SATA 3.5-inch""}, ""Expansions"": {""Details"": [""3 Socket(s)""]}, ""CPU / Chipsets"": {""Details"": [""AMD Athlon 64 VIA Apollo K8T800 (VT8385)""]}, ""Upgrade Path"": {""Using 400MHz DDR modules:"": ""Virtually any configuration up to 2GB can be reached using any combination of Kingston's 512MB and 1GB modules."", ""Using 333MHz DDR modules:"": ""Virtually any configuration up to 3GB can be reached using any combination of Kingston's 512MB and 1GB modules.""}, ""Important Configuration Notes"": {""Details"": [""This system only supports 4 banks of DDR400 memory. If two double-sided DIMMs are used, the 3rd socket is disabled."", ""Although it is physically possible to install more memory, the system will only recognize 2GB maximum."", ""This motherboard supports both ECC and non-ECC memory. When mixing ECC and non-ECC modules, the system will not perform the ECC function.""]}}",51,extracted
Kingston,ABIT- SD7-533 Motherboard,https://www.kingston.com/en/memory/search/discontinuedmodel/15663/abit-sd7-533-motherboard,SD7-533 Motherboard,ABIT - SD7-533 Motherboard,Motherboard,"[""Intel Celeron SiS 645"", ""Intel Pentium 4 SiS 645""]",Standard: 0 MB (Removable); Maximum: 2 GB using 333MHz DDR modules / 3 GB using 266MHz DDR modules,Bus Architecture: AGP / PCI,,"[""3 Socket(s)""]",Using 266MHz DDR modules:: Virtually any configuration up to 3GB can be reached using any combination of Kingston's 512MB and 1GB modules.; Using 333MHz DDR modules:: Virtually any configuration up to 2GB can be reached using any combination of Kingston's 512MB and 1GB modules.,,"{""Memory"": {""Standard"": ""0 MB (Removable)"", ""Maximum"": ""2 GB using 333MHz DDR modules / 3 GB using 266MHz DDR modules""}, ""Storage"": {""Bus Architecture"": ""AGP / PCI""}, ""Expansions"": {""Details"": [""3 Socket(s)""]}, ""CPU / Chipsets"": {""Details"": [""Intel Celeron SiS 645"", ""Intel Pentium 4 SiS 645""]}, ""Upgrade Path"": {""Using 266MHz DDR modules:"": ""Virtually any configuration up to 3GB can be reached using any combination of Kingston's 512MB and 1GB modules."", ""Using 333MHz DDR modules:"": ""Virtually any configuration up to 2GB can be reached using any combination of Kingston's 512MB and 1GB modules.""}}",8,extracted
Kingston,ABIT- IT7-MAX2 V2.0 Motherboard,https://www.kingston.com/en/memory/search/discontinuedmodel/13615/abit-it7-max2-v2-0-motherboard,IT7-MAX2 V2.0 Motherboard,ABIT - IT7-MAX2 V2.0 Motherboard,Motherboard,"[""Intel Pentium 4 Intel 845PE""]",Standard: 0 MB (Removable); Maximum: 2 GB,Bus Architecture: PCI,,"[""3 Socket(s)""]","[""Virtually any configuration up to 2GB can be reached using any combination of Kingston's 512MB and 1GB modules.""]","[""This motherboard only supports 4 banks of memory. If double sided DIMMs are used, the 3rd socket is disabled."", ""Although it is physically possible to install more memory, the system will only recognize 2GB maximum.""]","{""Memory"": {""Standard"": ""0 MB (Removable)"", ""Maximum"": ""2 GB""}, ""Storage"": {""Bus Architecture"": ""PCI""}, ""Expansions"": {""Details"": [""3 Socket(s)""]}, ""CPU / Chipsets"": {""Details"": [""Intel Pentium 4 Intel 845PE""]}, ""Upgrade Path"": {""Details"": [""Virtually any configuration up to 2GB can be reached using any combination of Kingston's 512MB and 1GB modules.""]}, ""Important Configuration Notes"": {""Details"": [""This motherboard only supports 4 banks of memory. If double sided DIMMs are used, the 3rd socket is disabled."", ""Although it is physically possible to install more memory, the system will only recognize 2GB maximum.""]}}",8,extracted
Kingston,ABIT- KT7A Motherboard,https://www.kingston.com/en/memory/search/discontinuedmodel/13476/abit-kt7a-motherboard,KT7A Motherboard,ABIT - KT7A Motherboard,Motherboard,"[""AMD Athlon VIA Apollo KT133A (VT8363A)"", ""AMD Duron VIA Apollo KT133A (VT8363A)""]",Standard: 0 MB (Removable); Maximum: 1.5 GB,Bus Architecture: AGP / ISA / PCI,,"[""3 Socket(s)""]","[""Virtually any configuration up to 1.5GB can be reached using any combination of Kingston's 256 and 512MB modules.""]",,"{""Memory"": {""Standard"": ""0 MB (Removable)"", ""Maximum"": ""1.5 GB""}, ""Storage"": {""Bus Architecture"": ""AGP / ISA / PCI""}, ""Expansions"": {""Details"": [""3 Socket(s)""]}, ""CPU / Chipsets"": {""Details"": [""AMD Athlon VIA Apollo KT133A (VT8363A)"", ""AMD Duron VIA Apollo KT133A (VT8363A)""]}, ""Upgrade Path"": {""Details"": [""Virtually any configuration up to 1.5GB can be reached using any combination of Kingston's 256 and 512MB modules.""]}}",4,extracted
Kingston,ABIT- KR7A Motherboard,https://www.kingston.com/en/memory/search/discontinuedmodel/13227/abit-kr7a-motherboard,KR7A Motherboard,ABIT - KR7A Motherboard,Motherboard,"[""AMD Athlon VIA Apollo KT266A (VT8366A)"", ""AMD Athlon XP VIA Apollo KT266A (VT8366A)""]",Standard: 0 MB (Removable); Maximum: 3 GB using unbuffered modules / 3.5 GB using Registered modules,Bus Architecture: PCI,,"[""4 Socket(s)""]",Using unbuffered modules:: Virtually any configuration up to 3GB can be reached using any combination of Kingston's 512MB and 1GB modules.; Using Registered modules:: Virtually any configuration up to 3.5GB can be reached using any combination of Kingston's 512MB and 1GB modules.,"[""KVR266X72RC25/512D and /1GD are the only Registered parts Kingston is supporting on this motherboard, due to the fact that this chipset requires x8 or x16 DRAM only. The KVR266X72RC25/512D and /1GB are built specifically for this reason using only x8 DRAM"", ""Registered and unbuffered modules CANNOT be mixed."", ""Although it is physically possible to install more memory, the system will only recognize 3GB using unbuffered memory or 3.5GB using Registered memory.""]","{""Memory"": {""Standard"": ""0 MB (Removable)"", ""Maximum"": ""3 GB using unbuffered modules / 3.5 GB using Registered modules""}, ""Storage"": {""Bus Architecture"": ""PCI""}, ""Expansions"": {""Details"": [""4 Socket(s)""]}, ""CPU / Chipsets"": {""Details"": [""AMD Athlon VIA Apollo KT266A (VT8366A)"", ""AMD Athlon XP VIA Apollo KT266A (VT8366A)""]}, ""Upgrade Path"": {""Using unbuffered modules:"": ""Virtually any configuration up to 3GB can be reached using any combination of Kingston's 512MB and 1GB modules."", ""Using Registered modules:"": ""Virtually any configuration up to 3.5GB can be reached using any combination of Kingston's 512MB and 1GB modules.""}, ""Important Configuration Notes"": {""Details"": [""KVR266X72RC25/512D and /1GD are the only Registered parts Kingston is supporting on this motherboard, due to the fact that this chipset requires x8 or x16 DRAM only. The KVR266X72RC25/512D and /1GB are built specifically for this reason using only x8 DRAM"", ""Registered and unbuffered modules CANNOT be mixed."", ""Although it is physically possible to install more memory, the system will only recognize 3GB using unbuffered memory or 3.5GB using Registered memory.""]}}",6,extracted
Kingston,ABIT- LG-80 Motherboard,https://www.kingston.com/en/memory/search/model/24321/abit-lg-80-motherboard,LG-80 Motherboard,ABIT - LG-80 Motherboard,Motherboard,"[""Intel Pentium 4 Intel 945G"", ""Intel Pentium D Intel 945G""]",Standard: 0 MB (Removable); Maximum: 2 GB,Bus Architecture: PCI / PCI Express / SSD - SATA 2.5-inch 9.5mm,,"[""2 Socket(s)""]","[""Virtually any configuration up to 2GB can be reached using any combination of Kingston's 512MB and 1GB modules.""]","[""MODULES MUST BE ORDERED AND INSTALLED IN PAIRS for Dual Channel mode."", ""Kingston offers 'K2' kit part numbers for Dual Channel mode.""]","{""Memory"": {""Standard"": ""0 MB (Removable)"", ""Maximum"": ""2 GB""}, ""Storage"": {""Bus Architecture"": ""PCI / PCI Express / SSD - SATA 2.5-inch 9.5mm""}, ""Expansions"": {""Details"": [""2 Socket(s)""]}, ""CPU / Chipsets"": {""Details"": [""Intel Pentium 4 Intel 945G"", ""Intel Pentium D Intel 945G""]}, ""Upgrade Path"": {""Details"": [""Virtually any configuration up to 2GB can be reached using any combination of Kingston's 512MB and 1GB modules.""]}, ""Important Configuration Notes"": {""Details"": [""MODULES MUST BE ORDERED AND INSTALLED IN PAIRS for Dual Channel mode."", ""Kingston offers 'K2' kit part numbers for Dual Channel mode.""]}}",49,extracted
Kingston,ABIT- AN8 V2.0 Motherboard,https://www.kingston.com/en/memory/search/discontinuedmodel/24056/abit-an8-v2-0-motherboard,AN8 V2.0 Motherboard,ABIT - AN8 V2.0 Motherboard,Motherboard,"[""AMD Athlon 64 Nvidia nForce4 Ultra"", ""AMD Athlon 64 FX (939-pin) Nvidia nForce4 Ultra""]",Standard: 0 MB (Removable); Maximum: 2 GB with current Kingston 400MHz DDR modules / 4 GB with release of 1GB single rank 400MHz module,Bus Architecture: PCI / PCI Express,,"[""4 Socket(s)""]",,"[""MODULES MUST BE ORDERED AND INSTALLED IN PAIRS for Dual Channel mode."", ""Kingston offers 'K2' kit part numbers for Dual Channel mode."", ""This motherboard only supports 4 ranks of DDR400 memory. If two double-ranked DIMMs are used, the 3rd and 4th sockets are disabled.""]","{""Memory"": {""Standard"": ""0 MB (Removable)"", ""Maximum"": ""2 GB with current Kingston 400MHz DDR modules / 4 GB with release of 1GB single rank 400MHz module""}, ""Storage"": {""Bus Architecture"": ""PCI / PCI Express""}, ""Expansions"": {""Details"": [""4 Socket(s)""]}, ""CPU / Chipsets"": {""Details"": [""AMD Athlon 64 Nvidia nForce4 Ultra"", ""AMD Athlon 64 FX (939-pin) Nvidia nForce4 Ultra""]}, ""Important Configuration Notes"": {""Details"": [""MODULES MUST BE ORDERED AND INSTALLED IN PAIRS for Dual Channel mode."", ""Kingston offers 'K2' kit part numbers for Dual Channel mode."", ""This motherboard only supports 4 ranks of DDR400 memory. If two double-ranked DIMMs are used, the 3rd and 4th sockets are disabled.""]}}",7,extracted
Kingston,ABIT- WI-2P/WI-2Pa Motherboard,https://www.kingston.com/en/memory/search/discontinuedmodel/13438/abit-wi-2p-wi-2pa-motherboard,WI-2P/WI-2Pa Motherboard,ABIT - WI-2P/WI-2Pa Motherboard,Motherboard,"[""Intel Xeon Intel E7505 (Placer)""]",Standard: 0 MB (Removable); Maximum: 12 GB,Bus Architecture: PCI,,"[""6 Socket(s)""]","[""Virtually any configuration up to 12GB can be reached using Kingston's 1 and 2GB modules IN PAIRS.""]",,"{""Memory"": {""Standard"": ""0 MB (Removable)"", ""Maximum"": ""12 GB""}, ""Storage"": {""Bus Architecture"": ""PCI""}, ""Expansions"": {""Details"": [""6 Socket(s)""]}, ""CPU / Chipsets"": {""Details"": [""Intel Xeon Intel E7505 (Placer)""]}, ""Upgrade Path"": {""Details"": [""Virtually any configuration up to 12GB can be reached using Kingston's 1 and 2GB modules IN PAIRS.""]}}",5,extracted
Kingston,ABIT- NF7-S (version 2.0) Motherboard,https://www.kingston.com/en/memory/search/model/16960/abit-nf7-s-version-2-0-motherboard,NF7-S (version 2.0) Motherboard,ABIT - NF7-S (version 2.0) Motherboard,Motherboard,"[""AMD Athlon XP Nvidia nForce2""]",Standard: 0 MB (Removable); Maximum: 2 GB using 400MHz DDR modules / 3 GB using 333MHz or 266MHz DDR modules,Bus Architecture: PCI / SSD - SATA 2.5-inch 9.5mm,,"[""3 Socket(s)""]",Using 400MHz DDR modules:: Virtually any configuration up to 2GB can be reached using any combination of Kingston's 512MB and 1GB modules.; Using 333MHz or 266MHz DDR modules:: Virtually any configuration up to 3GB can be reached using any combination of Kingston's 512MB and 1GB modules.,,"{""Memory"": {""Standard"": ""0 MB (Removable)"", ""Maximum"": ""2 GB using 400MHz DDR modules / 3 GB using 333MHz or 266MHz DDR modules""}, ""Storage"": {""Bus Architecture"": ""PCI / SSD - SATA 2.5-inch 9.5mm""}, ""Expansions"": {""Details"": [""3 Socket(s)""]}, ""CPU / Chipsets"": {""Details"": [""AMD Athlon XP Nvidia nForce2""]}, ""Upgrade Path"": {""Using 400MHz DDR modules:"": ""Virtually any configuration up to 2GB can be reached using any combination of Kingston's 512MB and 1GB modules."", ""Using 333MHz or 266MHz DDR modules:"": ""Virtually any configuration up to 3GB can be reached using any combination of Kingston's 512MB and 1GB modules.""}}",56,extracted
Kingston,ABIT- WI-1P Motherboard,https://www.kingston.com/en/memory/search/discontinuedmodel/19500/abit-wi-1p-motherboard,WI-1P Motherboard,ABIT - WI-1P Motherboard,Motherboard,"[""Intel Pentium 4 Intel 875P""]",Standard: 0 MB (Removable); Maximum: 4 GB,Bus Architecture: AGP / PCI / PCI-X,,"[""4 Socket(s)""]","[""Virtually any configuration up to 4GB can be reached using any combination of Kingston's 512MB and 1GB modules.""]","[""MODULES MUST BE ORDERED AND INSTALLED IN PAIRS for Dual Channel mode. All modules must be identical for Dual Channel with Dynamic Mode. Kingston offers 'K2' kit part numbers for Dual Channel mode."", ""When running at 800MHz FSB, DDR333 will clock at 320MHz only."", ""This system supports both ECC and non-ECC memory. When mixing ECC and non-ECC modules, the system will not perform the ECC function.""]","{""Memory"": {""Standard"": ""0 MB (Removable)"", ""Maximum"": ""4 GB""}, ""Storage"": {""Bus Architecture"": ""AGP / PCI / PCI-X""}, ""Expansions"": {""Details"": [""4 Socket(s)""]}, ""CPU / Chipsets"": {""Details"": [""Intel Pentium 4 Intel 875P""]}, ""Upgrade Path"": {""Details"": [""Virtually any configuration up to 4GB can be reached using any combination of Kingston's 512MB and 1GB modules.""]}, ""Important Configuration Notes"": {""Details"": [""MODULES MUST BE ORDERED AND INSTALLED IN PAIRS for Dual Channel mode. All modules must be identical for Dual Channel with Dynamic Mode. Kingston offers 'K2' kit part numbers for Dual Channel mode."", ""When running at 800MHz FSB, DDR333 will clock at 320MHz only."", ""This system supports both ECC and non-ECC memory. When mixing ECC and non-ECC modules, the system will not perform the ECC function.""]}}",22,extracted
Kingston,ABIT- WB6 Motherboard,https://www.kingston.com/en/memory/search/discontinuedmodel/9791/abit-wb6-motherboard,WB6 Motherboard,ABIT - WB6 Motherboard,Motherboard,"[""Intel Pentium III Intel 810""]",Standard: 0 MB (Removable); Maximum: 512 MB,Bus Architecture: AMR / PCI,,"[""2 Socket(s)""]","[""Virtually any configuration up to 512MB can be reached using Kingston's 256MB modules.""]",,"{""Memory"": {""Standard"": ""0 MB (Removable)"", ""Maximum"": ""512 MB""}, ""Storage"": {""Bus Architecture"": ""AMR / PCI""}, ""Expansions"": {""Details"": [""2 Socket(s)""]}, ""CPU / Chipsets"": {""Details"": [""Intel Pentium III Intel 810""]}, ""Upgrade Path"": {""Details"": [""Virtually any configuration up to 512MB can be reached using Kingston's 256MB modules.""]}}",3,extracted
Kingston,ABIT- VA-10 Motherboard,https://www.kingston.com/en/memory/search/discontinuedmodel/17151/abit-va-10-motherboard,VA-10 Motherboard,ABIT - VA-10 Motherboard,Motherboard,"[""AMD Athlon XP VIA UniChrome KM400 (VT8378)""]",Standard: 0 MB (Removable); Maximum: 2 GB,Bus Architecture: AGP / PCI,,"[""2 Socket(s)""]","[""Virtually any configuration up to 2GB can be reached using any combination of Kingston's 512MB and 1GB modules.""]",,"{""Memory"": {""Standard"": ""0 MB (Removable)"", ""Maximum"": ""2 GB""}, ""Storage"": {""Bus Architecture"": ""AGP / PCI""}, ""Expansions"": {""Details"": [""2 Socket(s)""]}, ""CPU / Chipsets"": {""Details"": [""AMD Athlon XP VIA UniChrome KM400 (VT8378)""]}, ""Upgrade Path"": {""Details"": [""Virtually any configuration up to 2GB can be reached using any combination of Kingston's 512MB and 1GB modules.""]}}",8,extracted
Kingston,ABIT- AT7 MAX2 Motherboard,https://www.kingston.com/en/memory/search/discontinuedmodel/12911/abit-at7-max2-motherboard,AT7 MAX2 Motherboard,ABIT - AT7 MAX2 Motherboard,Motherboard,"[""AMD Athlon XP VIA Apollo KT400 (VT8377)""]",Standard: 0 MB (Removable); Maximum: 1 GB using 400MHz DDR modules / 2 GB using 333MHz DDR modules / 3 GB using 266MHz DDR modules,Bus Architecture: PCI,,"[""4 Socket(s)""]",Using 400MHz DDR modules:: Supports only two ranks at 400MHz using two 256MB (single rank) or one 512MB or 1GB (dual rank) module.; Using 333MHz DDR modules:: Virtually any configuration up to 2GB can be reached using any combination of Kingston's 512MB and 1GB modules.; Using 266MHz DDR modules:: Virtually any configuration up to 3GB can be reached using any combination of Kingston's 512MB and 1GB modules.,,"{""Memory"": {""Standard"": ""0 MB (Removable)"", ""Maximum"": ""1 GB using 400MHz DDR modules / 2 GB using 333MHz DDR modules / 3 GB using 266MHz DDR modules""}, ""Storage"": {""Bus Architecture"": ""PCI""}, ""Expansions"": {""Details"": [""4 Socket(s)""]}, ""CPU / Chipsets"": {""Details"": [""AMD Athlon XP VIA Apollo KT400 (VT8377)""]}, ""Upgrade Path"": {""Using 400MHz DDR modules:"": ""Supports only two ranks at 400MHz using two 256MB (single rank) or one 512MB or 1GB (dual rank) module."", ""Using 333MHz DDR modules:"": ""Virtually any configuration up to 2GB can be reached using any combination of Kingston's 512MB and 1GB modules."", ""Using 266MHz DDR modules:"": ""Virtually any configuration up to 3GB can be reached using any combination of Kingston's 512MB and 1GB modules.""}}",12,extracted
Kingston,ABIT- BH-71 Motherboard,https://www.kingston.com/en/memory/search/discontinuedmodel/17154/abit-bh-71-motherboard,BH-71 Motherboard,ABIT - BH-71 Motherboard,Motherboard,"[""Intel Pentium 4 Intel 845PE""]",Standard: 0 MB (Removable); Maximum: 2 GB,Bus Architecture: PCI,,"[""2 Socket(s)""]","[""Virtually any configuration up to 2GB can be reached using any combination of Kingston's 512MB and 1GB modules.""]",,"{""Memory"": {""Standard"": ""0 MB (Removable)"", ""Maximum"": ""2 GB""}, ""Storage"": {""Bus Architecture"": ""PCI""}, ""Expansions"": {""Details"": [""2 Socket(s)""]}, ""CPU / Chipsets"": {""Details"": [""Intel Pentium 4 Intel 845PE""]}, ""Upgrade Path"": {""Details"": [""Virtually any configuration up to 2GB can be reached using any combination of Kingston's 512MB and 1GB modules.""]}}",8,extracted
Kingston,ABIT- IB9 Motherboard,https://www.kingston.com/en/memory/search/model/34311/abit-ib9-motherboard,IB9 Motherboard,ABIT - IB9 Motherboard,Motherboard,"[""Intel Core 2 Duo Intel P965""]",Standard: 0 MB (Removable); Maximum: 8 GB,Bus Architecture: PCI / PCI Express / SSD - SATA 2.5-inch 9.5mm,,"[""4 Socket(s)""]","[""Virtually any configuration up to 8GB can be reached using any combination of Kingston's 512MB, 1 and 2GB modules.""]","[""MODULES MUST BE ORDERED AND INSTALLED IN PAIRS for Dual Channel mode. Kingston offers 'K2' kit part numbers for Dual Channel mode."", ""Maximum configurations require a 64-bit operating system.""]","{""Memory"": {""Standard"": ""0 MB (Removable)"", ""Maximum"": ""8 GB""}, ""Storage"": {""Bus Architecture"": ""PCI / PCI Express / SSD - SATA 2.5-inch 9.5mm""}, ""Expansions"": {""Details"": [""4 Socket(s)""]}, ""CPU / Chipsets"": {""Details"": [""Intel Core 2 Duo Intel P965""]}, ""Upgrade Path"": {""Details"": [""Virtually any configuration up to 8GB can be reached using any combination of Kingston's 512MB, 1 and 2GB modules.""]}, ""Important Configuration Notes"": {""Details"": [""MODULES MUST BE ORDERED AND INSTALLED IN PAIRS for Dual Channel mode. Kingston offers 'K2' kit part numbers for Dual Channel mode."", ""Maximum configurations require a 64-bit operating system.""]}}",59,extracted
Kingston,ABIT- SA7 Motherboard,https://www.kingston.com/en/memory/search/discontinuedmodel/13226/abit-sa7-motherboard,SA7 Motherboard,ABIT - SA7 Motherboard,Motherboard,"[""Intel Pentium 4 SiS 645""]",Standard: 0 MB (Removable); Maximum: 2 GB using 333MHz DDR modules / 3 GB using 266MHz DDR modules,Bus Architecture: PCI,,"[""3 Socket(s)""]",Using 266MHz DDR modules:: Virtually any configuration up to 3GB can be reached using any combination of Kingston's 512MB and 1GB modules.; Using 333MHz DDR modules:: Virtually any configuration up to 2GB can be reached using any combination of Kingston's 512MB and 1GB modules.,,"{""Memory"": {""Standard"": ""0 MB (Removable)"", ""Maximum"": ""2 GB using 333MHz DDR modules / 3 GB using 266MHz DDR modules""}, ""Storage"": {""Bus Architecture"": ""PCI""}, ""Expansions"": {""Details"": [""3 Socket(s)""]}, ""CPU / Chipsets"": {""Details"": [""Intel Pentium 4 SiS 645""]}, ""Upgrade Path"": {""Using 266MHz DDR modules:"": ""Virtually any configuration up to 3GB can be reached using any combination of Kingston's 512MB and 1GB modules."", ""Using 333MHz DDR modules:"": ""Virtually any configuration up to 2GB can be reached using any combination of Kingston's 512MB and 1GB modules.""}}",8,extracted
Kingston,ABIT- VA6 Motherboard,https://www.kingston.com/en/memory/search/discontinuedmodel/10141/abit-va6-motherboard,VA6 Motherboard,ABIT - VA6 Motherboard,Motherboard,"[""Intel Pentium III VIA Apollo Pro133 (VT82C693A)""]",Standard: 0 MB (Removable); Maximum: 768 MB,Bus Architecture: AGP / ISA / PCI,,"[""3 Socket(s)""]","[""Virtually any configuration up to 768MB can be reached using Kingston's 256MB modules.""]",,"{""Memory"": {""Standard"": ""0 MB (Removable)"", ""Maximum"": ""768 MB""}, ""Storage"": {""Bus Architecture"": ""AGP / ISA / PCI""}, ""Expansions"": {""Details"": [""3 Socket(s)""]}, ""CPU / Chipsets"": {""Details"": [""Intel Pentium III VIA Apollo Pro133 (VT82C693A)""]}, ""Upgrade Path"": {""Details"": [""Virtually any configuration up to 768MB can be reached using Kingston's 256MB modules.""]}}",2,extracted
Kingston,ABIT- AL8-V Motherboard,https://www.kingston.com/en/memory/search/discontinuedmodel/24053/abit-al8-v-motherboard,AL8-V Motherboard,ABIT - AL8-V Motherboard,Motherboard,"[""Intel Pentium 4 Intel 945P"", ""Intel Pentium D Intel 945P""]",Standard: 0 MB (Removable); Maximum: 4 GB,Bus Architecture: PCI Express,,"[""4 Socket(s)""]","[""Virtually any configuration up to 4GB can be reached using any combination of Kingston's 512MB and 1GB modules or kits.""]",,"{""Memory"": {""Standard"": ""0 MB (Removable)"", ""Maximum"": ""4 GB""}, ""Storage"": {""Bus Architecture"": ""PCI Express""}, ""Expansions"": {""Details"": [""4 Socket(s)""]}, ""CPU / Chipsets"": {""Details"": [""Intel Pentium 4 Intel 945P"", ""Intel Pentium D Intel 945P""]}, ""Upgrade Path"": {""Details"": [""Virtually any configuration up to 4GB can be reached using any combination of Kingston's 512MB and 1GB modules or kits.""]}}",12,extracted
Kingston,ABIT- BE6 Motherboard,https://www.kingston.com/en/memory/search/discontinuedmodel/9779/abit-be6-motherboard,BE6 Motherboard,ABIT - BE6 Motherboard,Motherboard,"[""Intel Pentium III (N/A)""]",Standard: 0 MB (Removable); Maximum: 768 MB,Bus Architecture: PCI,,"[""3 Socket(s)""]","[""Virtually any configuration up to 768MB can be reached using Kingston's 256MB modules.""]",,"{""Memory"": {""Standard"": ""0 MB (Removable)"", ""Maximum"": ""768 MB""}, ""Storage"": {""Bus Architecture"": ""PCI""}, ""Expansions"": {""Details"": [""3 Socket(s)""]}, ""CPU / Chipsets"": {""Details"": [""Intel Pentium III (N/A)""]}, ""Upgrade Path"": {""Details"": [""Virtually any configuration up to 768MB can be reached using Kingston's 256MB modules.""]}}",6,extracted
Kingston,ABIT- IN9 32X-MAX Motherboard,https://www.kingston.com/en/memory/search/model/33550/abit-in9-32x-max-motherboard,IN9 32X-MAX Motherboard,ABIT - IN9 32X-MAX Motherboard,Motherboard,"[""Intel Core 2 Duo Nvidia nForce 680i SLI""]",Standard: 0 MB (Removable); Maximum: 8 GB,Bus Architecture: PCI Express / SSD - SATA 2.5-inch 9.5mm,,"[""4 Socket(s)""]","[""Virtually any configuration up to 8GB can be reached using any combination of Kingston's 512MB, 1, and 2GB modules.""]","[""MODULES MUST BE ORDERED AND INSTALLED IN PAIRS for Dual Channel mode."", ""Kingston offers 'K2' kit part numbers for Dual Channel mode.""]","{""Memory"": {""Standard"": ""0 MB (Removable)"", ""Maximum"": ""8 GB""}, ""Storage"": {""Bus Architecture"": ""PCI Express / SSD - SATA 2.5-inch 9.5mm""}, ""Expansions"": {""Details"": [""4 Socket(s)""]}, ""CPU / Chipsets"": {""Details"": [""Intel Core 2 Duo Nvidia nForce 680i SLI""]}, ""Upgrade Path"": {""Details"": [""Virtually any configuration up to 8GB can be reached using any combination of Kingston's 512MB, 1, and 2GB modules.""]}, ""Important Configuration Notes"": {""Details"": [""MODULES MUST BE ORDERED AND INSTALLED IN PAIRS for Dual Channel mode."", ""Kingston offers 'K2' kit part numbers for Dual Channel mode.""]}}",64,extracted
Kingston,ABIT- AN52V Motherboard,https://www.kingston.com/en/memory/search/model/42808/abit-an52v-motherboard,AN52V Motherboard,ABIT - AN52V Motherboard,Motherboard,"[""AMD Phenom (AM2+) Nvidia nForce 520""]",Standard: 0 MB (Removable); Maximum: 8 GB,Bus Architecture: PCI / PCI Express / SSD - SATA 2.5-inch 9.5mm,,"[""4 Socket(s)""]","[""Virtually any configuration up to 8GB can be reached using any combination of Kingston's 512MB, 1GB and 2GB modules.""]","[""MODULES MUST BE ORDERED AND INSTALLED IN PAIRS for Dual Channel mode. Kingston offers 'K2' kit part numbers for Dual Channel mode."", "".""]","{""Memory"": {""Standard"": ""0 MB (Removable)"", ""Maximum"": ""8 GB""}, ""Storage"": {""Bus Architecture"": ""PCI / PCI Express / SSD - SATA 2.5-inch 9.5mm""}, ""Expansions"": {""Details"": [""4 Socket(s)""]}, ""CPU / Chipsets"": {""Details"": [""AMD Phenom (AM2+) Nvidia nForce 520""]}, ""Upgrade Path"": {""Details"": [""Virtually any configuration up to 8GB can be reached using any combination of Kingston's 512MB, 1GB and 2GB modules.""]}, ""Important Configuration Notes"": {""Details"": [""MODULES MUST BE ORDERED AND INSTALLED IN PAIRS for Dual Channel mode. Kingston offers 'K2' kit part numbers for Dual Channel mode."", "".""]}}",78,extracted
Kingston,ABIT- BE6-II V2.0 Motherboard,https://www.kingston.com/en/memory/search/discontinuedmodel/9777/abit-be6-ii-v2-0-motherboard,BE6-II V2.0 Motherboard,ABIT - BE6-II V2.0 Motherboard,Motherboard,"[""Intel Pentium III (N/A)""]",Standard: 0 MB (Removable); Maximum: 768 MB,Bus Architecture: AGP / ISA / PCI,,"[""3 Socket(s)""]","[""Virtually any configuration up to 768MB can be reached using Kingston's 256MB modules.""]",,"{""Memory"": {""Standard"": ""0 MB (Removable)"", ""Maximum"": ""768 MB""}, ""Storage"": {""Bus Architecture"": ""AGP / ISA / PCI""}, ""Expansions"": {""Details"": [""3 Socket(s)""]}, ""CPU / Chipsets"": {""Details"": [""Intel Pentium III (N/A)""]}, ""Upgrade Path"": {""Details"": [""Virtually any configuration up to 768MB can be reached using Kingston's 256MB modules.""]}}",6,extracted
Kingston,ABIT- KT7-RAID Motherboard,https://www.kingston.com/en/memory/search/discontinuedmodel/10155/abit-kt7-raid-motherboard,KT7-RAID Motherboard,ABIT - KT7-RAID Motherboard,Motherboard,"[""AMD K7 (N/A)""]",Standard: 0 MB (Removable); Maximum: 1.5 GB,Bus Architecture: AGP / ISA / PCI,,"[""3 Socket(s)""]","[""Virtually any configuration up to 1.5GB can be reached using any combination of Kingston's 256 and 512MB modules.""]",,"{""Memory"": {""Standard"": ""0 MB (Removable)"", ""Maximum"": ""1.5 GB""}, ""Storage"": {""Bus Architecture"": ""AGP / ISA / PCI""}, ""Expansions"": {""Details"": [""3 Socket(s)""]}, ""CPU / Chipsets"": {""Details"": [""AMD K7 (N/A)""]}, ""Upgrade Path"": {""Details"": [""Virtually any configuration up to 1.5GB can be reached using any combination of Kingston's 256 and 512MB modules.""]}}",4,extracted
Kingston,ABIT- KV8 Pro Motherboard,https://www.kingston.com/en/memory/search/model/18500/abit-kv8-pro-motherboard,KV8 Pro Motherboard,ABIT - KV8 Pro Motherboard,Motherboard,"[""AMD Athlon 64 VIA Apollo K8T800 (VT8385)""]",Standard: 0 MB (Removable); Maximum: 2 GB,Bus Architecture: AGP / PCI / SSD - SATA 3.5-inch,,"[""2 Socket(s)""]","[""Virtually any configuration up to 2GB can be reached using any combination of Kingston's 512MB and 1GB modules.""]",,"{""Memory"": {""Standard"": ""0 MB (Removable)"", ""Maximum"": ""2 GB""}, ""Storage"": {""Bus Architecture"": ""AGP / PCI / SSD - SATA 3.5-inch""}, ""Expansions"": {""Details"": [""2 Socket(s)""]}, ""CPU / Chipsets"": {""Details"": [""AMD Athlon 64 VIA Apollo K8T800 (VT8385)""]}, ""Upgrade Path"": {""Details"": [""Virtually any configuration up to 2GB can be reached using any combination of Kingston's 512MB and 1GB modules.""]}}",51,extracted
Kingston,ABIT- BP6 Motherboard,https://www.kingston.com/en/memory/search/discontinuedmodel/9781/abit-bp6-motherboard,BP6 Motherboard,ABIT - BP6 Motherboard,Motherboard,,Standard: 0 MB (Removable); Maximum: 768 MB,Bus Architecture: AGP / ISA / PCI,,"[""3 Socket(s)""]","[""Virtually any configuration up to 768MB can be reached using Kingston's 256MB modules.""]",,"{""Memory"": {""Standard"": ""0 MB (Removable)"", ""Maximum"": ""768 MB""}, ""Storage"": {""Bus Architecture"": ""AGP / ISA / PCI""}, ""Expansions"": {""Details"": [""3 Socket(s)""]}, ""Upgrade Path"": {""Details"": [""Virtually any configuration up to 768MB can be reached using Kingston's 256MB modules.""]}}",6,extracted
Kingston,ABIT- AX8-3rd Eye Motherboard,https://www.kingston.com/en/memory/search/discontinuedmodel/21634/abit-ax8-3rd-eye-motherboard,AX8-3rd Eye Motherboard,ABIT - AX8-3rd Eye Motherboard,Motherboard,"[""AMD Athlon 64 VIA K8T890"", ""AMD Athlon 64 FX (939-pin) VIA K8T890""]",Standard: 0 MB (Removable); Maximum: 2.5 GB using 400MHz DDR modules / 4 GB using 333MHz or 266MHz DDR modules / 8 GB using 2GB modules,Bus Architecture: PCI / PCI Express,,"[""4 Socket(s)""]",Using 333MHz or 266MHz DDR modules:: Virtually any configuration up to 4GB can be reached using any combination of Kingston's 512MB and 1GB modules.,"[""MODULES MUST BE ORDERED AND INSTALLED IN PAIRS for Dual Channel mode. Kingston offers 'K2' kit part numbers for Dual Channel mode."", ""This system supports six ranks of DDR400 memory. 1GB and 512MB modules are dual-rank, 256 and 128MB modules are single-rank. Maximum configuration is achieved with two 1GB and two 256MB modules.""]","{""Memory"": {""Standard"": ""0 MB (Removable)"", ""Maximum"": ""2.5 GB using 400MHz DDR modules / 4 GB using 333MHz or 266MHz DDR modules / 8 GB using 2GB modules""}, ""Storage"": {""Bus Architecture"": ""PCI / PCI Express""}, ""Expansions"": {""Details"": [""4 Socket(s)""]}, ""CPU / Chipsets"": {""Details"": [""AMD Athlon 64 VIA K8T890"", ""AMD Athlon 64 FX (939-pin) VIA K8T890""]}, ""Upgrade Path"": {""Using 333MHz or 266MHz DDR modules:"": ""Virtually any configuration up to 4GB can be reached using any combination of Kingston's 512MB and 1GB modules.""}, ""Important Configuration Notes"": {""Details"": [""MODULES MUST BE ORDERED AND INSTALLED IN PAIRS for Dual Channel mode. Kingston offers 'K2' kit part numbers for Dual Channel mode."", ""This system supports six ranks of DDR400 memory. 1GB and 512MB modules are dual-rank, 256 and 128MB modules are single-rank. Maximum configuration is achieved with two 1GB and two 256MB modules.""]}}",22,extracted
Kingston,ABIT- KD7A Motherboard,https://www.kingston.com/en/memory/search/discontinuedmodel/17156/abit-kd7a-motherboard,KD7A Motherboard,ABIT - KD7A Motherboard,Motherboard,"[""AMD Athlon VIA Apollo KT400A (VT8377A)"", ""AMD Athlon XP VIA Apollo KT400A (VT8377A)""]",Standard: 0 MB (Removable); Maximum: 1 GB using current 400MHz DDR modules / 2 GB using 333MHz DDR modules / 3 GB using 266MHz DDR modules,Bus Architecture: AGP / PCI,,"[""3 Socket(s)""]",Using 400MHz DDR modules:: Virtually any configuration up to 1GB can be reached using Kingston's 512MB modules.; Using 333MHz DDR modules:: Virtually any configuration up to 2GB can be reached using any combination of Kingston's 512MB and 1GB modules.; Using 266MHz DDR modules:: Virtually any configuration up to 3GB can be reached using any combination of Kingston's 512MB and 1GB modules.,,"{""Memory"": {""Standard"": ""0 MB (Removable)"", ""Maximum"": ""1 GB using current 400MHz DDR modules / 2 GB using 333MHz DDR modules / 3 GB using 266MHz DDR modules""}, ""Storage"": {""Bus Architecture"": ""AGP / PCI""}, ""Expansions"": {""Details"": [""3 Socket(s)""]}, ""CPU / Chipsets"": {""Details"": [""AMD Athlon VIA Apollo KT400A (VT8377A)"", ""AMD Athlon XP VIA Apollo KT400A (VT8377A)""]}, ""Upgrade Path"": {""Using 400MHz DDR modules:"": ""Virtually any configuration up to 1GB can be reached using Kingston's 512MB modules."", ""Using 333MHz DDR modules:"": ""Virtually any configuration up to 2GB can be reached using any combination of Kingston's 512MB and 1GB modules."", ""Using 266MHz DDR modules:"": ""Virtually any configuration up to 3GB can be reached using any combination of Kingston's 512MB and 1GB modules.""}}",10,extracted
Kingston,ABIT- SI-1Ns Motherboard,https://www.kingston.com/en/memory/search/discontinuedmodel/15546/abit-si-1ns-motherboard,SI-1Ns Motherboard,ABIT - SI-1Ns Motherboard,Motherboard,"[""Intel Pentium 4 Intel 845GV""]",Standard: 0 MB (Removable); Maximum: 2 GB,Bus Architecture: PCI,,"[""2 Socket(s)""]","[""Virtually any configuration up to 2GB can be reached using any combination of Kingston's 512MB and 1GB modules.""]",,"{""Memory"": {""Standard"": ""0 MB (Removable)"", ""Maximum"": ""2 GB""}, ""Storage"": {""Bus Architecture"": ""PCI""}, ""Expansions"": {""Details"": [""2 Socket(s)""]}, ""CPU / Chipsets"": {""Details"": [""Intel Pentium 4 Intel 845GV""]}, ""Upgrade Path"": {""Details"": [""Virtually any configuration up to 2GB can be reached using any combination of Kingston's 512MB and 1GB modules.""]}}",4,extracted
Kingston,ABIT- WX6 Motherboard,https://www.kingston.com/en/memory/search/discontinuedmodel/10138/abit-wx6-motherboard,WX6 Motherboard,ABIT - WX6 Motherboard,Motherboard,"[""Intel Celeron Intel 810e2""]",Standard: 0 MB (Removable); Maximum: 512 MB,Bus Architecture: AMR / PCI,,"[""2 Socket(s)""]","[""Virtually any configuration up to 512MB can be reached using Kingston's 256MB modules.""]",,"{""Memory"": {""Standard"": ""0 MB (Removable)"", ""Maximum"": ""512 MB""}, ""Storage"": {""Bus Architecture"": ""AMR / PCI""}, ""Expansions"": {""Details"": [""2 Socket(s)""]}, ""CPU / Chipsets"": {""Details"": [""Intel Celeron Intel 810e2""]}, ""Upgrade Path"": {""Details"": [""Virtually any configuration up to 512MB can be reached using Kingston's 256MB modules.""]}}",3,extracted
Kingston,ABIT- SI-1Ns60 Motherboard,https://www.kingston.com/en/memory/search/discontinuedmodel/20046/abit-si-1ns60-motherboard,SI-1Ns60 Motherboard,ABIT - SI-1Ns60 Motherboard,Motherboard,"[""Intel Pentium 4 Intel 845GV""]",Standard: 0 MB (Removable); Maximum: 2 GB,Bus Architecture: PCI,,"[""2 Socket(s)""]","[""Virtually any configuration up to 2GB can be reached using any combination of Kingston's 512MB and 1GB modules.""]",,"{""Memory"": {""Standard"": ""0 MB (Removable)"", ""Maximum"": ""2 GB""}, ""Storage"": {""Bus Architecture"": ""PCI""}, ""Expansions"": {""Details"": [""2 Socket(s)""]}, ""CPU / Chipsets"": {""Details"": [""Intel Pentium 4 Intel 845GV""]}, ""Upgrade Path"": {""Details"": [""Virtually any configuration up to 2GB can be reached using any combination of Kingston's 512MB and 1GB modules.""]}}",8,extracted
Kingston,ABIT- SR7-8X Motherboard,https://www.kingston.com/en/memory/search/discontinuedmodel/13225/abit-sr7-8x-motherboard,SR7-8X Motherboard,ABIT - SR7-8X Motherboard,Motherboard,"[""Intel Pentium 4 SiS 648""]",Standard: 0 MB (Removable); Maximum: 2 GB using 333MHz DDR modules / 3 GB using 266MHz DDR modules,Bus Architecture: PCI,,"[""3 Socket(s)""]",Using 266MHz DDR modules:: Virtually any configuration up to 3GB can be reached using any combination of Kingston's 512MB and 1GB modules.; Using 333MHz DDR modules:: Virtually any configuration up to 2GB can be reached using any combination of Kingston's 512MB and 1GB modules.,,"{""Memory"": {""Standard"": ""0 MB (Removable)"", ""Maximum"": ""2 GB using 333MHz DDR modules / 3 GB using 266MHz DDR modules""}, ""Storage"": {""Bus Architecture"": ""PCI""}, ""Expansions"": {""Details"": [""3 Socket(s)""]}, ""CPU / Chipsets"": {""Details"": [""Intel Pentium 4 SiS 648""]}, ""Upgrade Path"": {""Using 266MHz DDR modules:"": ""Virtually any configuration up to 3GB can be reached using any combination of Kingston's 512MB and 1GB modules."", ""Using 333MHz DDR modules:"": ""Virtually any configuration up to 2GB can be reached using any combination of Kingston's 512MB and 1GB modules.""}}",8,extracted
Kingston,ABIT- NF-M2P Motherboard,https://www.kingston.com/en/memory/search/model/33766/abit-nf-m2p-motherboard,NF-M2P Motherboard,ABIT - NF-M2P Motherboard,Motherboard,"[""AMD Athlon 64 (AM2) Nvidia GeForce 6100"", ""AMD Athlon 64 FX (AM2) Nvidia GeForce 6100"", ""AMD Athlon 64 X2 (AM2) Nvidia GeForce 6100"", ""AMD Opteron (AM2) Nvidia GeForce 6100"", ""AMD Sempron (AM2) Nvidia GeForce 6100""]",Standard: 0 MB (Removable); Maximum: 2 GB,Bus Architecture: PCI / PCI Express / SSD - SATA 2.5-inch 9.5mm,,"[""2 Socket(s)""]","[""Virtually any configuration up to 2GB can be reached using Kingston's 512MB, 1 and 2GB modules IN PAIRS OR KITS.""]","[""MODULES MUST BE ORDERED AND INSTALLED IN PAIRS for Dual Channel mode. Kingston offers 'K2' kit part numbers for Dual Channel mode."", ""AMD Sempron processors support DDR2-533 and DDR2-667 memory only. DDR2-800 modules are not supported with this processor.""]","{""Memory"": {""Standard"": ""0 MB (Removable)"", ""Maximum"": ""2 GB""}, ""Storage"": {""Bus Architecture"": ""PCI / PCI Express / SSD - SATA 2.5-inch 9.5mm""}, ""Expansions"": {""Details"": [""2 Socket(s)""]}, ""CPU / Chipsets"": {""Details"": [""AMD Athlon 64 (AM2) Nvidia GeForce 6100"", ""AMD Athlon 64 FX (AM2) Nvidia GeForce 6100"", ""AMD Athlon 64 X2 (AM2) Nvidia GeForce 6100"", ""AMD Opteron (AM2) Nvidia GeForce 6100"", ""AMD Sempron (AM2) Nvidia GeForce 6100""]}, ""Upgrade Path"": {""Details"": [""Virtually any configuration up to 2GB can be reached using Kingston's 512MB, 1 and 2GB modules IN PAIRS OR KITS.""]}, ""Important Configuration Notes"": {""Details"": [""MODULES MUST BE ORDERED AND INSTALLED IN PAIRS for Dual Channel mode. Kingston offers 'K2' kit part numbers for Dual Channel mode."", ""AMD Sempron processors support DDR2-533 and DDR2-667 memory only. DDR2-800 modules are not supported with this processor.""]}}",68,extracted
Kingston,ABIT- TH7II-RAID/TH7II Motherboard,https://www.kingston.com/en/memory/search/discontinuedmodel/13229/abit-th7ii-raid-th7ii-motherboard,TH7II-RAID/TH7II Motherboard,ABIT - TH7II-RAID/TH7II Motherboard,Motherboard,"[""Intel Pentium 4 Intel 850""]",Standard: 0 MB (Removable); Maximum: 2 GB,Bus Architecture: AGP / PCI,,"[""4 Socket(s)""]","[""Virtually any configuration up to 2GB can be reached using Kingston's 512MB modules IN PAIRS.""]","[""MODULES MUST BE ORDERED AND INSTALLED IN PAIRS."", ""When mixing ECC (x18) and non-ECC (x16) modules, the system will not perform the ECC function.""]","{""Memory"": {""Standard"": ""0 MB (Removable)"", ""Maximum"": ""2 GB""}, ""Storage"": {""Bus Architecture"": ""AGP / PCI""}, ""Expansions"": {""Details"": [""4 Socket(s)""]}, ""CPU / Chipsets"": {""Details"": [""Intel Pentium 4 Intel 850""]}, ""Upgrade Path"": {""Details"": [""Virtually any configuration up to 2GB can be reached using Kingston's 512MB modules IN PAIRS.""]}, ""Important Configuration Notes"": {""Details"": [""MODULES MUST BE ORDERED AND INSTALLED IN PAIRS."", ""When mixing ECC (x18) and non-ECC (x16) modules, the system will not perform the ECC function.""]}}",7,extracted
Kingston,ABIT- KN8 SLI Motherboard,https://www.kingston.com/en/memory/search/discontinuedmodel/25199/abit-kn8-sli-motherboard,KN8 SLI Motherboard,ABIT - KN8 SLI Motherboard,Motherboard,"[""AMD Athlon 64 Nvidia nForce4 SLI"", ""AMD Athlon 64 FX (939-pin) Nvidia nForce4 SLI"", ""AMD Athlon 64 X2 Nvidia nForce4 SLI""]",Standard: 0 MB (Removable); Maximum: 2 GB with current Kingston 400MHz DDR modules / 4 GB with release of 1GB single rank 400MHz module,Bus Architecture: PCI / PCI Express,,"[""4 Socket(s)""]",,"[""MODULES MUST BE ORDERED AND INSTALLED IN PAIRS for Dual Channel mode."", ""Kingston offers 'K2' kit part numbers for Dual Channel mode."", ""This motherboard only supports 4 ranks of DDR400 memory. If two double-ranked DIMMs are used, the 3rd and 4th sockets are disabled.""]","{""Memory"": {""Standard"": ""0 MB (Removable)"", ""Maximum"": ""2 GB with current Kingston 400MHz DDR modules / 4 GB with release of 1GB single rank 400MHz module""}, ""Storage"": {""Bus Architecture"": ""PCI / PCI Express""}, ""Expansions"": {""Details"": [""4 Socket(s)""]}, ""CPU / Chipsets"": {""Details"": [""AMD Athlon 64 Nvidia nForce4 SLI"", ""AMD Athlon 64 FX (939-pin) Nvidia nForce4 SLI"", ""AMD Athlon 64 X2 Nvidia nForce4 SLI""]}, ""Important Configuration Notes"": {""Details"": [""MODULES MUST BE ORDERED AND INSTALLED IN PAIRS for Dual Channel mode."", ""Kingston offers 'K2' kit part numbers for Dual Channel mode."", ""This motherboard only supports 4 ranks of DDR400 memory. If two double-ranked DIMMs are used, the 3rd and 4th sockets are disabled.""]}}",7,extracted
Kingston,ABIT- NF8-V Pro Motherboard,https://www.kingston.com/en/memory/search/model/25886/abit-nf8-v-pro-motherboard,NF8-V Pro Motherboard,ABIT - NF8-V Pro Motherboard,Motherboard,"[""AMD Athlon 64 Nvidia nForce3 250"", ""AMD Sempron Nvidia nForce3 250""]",Standard: 0 MB (Removable); Maximum: 2 GB,Bus Architecture: PCI / PCI Express / SSD - SATA 2.5-inch 9.5mm,,"[""2 Socket(s)""]","[""Virtually any configuration up to 2GB can be reached using any combination of Kingston's 128, 256, 512MB, and 1GB modules.""]",,"{""Memory"": {""Standard"": ""0 MB (Removable)"", ""Maximum"": ""2 GB""}, ""Storage"": {""Bus Architecture"": ""PCI / PCI Express / SSD - SATA 2.5-inch 9.5mm""}, ""Expansions"": {""Details"": [""2 Socket(s)""]}, ""CPU / Chipsets"": {""Details"": [""AMD Athlon 64 Nvidia nForce3 250"", ""AMD Sempron Nvidia nForce3 250""]}, ""Upgrade Path"": {""Details"": [""Virtually any configuration up to 2GB can be reached using any combination of Kingston's 128, 256, 512MB, and 1GB modules.""]}}",41,extracted
Kingston,ABIT- NV7m Motherboard,https://www.kingston.com/en/memory/search/discontinuedmodel/13228/abit-nv7m-motherboard,NV7m Motherboard,ABIT - NV7m Motherboard,Motherboard,"[""AMD Athlon XP Nvidia nForce 420D""]",Standard: 0 MB (Removable); Maximum: 1 GB,Bus Architecture: PCI,,"[""2 Socket(s)""]","[""Virtually any configuration up to 1GB can be reached using Kingston's 512MB modules.""]",,"{""Memory"": {""Standard"": ""0 MB (Removable)"", ""Maximum"": ""1 GB""}, ""Storage"": {""Bus Architecture"": ""PCI""}, ""Expansions"": {""Details"": [""2 Socket(s)""]}, ""CPU / Chipsets"": {""Details"": [""AMD Athlon XP Nvidia nForce 420D""]}, ""Upgrade Path"": {""Details"": [""Virtually any configuration up to 1GB can be reached using Kingston's 512MB modules.""]}}",3,extracted
Kingston,ABIT- NI8-SLI GR Motherboard,https://www.kingston.com/en/memory/search/model/25196/abit-ni8-sli-gr-motherboard,NI8-SLI GR Motherboard,ABIT - NI8-SLI GR Motherboard,Motherboard,"[""Intel Celeron D Nvidia nForce4 SLI"", ""Intel Pentium 4 Nvidia nForce4 SLI"", ""Intel Pentium D Nvidia nForce4 SLI""]",Standard: 0 MB (Removable); Maximum: 4 GB with current Kingston products / 8 GB with release of 2GB module,Bus Architecture: PCI / PCI Express / SSD - SATA 2.5-inch 9.5mm,,"[""4 Socket(s)""]","[""Virtually any configuration up to 4GB can be reached using any combination of Kingston's 512MB and 1GB modules.""]","[""MODULES MUST BE ORDERED AND INSTALLED IN PAIRS for Dual Channel mode."", ""Kingston offers 'K2' kit part numbers for Dual Channel mode.""]","{""Memory"": {""Standard"": ""0 MB (Removable)"", ""Maximum"": ""4 GB with current Kingston products / 8 GB with release of 2GB module""}, ""Storage"": {""Bus Architecture"": ""PCI / PCI Express / SSD - SATA 2.5-inch 9.5mm""}, ""Expansions"": {""Details"": [""4 Socket(s)""]}, ""CPU / Chipsets"": {""Details"": [""Intel Celeron D Nvidia nForce4 SLI"", ""Intel Pentium 4 Nvidia nForce4 SLI"", ""Intel Pentium D Nvidia nForce4 SLI""]}, ""Upgrade Path"": {""Details"": [""Virtually any configuration up to 4GB can be reached using any combination of Kingston's 512MB and 1GB modules.""]}, ""Important Configuration Notes"": {""Details"": [""MODULES MUST BE ORDERED AND INSTALLED IN PAIRS for Dual Channel mode."", ""Kingston offers 'K2' kit part numbers for Dual Channel mode.""]}}",44,extracted
Kingston,ABIT- AX78 Motherboard,https://www.kingston.com/en/memory/search/model/43051/abit-ax78-motherboard,AX78 Motherboard,ABIT - AX78 Motherboard,Motherboard,"[""AMD Phenom FX (AM2+) AMD 770""]",Standard: 0 MB (Removable); Maximum: 8 GB,Bus Architecture: PCI / PCI Express / SSD - SATA 2.5-inch 9.5mm,,"[""4 Socket(s)""]","[""Virtually any configuration up to 8GB can be reached using any combination of Kingston's 512MB, 1 and 2GB modules or kits.""]",,"{""Memory"": {""Standard"": ""0 MB (Removable)"", ""Maximum"": ""8 GB""}, ""Storage"": {""Bus Architecture"": ""PCI / PCI Express / SSD - SATA 2.5-inch 9.5mm""}, ""Expansions"": {""Details"": [""4 Socket(s)""]}, ""CPU / Chipsets"": {""Details"": [""AMD Phenom FX (AM2+) AMD 770""]}, ""Upgrade Path"": {""Details"": [""Virtually any configuration up to 8GB can be reached using any combination of Kingston's 512MB, 1 and 2GB modules or kits.""]}}",55,extracted
Kingston,ABIT- AW8 Motherboard,https://www.kingston.com/en/memory/search/discontinuedmodel/24054/abit-aw8-motherboard,AW8 Motherboard,ABIT - AW8 Motherboard,Motherboard,"[""Intel Pentium 4 Intel 955X (Glenwood)"", ""Intel Pentium D Intel 955X (Glenwood)""]",Standard: 0 MB (Removable); Maximum: 4 GB,Bus Architecture: PCI Express,,"[""4 Socket(s)""]","[""Virtually any configuration up to 4GB can be reached using Kingston's 512MB and 1GB modules.""]","[""MODULES MUST BE ORDERED AND INSTALLED IN PAIRS for Dual Channel mode."", ""Kingston offers 'K2' kit part numbers for Dual Channel mode.""]","{""Memory"": {""Standard"": ""0 MB (Removable)"", ""Maximum"": ""4 GB""}, ""Storage"": {""Bus Architecture"": ""PCI Express""}, ""Expansions"": {""Details"": [""4 Socket(s)""]}, ""CPU / Chipsets"": {""Details"": [""Intel Pentium 4 Intel 955X (Glenwood)"", ""Intel Pentium D Intel 955X (Glenwood)""]}, ""Upgrade Path"": {""Details"": [""Virtually any configuration up to 4GB can be reached using Kingston's 512MB and 1GB modules.""]}, ""Important Configuration Notes"": {""Details"": [""MODULES MUST BE ORDERED AND INSTALLED IN PAIRS for Dual Channel mode."", ""Kingston offers 'K2' kit part numbers for Dual Channel mode.""]}}",12,extracted
Kingston,ABIT- BD7-E Motherboard,https://www.kingston.com/en/memory/search/discontinuedmodel/15666/abit-bd7-e-motherboard,BD7-E Motherboard,ABIT - BD7-E Motherboard,Motherboard,"[""Intel Celeron Intel 845D"", ""Intel Pentium 4 Intel 845D""]",Standard: 0 MB (Removable); Maximum: 2 GB,Bus Architecture: AGP / PCI,,"[""2 Socket(s)""]","[""Virtually any configuration up to 2GB can be reached using any combination of Kingston's 512MB and 1GB modules.""]",,"{""Memory"": {""Standard"": ""0 MB (Removable)"", ""Maximum"": ""2 GB""}, ""Storage"": {""Bus Architecture"": ""AGP / PCI""}, ""Expansions"": {""Details"": [""2 Socket(s)""]}, ""CPU / Chipsets"": {""Details"": [""Intel Celeron Intel 845D"", ""Intel Pentium 4 Intel 845D""]}, ""Upgrade Path"": {""Details"": [""Virtually any configuration up to 2GB can be reached using any combination of Kingston's 512MB and 1GB modules.""]}}",4,extracted
Kingston,ABIT- NF-M2S Motherboard,https://www.kingston.com/en/memory/search/model/33779/abit-nf-m2s-motherboard,NF-M2S Motherboard,ABIT - NF-M2S Motherboard,Motherboard,"[""AMD Athlon 64 (AM2) Nvidia GeForce 6100"", ""AMD Athlon 64 FX (AM2) Nvidia GeForce 6100"", ""AMD Athlon 64 X2 (AM2) Nvidia GeForce 6100"", ""AMD Opteron (AM2) Nvidia GeForce 6100"", ""AMD Sempron (AM2) Nvidia GeForce 6100""]",Standard: 0 MB (Removable); Maximum: 2 GB,Bus Architecture: PCI / PCI Express / SSD - SATA 2.5-inch 9.5mm,,"[""2 Socket(s)""]","[""Virtually any configuration up to 2GB can be reached using Kingston's 512MB, 1 and 2GB modules IN PAIRS OR KITS.""]","[""MODULES MUST BE ORDERED AND INSTALLED IN PAIRS for Dual Channel mode. Kingston offers 'K2' kit part numbers for Dual Channel mode."", ""AMD Sempron processors support DDR2-533 and DDR2-667 memory only. DDR2-800 modules are not supported with this processor.""]","{""Memory"": {""Standard"": ""0 MB (Removable)"", ""Maximum"": ""2 GB""}, ""Storage"": {""Bus Architecture"": ""PCI / PCI Express / SSD - SATA 2.5-inch 9.5mm""}, ""Expansions"": {""Details"": [""2 Socket(s)""]}, ""CPU / Chipsets"": {""Details"": [""AMD Athlon 64 (AM2) Nvidia GeForce 6100"", ""AMD Athlon 64 FX (AM2) Nvidia GeForce 6100"", ""AMD Athlon 64 X2 (AM2) Nvidia GeForce 6100"", ""AMD Opteron (AM2) Nvidia GeForce 6100"", ""AMD Sempron (AM2) Nvidia GeForce 6100""]}, ""Upgrade Path"": {""Details"": [""Virtually any configuration up to 2GB can be reached using Kingston's 512MB, 1 and 2GB modules IN PAIRS OR KITS.""]}, ""Important Configuration Notes"": {""Details"": [""MODULES MUST BE ORDERED AND INSTALLED IN PAIRS for Dual Channel mode. Kingston offers 'K2' kit part numbers for Dual Channel mode."", ""AMD Sempron processors support DDR2-533 and DDR2-667 memory only. DDR2-800 modules are not supported with this processor.""]}}",68,extracted
Kingston,ABIT- KT7 Motherboard,https://www.kingston.com/en/memory/search/discontinuedmodel/10154/abit-kt7-motherboard,KT7 Motherboard,ABIT - KT7 Motherboard,Motherboard,"[""AMD K7 (N/A)""]",Standard: 0 MB (Removable); Maximum: 1.5 GB,Bus Architecture: AGP / ISA / PCI,,"[""3 Socket(s)""]","[""Virtually any configuration up to 1.5GB can be reached using any combination of Kingston's 256 and 512MB modules.""]",,"{""Memory"": {""Standard"": ""0 MB (Removable)"", ""Maximum"": ""1.5 GB""}, ""Storage"": {""Bus Architecture"": ""AGP / ISA / PCI""}, ""Expansions"": {""Details"": [""3 Socket(s)""]}, ""CPU / Chipsets"": {""Details"": [""AMD K7 (N/A)""]}, ""Upgrade Path"": {""Details"": [""Virtually any configuration up to 1.5GB can be reached using any combination of Kingston's 256 and 512MB modules.""]}}",4,extracted
Kingston,ABIT- KR7A-133 Motherboard,https://www.kingston.com/en/memory/search/discontinuedmodel/13847/abit-kr7a-133-motherboard,KR7A-133 Motherboard,ABIT - KR7A-133 Motherboard,Motherboard,"[""AMD Athlon VIA Apollo KT266A (VT8366A)"", ""AMD Athlon XP VIA Apollo KT266A (VT8366A)"", ""AMD Duron VIA Apollo KT266A (VT8366A)""]",Standard: 0 MB (Removable); Maximum: 3 GB,Bus Architecture: PCI,,"[""4 Socket(s)""]","[""Virtually any configuration up to 3GB can be reached using any combination of Kingston's 512MB and 1GB modules.""]",,"{""Memory"": {""Standard"": ""0 MB (Removable)"", ""Maximum"": ""3 GB""}, ""Storage"": {""Bus Architecture"": ""PCI""}, ""Expansions"": {""Details"": [""4 Socket(s)""]}, ""CPU / Chipsets"": {""Details"": [""AMD Athlon VIA Apollo KT266A (VT8366A)"", ""AMD Athlon XP VIA Apollo KT266A (VT8366A)"", ""AMD Duron VIA Apollo KT266A (VT8366A)""]}, ""Upgrade Path"": {""Details"": [""Virtually any configuration up to 3GB can be reached using any combination of Kingston's 512MB and 1GB modules.""]}}",4,extracted
Kingston,ABIT- IX38 QuadGT Motherboard,https://www.kingston.com/en/memory/search/model/41854/abit-ix38-quadgt-motherboard,IX38 QuadGT Motherboard,ABIT - IX38 QuadGT Motherboard,Motherboard,"[""Intel Core 2 Duo Intel X38""]",Standard: 0 MB (Removable); Maximum: 8 GB,Bus Architecture: PCI / PCI Express / SSD - SATA 2.5-inch 9.5mm,,"[""4 Socket(s)""]","[""Virtually any configuration up to 8GB can be reached using any combination of Kingston's 512MB and 1GB modules.""]",,"{""Memory"": {""Standard"": ""0 MB (Removable)"", ""Maximum"": ""8 GB""}, ""Storage"": {""Bus Architecture"": ""PCI / PCI Express / SSD - SATA 2.5-inch 9.5mm""}, ""Expansions"": {""Details"": [""4 Socket(s)""]}, ""CPU / Chipsets"": {""Details"": [""Intel Core 2 Duo Intel X38""]}, ""Upgrade Path"": {""Details"": [""Virtually any configuration up to 8GB can be reached using any combination of Kingston's 512MB and 1GB modules.""]}}",59,extracted
Kingston,ABIT- AX8 Motherboard,https://www.kingston.com/en/memory/search/discontinuedmodel/20435/abit-ax8-motherboard,AX8 Motherboard,ABIT - AX8 Motherboard,Motherboard,"[""AMD Athlon 64 VIA K8T890"", ""AMD Athlon 64 FX (939-pin) VIA K8T890""]",Standard: 0 MB (Removable); Maximum: 2.5 GB using 400MHz DDR modules / 4 GB using 333MHz or 266MHz DDR modules / 8 GB using 2GB modules,Bus Architecture: PCI / PCI Express,,"[""4 Socket(s)""]",Using 333MHz or 266MHz DDR modules:: Virtually any configuration up to 4GB can be reached using any combination of Kingston's 512MB and 1GB modules.,"[""MODULES MUST BE ORDERED AND INSTALLED IN PAIRS for Dual Channel mode. Kingston offers 'K2' kit part numbers for Dual Channel mode."", ""This system supports six ranks of DDR400 memory. 1GB and 512MB modules are dual-rank, 256 and 128MB modules are single-rank. Maximum configuration is achieved with two 1GB and two 256MB modules.""]","{""Memory"": {""Standard"": ""0 MB (Removable)"", ""Maximum"": ""2.5 GB using 400MHz DDR modules / 4 GB using 333MHz or 266MHz DDR modules / 8 GB using 2GB modules""}, ""Storage"": {""Bus Architecture"": ""PCI / PCI Express""}, ""Expansions"": {""Details"": [""4 Socket(s)""]}, ""CPU / Chipsets"": {""Details"": [""AMD Athlon 64 VIA K8T890"", ""AMD Athlon 64 FX (939-pin) VIA K8T890""]}, ""Upgrade Path"": {""Using 333MHz or 266MHz DDR modules:"": ""Virtually any configuration up to 4GB can be reached using any combination of Kingston's 512MB and 1GB modules.""}, ""Important Configuration Notes"": {""Details"": [""MODULES MUST BE ORDERED AND INSTALLED IN PAIRS for Dual Channel mode. Kingston offers 'K2' kit part numbers for Dual Channel mode."", ""This system supports six ranks of DDR400 memory. 1GB and 512MB modules are dual-rank, 256 and 128MB modules are single-rank. Maximum configuration is achieved with two 1GB and two 256MB modules.""]}}",22,extracted
Kingston,ABIT- SI-2P Motherboard,https://www.kingston.com/en/memory/search/discontinuedmodel/13439/abit-si-2p-motherboard,SI-2P Motherboard,ABIT - SI-2P Motherboard,Motherboard,"[""Intel Xeon Intel E7500 (Plumas-400)""]",Standard: 0 MB (Removable); Maximum: 12 GB,Bus Architecture: PCI,,"[""6 Socket(s)""]","[""Virtually any configuration up to 12GB can be reached using Kingston's 1 and 2GB modules IN PAIRS.""]",,"{""Memory"": {""Standard"": ""0 MB (Removable)"", ""Maximum"": ""12 GB""}, ""Storage"": {""Bus Architecture"": ""PCI""}, ""Expansions"": {""Details"": [""6 Socket(s)""]}, ""CPU / Chipsets"": {""Details"": [""Intel Xeon Intel E7500 (Plumas-400)""]}, ""Upgrade Path"": {""Details"": [""Virtually any configuration up to 12GB can be reached using Kingston's 1 and 2GB modules IN PAIRS.""]}}",5,extracted
Kingston,ABIT- KG7/KG7-RAID Motherboard,https://www.kingston.com/en/memory/search/discontinuedmodel/11160/abit-kg7-kg7-raid-motherboard,KG7/KG7-RAID Motherboard,ABIT - KG7/KG7-RAID Motherboard,Motherboard,"[""AMD Athlon AMD 761""]",Standard: 0 MB (Non-removable); Maximum: 4 GB,Bus Architecture: AGP / PCI,,"[""4 Socket(s)""]","[""Virtually any configuration up to 4GB can be reached using any comnbination of Kingston's 512MB and 1GB modules.""]",,"{""Memory"": {""Standard"": ""0 MB (Non-removable)"", ""Maximum"": ""4 GB""}, ""Storage"": {""Bus Architecture"": ""AGP / PCI""}, ""Expansions"": {""Details"": [""4 Socket(s)""]}, ""CPU / Chipsets"": {""Details"": [""AMD Athlon AMD 761""]}, ""Upgrade Path"": {""Details"": [""Virtually any configuration up to 4GB can be reached using any comnbination of Kingston's 512MB and 1GB modules.""]}}",6,extracted
Kingston,ABIT- KV8 Motherboard,https://www.kingston.com/en/memory/search/model/19079/abit-kv8-motherboard,KV8 Motherboard,ABIT - KV8 Motherboard,Motherboard,"[""AMD Athlon 64 VIA Apollo K8T800 (VT8385)""]",Standard: 0 MB (Removable); Maximum: 2 GB using 400MHz DDR modules / 3 GB using 333MHz DDR modules,Bus Architecture: SSD - SATA 3.5-inch,,"[""3 Socket(s)""]",Using 400MHz DDR modules:: Virtually any configuration up to 2GB can be reached using any combination of Kingston's 512MB and 1GB modules.; Using 333MHz DDR modules:: Virtually any configuration up to 3GB can be reached using any combination of Kingston's 512MB and 1GB modules.,"[""This system only supports 4 banks of DDR400 memory. If two double-sided DIMMs are used, the 3rd socket is disabled."", ""Although it is physically possible to install more memory, the system will only recognize 2GB maximum."", ""This motherboard supports both ECC and non-ECC memory. When mixing ECC and non-ECC modules, the system will not perform the ECC function.""]","{""Memory"": {""Standard"": ""0 MB (Removable)"", ""Maximum"": ""2 GB using 400MHz DDR modules / 3 GB using 333MHz DDR modules""}, ""Storage"": {""Bus Architecture"": ""SSD - SATA 3.5-inch""}, ""Expansions"": {""Details"": [""3 Socket(s)""]}, ""CPU / Chipsets"": {""Details"": [""AMD Athlon 64 VIA Apollo K8T800 (VT8385)""]}, ""Upgrade Path"": {""Using 400MHz DDR modules:"": ""Virtually any configuration up to 2GB can be reached using any combination of Kingston's 512MB and 1GB modules."", ""Using 333MHz DDR modules:"": ""Virtually any configuration up to 3GB can be reached using any combination of Kingston's 512MB and 1GB modules.""}, ""Important Configuration Notes"": {""Details"": [""This system only supports 4 banks of DDR400 memory. If two double-sided DIMMs are used, the 3rd socket is disabled."", ""Although it is physically possible to install more memory, the system will only recognize 2GB maximum."", ""This motherboard supports both ECC and non-ECC memory. When mixing ECC and non-ECC modules, the system will not perform the ECC function.""]}}",51,extracted
Kingston,ABIT- GD8-V Motherboard,https://www.kingston.com/en/memory/search/discontinuedmodel/22713/abit-gd8-v-motherboard,GD8-V Motherboard,ABIT - GD8-V Motherboard,Motherboard,"[""Intel Celeron D Intel 915P"", ""Intel Pentium 4 Intel 915P""]",Standard: 0 MB (Removable); Maximum: 4 GB,Bus Architecture: PCI / PCI Express,,"[""4 Socket(s)""]","[""Virtually any configuration up to 4GB can be reached using any combination of Kingston's 512MB and 1GB modules.""]",,"{""Memory"": {""Standard"": ""0 MB (Removable)"", ""Maximum"": ""4 GB""}, ""Storage"": {""Bus Architecture"": ""PCI / PCI Express""}, ""Expansions"": {""Details"": [""4 Socket(s)""]}, ""CPU / Chipsets"": {""Details"": [""Intel Celeron D Intel 915P"", ""Intel Pentium 4 Intel 915P""]}, ""Upgrade Path"": {""Details"": [""Virtually any configuration up to 4GB can be reached using any combination of Kingston's 512MB and 1GB modules.""]}}",16,extracted
Kingston,ABIT- KV7 Motherboard,https://www.kingston.com/en/memory/search/model/16549/abit-kv7-motherboard,KV7 Motherboard,ABIT - KV7 Motherboard,Motherboard,"[""AMD Athlon XP VIA Apollo KT600""]",Standard: 0 MB (Removable); Maximum: 2 GB using 400MHz or 333MHz DDR modules / 3 GB using 266MHz DDR modules,Bus Architecture: SSD - SATA 3.5-inch,,"[""3 Socket(s)""]",Using 400MHz or 333MHz DDR modules:: Virtually any configuration up to 2GB can be reached using any combination of Kingston's 512MB and 1GB modules.; Using 266MHz DDR modules:: Virtually any configuration up to 3GB can be reached using any combination of Kingston's 512MB and 1GB modules.,,"{""Memory"": {""Standard"": ""0 MB (Removable)"", ""Maximum"": ""2 GB using 400MHz or 333MHz DDR modules / 3 GB using 266MHz DDR modules""}, ""Storage"": {""Bus Architecture"": ""SSD - SATA 3.5-inch""}, ""Expansions"": {""Details"": [""3 Socket(s)""]}, ""CPU / Chipsets"": {""Details"": [""AMD Athlon XP VIA Apollo KT600""]}, ""Upgrade Path"": {""Using 400MHz or 333MHz DDR modules:"": ""Virtually any configuration up to 2GB can be reached using any combination of Kingston's 512MB and 1GB modules."", ""Using 266MHz DDR modules:"": ""Virtually any configuration up to 3GB can be reached using any combination of Kingston's 512MB and 1GB modules.""}}",48,extracted
Kingston,ABIT- AN8-V Motherboard,https://www.kingston.com/en/memory/search/discontinuedmodel/22716/abit-an8-v-motherboard,AN8-V Motherboard,ABIT - AN8-V Motherboard,Motherboard,"[""AMD Athlon 64 Nvidia nForce4 Ultra"", ""AMD Athlon 64 FX (939-pin) Nvidia nForce4 Ultra""]",Standard: 0 MB (Removable); Maximum: 2 GB using 400MHz DDR modules / 4 GB using 333MHz or 266MHz DDR modules,Bus Architecture: PCI / PCI Express,,"[""4 Socket(s)""]",Using 333MHz DDR Modules:: Virtually any configuration up to 4GB can be reached using any combination of Kingston's 512MB and 1GB modules.,,"{""Memory"": {""Standard"": ""0 MB (Removable)"", ""Maximum"": ""2 GB using 400MHz DDR modules / 4 GB using 333MHz or 266MHz DDR modules""}, ""Storage"": {""Bus Architecture"": ""PCI / PCI Express""}, ""Expansions"": {""Details"": [""4 Socket(s)""]}, ""CPU / Chipsets"": {""Details"": [""AMD Athlon 64 Nvidia nForce4 Ultra"", ""AMD Athlon 64 FX (939-pin) Nvidia nForce4 Ultra""]}, ""Upgrade Path"": {""Using 333MHz DDR Modules:"": ""Virtually any configuration up to 4GB can be reached using any combination of Kingston's 512MB and 1GB modules.""}}",20,extracted
Kingston,ABIT- A-N68SV Motherboard,https://www.kingston.com/en/memory/search/model/42687/abit-a-n68sv-motherboard,A-N68SV Motherboard,ABIT - A-N68SV Motherboard,Motherboard,"[""AMD Opteron (AM2) Nvidia GeForce 7025""]",Standard: 0 MB (Removable); Maximum: 4 GB,Bus Architecture: USB 2.0/3.x Type-A / SSD - SATA 2.5-inch 9.5mm,,"[""2 Socket(s)""]","[""Virtually any configuration up to 4GB can be reached using any combination of Kingston's 512MB, 1GB or 2GB modules.""]","[""MODULES MUST BE ORDERED AND INSTALLED IN PAIRS for Dual Channel mode. Kingston offers 'K2' kit part numbers for Dual Channel mode."", "".""]","{""Memory"": {""Standard"": ""0 MB (Removable)"", ""Maximum"": ""4 GB""}, ""Storage"": {""Bus Architecture"": ""USB 2.0/3.x Type-A / SSD - SATA 2.5-inch 9.5mm""}, ""Expansions"": {""Details"": [""2 Socket(s)""]}, ""CPU / Chipsets"": {""Details"": [""AMD Opteron (AM2) Nvidia GeForce 7025""]}, ""Upgrade Path"": {""Details"": [""Virtually any configuration up to 4GB can be reached using any combination of Kingston's 512MB, 1GB or 2GB modules.""]}, ""Important Configuration Notes"": {""Details"": [""MODULES MUST BE ORDERED AND INSTALLED IN PAIRS for Dual Channel mode. Kingston offers 'K2' kit part numbers for Dual Channel mode."", "".""]}}",81,extracted
Kingston,ABIT- AL8 Motherboard,https://www.kingston.com/en/memory/search/discontinuedmodel/24052/abit-al8-motherboard,AL8 Motherboard,ABIT - AL8 Motherboard,Motherboard,"[""Intel Pentium 4 Intel 945P"", ""Intel Pentium D Intel 945P""]",Standard: 0 MB (Removable); Maximum: 4 GB,Bus Architecture: PCI Express,,"[""4 Socket(s)""]","[""Virtually any configuration up to 4GB can be reached using any combination of Kingston's 512MB and 1GB modules or kits.""]",,"{""Memory"": {""Standard"": ""0 MB (Removable)"", ""Maximum"": ""4 GB""}, ""Storage"": {""Bus Architecture"": ""PCI Express""}, ""Expansions"": {""Details"": [""4 Socket(s)""]}, ""CPU / Chipsets"": {""Details"": [""Intel Pentium 4 Intel 945P"", ""Intel Pentium D Intel 945P""]}, ""Upgrade Path"": {""Details"": [""Virtually any configuration up to 4GB can be reached using any combination of Kingston's 512MB and 1GB modules or kits.""]}}",12,extracted
Kingston,ABIT- AN8-3rd Eye Motherboard,https://www.kingston.com/en/memory/search/discontinuedmodel/22717/abit-an8-3rd-eye-motherboard,AN8-3rd Eye Motherboard,ABIT - AN8-3rd Eye Motherboard,Motherboard,"[""AMD Athlon 64 Nvidia nForce4 Ultra"", ""AMD Athlon 64 FX (939-pin) Nvidia nForce4 Ultra""]",Standard: 0 MB (Removable); Maximum: 2 GB using 400MHz DDR modules / 4 GB using 333MHz or 266MHz DDR modules,Bus Architecture: PCI / PCI Express,,"[""4 Socket(s)""]",Using 333MHz DDR Modules:: Virtually any configuration up to 4GB can be reached using any combination of Kingston's 512MB and 1GB modules.,,"{""Memory"": {""Standard"": ""0 MB (Removable)"", ""Maximum"": ""2 GB using 400MHz DDR modules / 4 GB using 333MHz or 266MHz DDR modules""}, ""Storage"": {""Bus Architecture"": ""PCI / PCI Express""}, ""Expansions"": {""Details"": [""4 Socket(s)""]}, ""CPU / Chipsets"": {""Details"": [""AMD Athlon 64 Nvidia nForce4 Ultra"", ""AMD Athlon 64 FX (939-pin) Nvidia nForce4 Ultra""]}, ""Upgrade Path"": {""Using 333MHz DDR Modules:"": ""Virtually any configuration up to 4GB can be reached using any combination of Kingston's 512MB and 1GB modules.""}}",20,extracted
Kingston,ABIT- KA7-100 Motherboard,https://www.kingston.com/en/memory/search/discontinuedmodel/10139/abit-ka7-100-motherboard,KA7-100 Motherboard,ABIT - KA7-100 Motherboard,Motherboard,"[""AMD Athlon (N/A)""]",Standard: 0 MB (Removable); Maximum: 2 GB,Bus Architecture: AGP / ISA / PCI,,"[""4 Socket(s)""]","[""Virtually any configuration up to 2GB can be reached using any combination of Kingston's 256 and 512MB modules.""]",,"{""Memory"": {""Standard"": ""0 MB (Removable)"", ""Maximum"": ""2 GB""}, ""Storage"": {""Bus Architecture"": ""AGP / ISA / PCI""}, ""Expansions"": {""Details"": [""4 Socket(s)""]}, ""CPU / Chipsets"": {""Details"": [""AMD Athlon (N/A)""]}, ""Upgrade Path"": {""Details"": [""Virtually any configuration up to 2GB can be reached using any combination of Kingston's 256 and 512MB modules.""]}}",8,extracted
Kingston,ABIT- I-N73HD Motherboard,https://www.kingston.com/en/memory/search/model/42704/abit-i-n73hd-motherboard,I-N73HD Motherboard,ABIT - I-N73HD Motherboard,Motherboard,"[""Intel Core 2 Duo Nvidia GeForce 7100"", ""Intel Core 2 Extreme Nvidia GeForce 7100"", ""Intel Core 2 Quad Nvidia GeForce 7100"", ""Intel Pentium Dual Core Nvidia GeForce 7100""]",Standard: 0 MB (Removable); Maximum: 4 GB,Bus Architecture: PCI / PCI Express / SSD - SATA 2.5-inch 9.5mm,,"[""2 Socket(s)""]","[""Virtually any configuration up to 4GB can be reached using any combination of Kingston's 1 and 2GB modules or kits.""]",,"{""Memory"": {""Standard"": ""0 MB (Removable)"", ""Maximum"": ""4 GB""}, ""Storage"": {""Bus Architecture"": ""PCI / PCI Express / SSD - SATA 2.5-inch 9.5mm""}, ""Expansions"": {""Details"": [""2 Socket(s)""]}, ""CPU / Chipsets"": {""Details"": [""Intel Core 2 Duo Nvidia GeForce 7100"", ""Intel Core 2 Extreme Nvidia GeForce 7100"", ""Intel Core 2 Quad Nvidia GeForce 7100"", ""Intel Pentium Dual Core Nvidia GeForce 7100""]}, ""Upgrade Path"": {""Details"": [""Virtually any configuration up to 4GB can be reached using any combination of Kingston's 1 and 2GB modules or kits.""]}}",43,extracted
Kingston,ABIT- SI-Ns60 Motherboard,https://www.kingston.com/en/memory/search/discontinuedmodel/19488/abit-si-ns60-motherboard,SI-Ns60 Motherboard,ABIT - SI-Ns60 Motherboard,Motherboard,"[""Intel Pentium 4 Intel 845GV""]",Standard: 0 MB (Removable); Maximum: 2 GB,Bus Architecture: PCI,,"[""2 Socket(s)""]","[""Virtually any configuration up to 2GB can be reached using any combination of Kingston's 512MB and 1GB modules.""]",,"{""Memory"": {""Standard"": ""0 MB (Removable)"", ""Maximum"": ""2 GB""}, ""Storage"": {""Bus Architecture"": ""PCI""}, ""Expansions"": {""Details"": [""2 Socket(s)""]}, ""CPU / Chipsets"": {""Details"": [""Intel Pentium 4 Intel 845GV""]}, ""Upgrade Path"": {""Details"": [""Virtually any configuration up to 2GB can be reached using any combination of Kingston's 512MB and 1GB modules.""]}}",8,extracted
Kingston,ABIT- SI-2Ps Motherboard,https://www.kingston.com/en/memory/search/discontinuedmodel/19629/abit-si-2ps-motherboard,SI-2Ps Motherboard,ABIT - SI-2Ps Motherboard,Motherboard,"[""Intel Xeon Intel E7501 (Plumas-533)""]",Standard: 0 MB (Removable); Maximum: 8 GB,Bus Architecture: PCI,,"[""4 Socket(s)""]","[""Virtually any configuration up to 8GB can be reached using Kingston's 1 and 2GB modules IN PAIRS.""]",,"{""Memory"": {""Standard"": ""0 MB (Removable)"", ""Maximum"": ""8 GB""}, ""Storage"": {""Bus Architecture"": ""PCI""}, ""Expansions"": {""Details"": [""4 Socket(s)""]}, ""CPU / Chipsets"": {""Details"": [""Intel Xeon Intel E7501 (Plumas-533)""]}, ""Upgrade Path"": {""Details"": [""Virtually any configuration up to 8GB can be reached using Kingston's 1 and 2GB modules IN PAIRS.""]}}",5,extracted
Kingston,ABIT- GD8-MV Motherboard,https://www.kingston.com/en/memory/search/discontinuedmodel/22712/abit-gd8-mv-motherboard,GD8-MV Motherboard,ABIT - GD8-MV Motherboard,Motherboard,"[""Intel Celeron D Intel 915G"", ""Intel Pentium 4 Intel 915G""]",Standard: 0 MB (Removable); Maximum: 4 GB,Bus Architecture: PCI / PCI Express,,"[""4 Socket(s)""]","[""Virtually any configuration up to 4GB can be reached using any combination of Kingston's 512MB and 1GB modules.""]",,"{""Memory"": {""Standard"": ""0 MB (Removable)"", ""Maximum"": ""4 GB""}, ""Storage"": {""Bus Architecture"": ""PCI / PCI Express""}, ""Expansions"": {""Details"": [""4 Socket(s)""]}, ""CPU / Chipsets"": {""Details"": [""Intel Celeron D Intel 915G"", ""Intel Pentium 4 Intel 915G""]}, ""Upgrade Path"": {""Details"": [""Virtually any configuration up to 4GB can be reached using any combination of Kingston's 512MB and 1GB modules.""]}}",16,extracted
Kingston,ABIT- KN8 Ultra Motherboard,https://www.kingston.com/en/memory/search/discontinuedmodel/25198/abit-kn8-ultra-motherboard,KN8 Ultra Motherboard,ABIT - KN8 Ultra Motherboard,Motherboard,"[""AMD Athlon 64 Nvidia nForce4"", ""AMD Athlon 64 FX (939-pin) Nvidia nForce4"", ""AMD Athlon 64 X2 Nvidia nForce4""]",Standard: 0 MB (Removable); Maximum: 2 GB with current Kingston 400MHz DDR modules / 4 GB with release of 1GB single rank 400MHz module,Bus Architecture: PCI / PCI Express,,"[""4 Socket(s)""]",,"[""MODULES MUST BE ORDERED AND INSTALLED IN PAIRS for Dual Channel mode."", ""Kingston offers 'K2' kit part numbers for Dual Channel mode."", ""This motherboard only supports 4 ranks of DDR400 memory. If two double-ranked DIMMs are used, the 3rd and 4th sockets are disabled.""]","{""Memory"": {""Standard"": ""0 MB (Removable)"", ""Maximum"": ""2 GB with current Kingston 400MHz DDR modules / 4 GB with release of 1GB single rank 400MHz module""}, ""Storage"": {""Bus Architecture"": ""PCI / PCI Express""}, ""Expansions"": {""Details"": [""4 Socket(s)""]}, ""CPU / Chipsets"": {""Details"": [""AMD Athlon 64 Nvidia nForce4"", ""AMD Athlon 64 FX (939-pin) Nvidia nForce4"", ""AMD Athlon 64 X2 Nvidia nForce4""]}, ""Important Configuration Notes"": {""Details"": [""MODULES MUST BE ORDERED AND INSTALLED IN PAIRS for Dual Channel mode."", ""Kingston offers 'K2' kit part numbers for Dual Channel mode."", ""This motherboard only supports 4 ranks of DDR400 memory. If two double-ranked DIMMs are used, the 3rd and 4th sockets are disabled.""]}}",7,extracted
Kingston,ABIT- GD8-M Motherboard,https://www.kingston.com/en/memory/search/discontinuedmodel/22710/abit-gd8-m-motherboard,GD8-M Motherboard,ABIT - GD8-M Motherboard,Motherboard,"[""Intel Celeron D Intel 915G"", ""Intel Pentium 4 Intel 915G""]",Standard: 0 MB (Removable); Maximum: 4 GB,Bus Architecture: PCI / PCI Express,,"[""4 Socket(s)""]","[""Virtually any configuration up to 4GB can be reached using any combination of Kingston's 512MB and 1GB modules.""]",,"{""Memory"": {""Standard"": ""0 MB (Removable)"", ""Maximum"": ""4 GB""}, ""Storage"": {""Bus Architecture"": ""PCI / PCI Express""}, ""Expansions"": {""Details"": [""4 Socket(s)""]}, ""CPU / Chipsets"": {""Details"": [""Intel Celeron D Intel 915G"", ""Intel Pentium 4 Intel 915G""]}, ""Upgrade Path"": {""Details"": [""Virtually any configuration up to 4GB can be reached using any combination of Kingston's 512MB and 1GB modules.""]}}",16,extracted
Kingston,ABIT- Fatal1ty AN8 Motherboard,https://www.kingston.com/en/memory/search/discontinuedmodel/19487/abit-fatal1ty-an8-motherboard,Fatal1ty AN8 Motherboard,ABIT - Fatal1ty AN8 Motherboard,Motherboard,"[""AMD Athlon 64 Nvidia nForce4 Ultra"", ""AMD Athlon 64 FX (939-pin) Nvidia nForce4 Ultra""]",Standard: 0 MB (Removable); Maximum: 2 GB using 400MHz DDR modules / 4 GB using 333MHz or 266MHz DDR modules,Bus Architecture: PCI / PCI Express,,"[""4 Socket(s)""]",Using 333MHz DDR Modules:: Virtually any configuration up to 4GB can be reached using any combination of Kingston's 512MB and 1GB modules.,,"{""Memory"": {""Standard"": ""0 MB (Removable)"", ""Maximum"": ""2 GB using 400MHz DDR modules / 4 GB using 333MHz or 266MHz DDR modules""}, ""Storage"": {""Bus Architecture"": ""PCI / PCI Express""}, ""Expansions"": {""Details"": [""4 Socket(s)""]}, ""CPU / Chipsets"": {""Details"": [""AMD Athlon 64 Nvidia nForce4 Ultra"", ""AMD Athlon 64 FX (939-pin) Nvidia nForce4 Ultra""]}, ""Upgrade Path"": {""Using 333MHz DDR Modules:"": ""Virtually any configuration up to 4GB can be reached using any combination of Kingston's 512MB and 1GB modules.""}}",20,extracted
Kingston,ABIT- AG8-V Motherboard,https://www.kingston.com/en/memory/search/discontinuedmodel/19628/abit-ag8-v-motherboard,AG8-V Motherboard,ABIT - AG8-V Motherboard,Motherboard,"[""Intel Pentium 4 Intel 915P""]",Standard: 0 MB (Removable); Maximum: 4 GB,Bus Architecture: PCI Express,,"[""4 Socket(s)""]","[""Virtually any configuration up to 4GB can be reached using any combination of Kingston's 512MB and 1GB modules.""]","[""MODULES MUST BE ORDERED AND INSTALLED IN PAIRS for Dual Channel mode."", ""Kingston offers 'K2' kit part numbers for Dual Channel mode.""]","{""Memory"": {""Standard"": ""0 MB (Removable)"", ""Maximum"": ""4 GB""}, ""Storage"": {""Bus Architecture"": ""PCI Express""}, ""Expansions"": {""Details"": [""4 Socket(s)""]}, ""CPU / Chipsets"": {""Details"": [""Intel Pentium 4 Intel 915P""]}, ""Upgrade Path"": {""Details"": [""Virtually any configuration up to 4GB can be reached using any combination of Kingston's 512MB and 1GB modules.""]}, ""Important Configuration Notes"": {""Details"": [""MODULES MUST BE ORDERED AND INSTALLED IN PAIRS for Dual Channel mode."", ""Kingston offers 'K2' kit part numbers for Dual Channel mode.""]}}",16,extracted
Kingston,ABIT- BD7III Motherboard,https://www.kingston.com/en/memory/search/discontinuedmodel/17155/abit-bd7iii-motherboard,BD7III Motherboard,ABIT - BD7III Motherboard,Motherboard,"[""Intel Pentium 4 Intel 845E""]",Standard: 0 MB (Removable); Maximum: 2 GB,Bus Architecture: AGP / PCI,,"[""2 Socket(s)""]","[""Virtually any configuration up to 2GB can be reached using any combination of Kingston's 512MB and 1GB modules.""]",,"{""Memory"": {""Standard"": ""0 MB (Removable)"", ""Maximum"": ""2 GB""}, ""Storage"": {""Bus Architecture"": ""AGP / PCI""}, ""Expansions"": {""Details"": [""2 Socket(s)""]}, ""CPU / Chipsets"": {""Details"": [""Intel Pentium 4 Intel 845E""]}, ""Upgrade Path"": {""Details"": [""Virtually any configuration up to 2GB can be reached using any combination of Kingston's 512MB and 1GB modules.""]}}",4,extracted
Kingston,ABIT- TH7/TH7-RAID Motherboard,https://www.kingston.com/en/memory/search/discontinuedmodel/10777/abit-th7-th7-raid-motherboard,TH7/TH7-RAID Motherboard,ABIT - TH7/TH7-RAID Motherboard,Motherboard,"[""Intel Pentium 4 Intel 850""]",Standard: 0 MB (Removable); Maximum: 2 GB,Bus Architecture: AGP / PCI,,"[""2 Socket(s)""]","[""Virtually any configuration up to 2GB can be reached using Kingston's 512MB modules IN PAIRS.""]",,"{""Memory"": {""Standard"": ""0 MB (Removable)"", ""Maximum"": ""2 GB""}, ""Storage"": {""Bus Architecture"": ""AGP / PCI""}, ""Expansions"": {""Details"": [""2 Socket(s)""]}, ""CPU / Chipsets"": {""Details"": [""Intel Pentium 4 Intel 850""]}, ""Upgrade Path"": {""Details"": [""Virtually any configuration up to 2GB can be reached using Kingston's 512MB modules IN PAIRS.""]}}",7,extracted
Kingston,ABIT- BF6 Motherboard,https://www.kingston.com/en/memory/search/discontinuedmodel/9780/abit-bf6-motherboard,BF6 Motherboard,ABIT - BF6 Motherboard,Motherboard,"[""Intel Pentium III (N/A)""]",Standard: 0 MB (Removable); Maximum: 768 MB,Bus Architecture: AGP / ISA / PCI,,"[""3 Socket(s)""]","[""Virtually any configuration up to 768MB can be reached using Kingston's 256MB modules.""]",,"{""Memory"": {""Standard"": ""0 MB (Removable)"", ""Maximum"": ""768 MB""}, ""Storage"": {""Bus Architecture"": ""AGP / ISA / PCI""}, ""Expansions"": {""Details"": [""3 Socket(s)""]}, ""CPU / Chipsets"": {""Details"": [""Intel Pentium III (N/A)""]}, ""Upgrade Path"": {""Details"": [""Virtually any configuration up to 768MB can be reached using Kingston's 256MB modules.""]}}",6,extracted
Kingston,ABIT- BE6-II Motherboard,https://www.kingston.com/en/memory/search/discontinuedmodel/9792/abit-be6-ii-motherboard,BE6-II Motherboard,ABIT - BE6-II Motherboard,Motherboard,"[""Intel Pentium III (N/A)""]",Standard: 0 MB (Removable); Maximum: 768 MB,Bus Architecture: AGP / ISA / PCI,,"[""3 Socket(s)""]","[""Virtually any configuration up to 768MB can be reached using Kingston's 256MB modules.""]",,"{""Memory"": {""Standard"": ""0 MB (Removable)"", ""Maximum"": ""768 MB""}, ""Storage"": {""Bus Architecture"": ""AGP / ISA / PCI""}, ""Expansions"": {""Details"": [""3 Socket(s)""]}, ""CPU / Chipsets"": {""Details"": [""Intel Pentium III (N/A)""]}, ""Upgrade Path"": {""Details"": [""Virtually any configuration up to 768MB can be reached using Kingston's 256MB modules.""]}}",6,extracted
Kingston,ABIT- AW8D Motherboard,https://www.kingston.com/en/memory/search/model/29919/abit-aw8d-motherboard,AW8D Motherboard,ABIT - AW8D Motherboard,Motherboard,"[""Intel Pentium 4 Intel 975X""]",Standard: 0 MB (Removable); Maximum: 8 GB,Bus Architecture: PCI Express / SSD - SATA 2.5-inch 9.5mm,,"[""4 Socket(s)""]","[""Any combination of Kingston's 512MB, 1 and 2GB modules can be installed to reach configurations up to 8GB.""]","[""MODULES MUST BE ORDERED AND INSTALLED IN PAIRS for Dual Channel mode."", ""Kingston offers 'K2' kit part numbers for Dual Channel mode.""]","{""Memory"": {""Standard"": ""0 MB (Removable)"", ""Maximum"": ""8 GB""}, ""Storage"": {""Bus Architecture"": ""PCI Express / SSD - SATA 2.5-inch 9.5mm""}, ""Expansions"": {""Details"": [""4 Socket(s)""]}, ""CPU / Chipsets"": {""Details"": [""Intel Pentium 4 Intel 975X""]}, ""Upgrade Path"": {""Details"": [""Any combination of Kingston's 512MB, 1 and 2GB modules can be installed to reach configurations up to 8GB.""]}, ""Important Configuration Notes"": {""Details"": [""MODULES MUST BE ORDERED AND INSTALLED IN PAIRS for Dual Channel mode."", ""Kingston offers 'K2' kit part numbers for Dual Channel mode.""]}}",50,extracted
Kingston,ABIT- LP-81 Motherboard,https://www.kingston.com/en/memory/search/model/24319/abit-lp-81-motherboard,LP-81 Motherboard,ABIT - LP-81 Motherboard,Motherboard,"[""Intel Pentium 4 Intel 945P"", ""Intel Pentium D Intel 945P""]",Standard: 0 MB (Removable); Maximum: 2 GB,Bus Architecture: PCI / PCI Express / SSD - SATA 2.5-inch 9.5mm,,"[""2 Socket(s)""]","[""Virtually any configuration up to 2GB can be reached using any combination of Kingston's 512MB and 1GB modules.""]","[""MODULES MUST BE ORDERED AND INSTALLED IN PAIRS for Dual Channel mode."", ""Kingston offers 'K2' kit part numbers for Dual Channel mode.""]","{""Memory"": {""Standard"": ""0 MB (Removable)"", ""Maximum"": ""2 GB""}, ""Storage"": {""Bus Architecture"": ""PCI / PCI Express / SSD - SATA 2.5-inch 9.5mm""}, ""Expansions"": {""Details"": [""2 Socket(s)""]}, ""CPU / Chipsets"": {""Details"": [""Intel Pentium 4 Intel 945P"", ""Intel Pentium D Intel 945P""]}, ""Upgrade Path"": {""Details"": [""Virtually any configuration up to 2GB can be reached using any combination of Kingston's 512MB and 1GB modules.""]}, ""Important Configuration Notes"": {""Details"": [""MODULES MUST BE ORDERED AND INSTALLED IN PAIRS for Dual Channel mode."", ""Kingston offers 'K2' kit part numbers for Dual Channel mode.""]}}",49,extracted
